adm_cd,adm_nm,cntr_dist_avg,cntr_dist_median,dispatch_delay_avg,dispatch_delay_median,fire_count_raw,death_cnt,injury_cnt
1165066000,서울특별시 서초구 내곡동,4.044927536231884,4.0,6.170772946859904,5.55,69,0,5
1162074500,서울특별시 관악구 삼성동,3.510958904109589,3.0,5.581018518518518,4.983333333333333,73,0,3
1159063000,서울특별시 동작구 사당2동,3.481512605042017,3.0,5.298039215686274,4.85,119,1,6
1162063000,서울특별시 관악구 남현동,3.4554347826086955,4.0,5.265398550724638,4.591666666666667,92,1,4
1165057000,서울특별시 서초구 반포2동,3.3125,2.0,4.064666666666667,4.0,26,0,2
1150062000,서울특별시 강서구 공항동,3.28411214953271,3.0,5.557339449541284,4.433333333333334,109,0,11
1171064700,서울특별시 송파구 위례동,3.1816326530612247,3.0,4.858503401360544,4.833333333333333,49,0,0
1165054000,서울특별시 서초구 잠원동,3.1316326530612244,3.0,5.251530612244898,4.941666666666666,98,0,8
1174051500,서울특별시 강동구 강일동,3.067142857142857,3.0,5.699999999999999,4.966666666666667,72,1,6
1150057000,서울특별시 강서구 화곡4동,3.0208333333333335,3.0,6.193518518518519,5.0,72,3,5
1165065100,서울특별시 서초구 양재1동,3.0007407407407407,3.0,5.29358024691358,4.483333333333333,135,0,8
1171051000,서울특별시 송파구 풍납1동,2.948717948717949,3.0,3.81965811965812,3.7,39,2,2
1171056200,서울특별시 송파구 방이2동,2.9411042944785275,3.0,4.616053169734151,4.666666666666667,163,0,12
1120079000,서울특별시 성동구 용답동,2.9135593220338984,3.0,4.025498575498576,4.0,118,0,9
1171069000,서울특별시 송파구 잠실4동,2.911111111111111,3.0,4.712745098039215,4.5,18,0,0
1111057000,서울특별시 종로구 무악동,2.873076923076923,3.0,5.22948717948718,5.133333333333333,26,0,0
1153080000,서울특별시 구로구 항동,2.87,3.0,5.525833333333333,4.991666666666667,20,0,1
1162073500,서울특별시 관악구 대학동,2.7507246376811594,2.8499999999999996,4.923550724637681,4.591666666666667,138,2,5
1168067500,서울특별시 강남구 개포3동,2.75,3.0,4.724404761904762,4.7,28,0,2
1165058000,서울특별시 서초구 반포3동,2.7370370370370374,2.8,4.87939393939394,4.8,55,0,0
1168067000,서울특별시 강남구 개포2동,2.720833333333333,3.0,5.014236111111111,4.65,48,0,0
1171064600,서울특별시 송파구 장지동,2.7125,2.5,4.600378787878788,4.533333333333333,88,2,5
1150060300,서울특별시 강서구 가양1동,2.7040935672514617,2.4,4.1533138401559455,4.0,171,1,16
1174056000,서울특별시 강동구 고덕2동,2.6955555555555555,2.0,4.378030303030303,4.016666666666667,45,1,0
1174052600,서울특별시 강동구 상일제2동,2.67,2.65,5.172777777777778,5.191666666666666,30,0,0
1162062500,서울특별시 관악구 인헌동,2.662025316455696,2.8,5.035021097046413,4.866666666666667,79,0,3
1159060500,서울특별시 동작구 흑석동,2.626470588235294,2.6500000000000004,4.974257425742574,4.766666666666667,102,1,9
1162057500,서울특별시 관악구 행운동,2.595833333333333,2.7,4.197916666666667,4.083333333333333,120,0,5
1153076000,서울특별시 구로구 개봉3동,2.589189189189189,2.2,4.483108108108108,4.5,74,1,2
1121581000,서울특별시 광진구 광장동,2.578205128205128,2.1500000000000004,4.82457264957265,4.574999999999999,78,0,3
1174052500,서울특별시 강동구 상일제1동,2.5628571428571427,2.45,4.993333333333333,4.816666666666666,70,1,2
1162066500,서울특별시 관악구 서림동,2.5318181818181817,2.5,4.385823754789272,4.383333333333334,88,1,6
1141068500,서울특별시 서대문구 홍은2동,2.5272727272727273,2.0,4.024086021505377,4.116666666666666,155,0,4
1120064500,서울특별시 성동구 옥수동,2.515254237288136,2.0,5.100847457627118,4.583333333333333,59,0,0
1174069000,서울특별시 강동구 둔촌1동,2.5142857142857147,2.0,3.933333333333333,3.783333333333333,7,0,0
1159062000,서울특별시 동작구 사당1동,2.507619047619048,2.6,4.757852564102564,4.466666666666667,105,0,9
1135072000,서울특별시 노원구 상계10동,2.492857142857143,2.65,4.268452380952381,4.316666666666666,28,1,1
1138060000,서울특별시 은평구 응암3동,2.4778846153846152,2.6500000000000004,3.9207547169811323,4.0,106,0,1
1168060000,서울특별시 강남구 대치1동,2.4745098039215687,2.4,4.721794871794872,4.383333333333333,52,0,2
1171064100,서울특별시 송파구 문정1동,2.4603174603174605,2.3,4.205291005291006,4.166666666666667,63,0,4
1168073000,서울특별시 강남구 일원1동,2.4387096774193546,2.0,4.684677419354839,4.566666666666666,62,0,4
1141058500,서울특별시 서대문구 신촌동,2.433529411764706,2.4,4.179400196656833,4.2,340,1,10
1165056000,서울특별시 서초구 반포1동,2.4313725490196076,2.1500000000000004,4.953398058252427,4.8,103,1,5
1141065500,서울특별시 서대문구 홍제2동,2.43,2.0,4.485,4.6,30,0,1
1171052000,서울특별시 송파구 풍납2동,2.4162162162162164,2.1,3.8979729729729726,3.675,74,0,4
1121583000,서울특별시 광진구 자양2동,2.4063291139240506,2.1,5.150843881856541,4.916666666666667,79,0,2
1144070000,서울특별시 마포구 망원2동,2.4027777777777777,2.0,5.051851851851852,4.683333333333334,72,0,1
1168052100,서울특별시 강남구 논현1동,2.3880398671096343,2.0,4.915171650055371,4.733333333333333,301,0,9
1154568000,서울특별시 금천구 시흥2동,2.3857142857142857,2.0,5.457142857142857,5.183333333333334,35,1,2
1117063000,서울특별시 용산구 이촌1동,2.3857142857142857,2.0,4.8654970760233915,4.883333333333333,57,0,4
1150055000,서울특별시 강서구 화곡2동,2.3785714285714286,2.25,4.925581395348837,4.983333333333333,43,0,1
1154551000,서울특별시 금천구 가산동,2.3776470588235292,2.0,4.800972762645914,4.533333333333333,257,0,11
1150060400,서울특별시 강서구 가양2동,2.375925925925926,1.85,3.2203703703703703,3.1916666666666664,54,0,2
1138052000,서울특별시 은평구 불광1동,2.3701754385964913,2.3499999999999996,4.288839285714286,4.0,114,3,13
1171071000,서울특별시 송파구 잠실6동,2.3446428571428575,2.0,4.672619047619048,4.666666666666667,56,1,0
1171056100,서울특별시 송파구 방이1동,2.332692307692308,2.0,4.221474358974358,4.4,52,0,2
1135066500,서울특별시 노원구 상계3·4동,2.3316326530612246,2.0,4.954421768707483,4.375,98,1,6
1129064000,서울특별시 성북구 정릉3동,2.324324324324324,2.0,4.453153153153154,4.316666666666666,74,1,3
1165062100,서울특별시 서초구 방배4동,2.323611111111111,2.0,4.116425120772948,3.9,72,0,3
1171058000,서울특별시 송파구 송파1동,2.3181818181818183,2.0,4.168168168168168,4.083333333333333,111,0,4
1120072000,서울특별시 성동구 송정동,2.3055555555555554,2.0,4.57962962962963,4.441666666666666,36,0,0
1171064200,서울특별시 송파구 문정2동,2.3029629629629627,2.0,4.68604938271605,4.6,135,0,5
1147053000,서울특별시 양천구 목3동,2.302941176470588,2.0,4.431400966183575,4.566666666666666,69,0,0
1138063200,서울특별시 은평구 신사2동,2.2962962962962963,2.0,4.115123456790124,4.066666666666666,54,0,4
1156061000,서울특별시 영등포구 양평1동,2.291954022988506,2.0,4.09515503875969,4.158333333333333,87,1,5
1111058000,서울특별시 종로구 교남동,2.2840000000000003,2.0,4.954,4.533333333333333,25,0,1
1117058000,서울특별시 용산구 효창동,2.269230769230769,2.0,4.418333333333334,4.3916666666666675,40,0,1
1135070000,서울특별시 노원구 상계8동,2.269230769230769,2.0,3.825877192982456,3.775,39,0,1
1159064000,서울특별시 동작구 사당3동,2.2657894736842104,2.0,4.275438596491228,4.275,38,0,0
1153075000,서울특별시 구로구 개봉2동,2.253846153846154,2.0,4.406209150326798,4.5,52,0,0
1129060000,서울특별시 성북구 안암동,2.248314606741573,2.0,3.8318181818181816,3.783333333333333,89,0,7
1165060000,서울특별시 서초구 방배1동,2.2472972972972975,2.0,4.236486486486487,4.233333333333333,74,1,3
1117055500,서울특별시 용산구 청파동,2.2451327433628316,2.0,4.2938053097345135,4.3,113,1,2
1154569000,서울특별시 금천구 시흥3동,2.23921568627451,2.0,4.923856209150327,4.15,51,0,3
1141062000,서울특별시 서대문구 홍제1동,2.235064935064935,2.0,4.226406926406926,4.233333333333333,77,0,6
1138057000,서울특별시 은평구 대조동,2.226785714285714,2.0,3.671976401179941,3.5833333333333335,113,2,8
1165053100,서울특별시 서초구 서초4동,2.220754716981132,2.0,4.141818181818182,4.375,110,0,21
1135071000,서울특별시 노원구 상계9동,2.213793103448276,2.0,3.81,3.7583333333333337,30,0,0
1162054500,서울특별시 관악구 청림동,2.207692307692308,2.0,4.379487179487179,4.441666666666666,26,0,3
1120065000,서울특별시 성동구 성수1가1동,2.198989898989899,2.0,4.5860269360269355,4.133333333333334,99,2,6
1162071500,서울특별시 관악구 난향동,2.179310344827586,2.0,4.939080459770114,4.633333333333333,29,1,0
1135061900,서울특별시 노원구 중계본동,2.1785714285714284,2.0,4.305357142857143,4.324999999999999,56,0,6
1168070000,서울특별시 강남구 세곡동,2.176190476190476,1.9,3.712808641975309,3.716666666666667,108,0,7
1144074000,서울특별시 마포구 상암동,2.1703125,2.0,4.61412213740458,4.066666666666666,131,1,7
1153052000,서울특별시 구로구 구로1동,2.1538461538461537,2.0,4.494551282051282,4.516666666666667,52,1,0
1141069000,서울특별시 서대문구 남가좌1동,2.1481481481481484,2.0,4.3195512820512825,4.458333333333334,54,0,2
1135069500,서울특별시 노원구 상계6·7동,2.1465346534653467,2.0,4.042156862745098,4.158333333333333,102,0,3
1147067000,서울특별시 양천구 신정6동,2.142857142857143,2.0,4.1988095238095235,3.9166666666666665,28,0,0
1174070000,서울특별시 강동구 둔촌2동,2.142708333333333,2.0,4.144618055555555,4.2,96,1,13
1138064000,서울특별시 은평구 증산동,2.13,2.0,3.4733333333333336,3.3333333333333335,60,0,2
1156065000,서울특별시 영등포구 신길3동,2.120833333333333,2.0,3.873263888888889,3.8666666666666667,48,1,2
1156058500,서울특별시 영등포구 도림동,2.1194444444444445,2.0,4.090277777777778,4.15,72,1,19
1168059000,서울특별시 강남구 삼성2동,2.1176470588235294,2.0,4.214814814814815,4.066666666666666,171,1,12
1135058000,서울특별시 노원구 월계3동,2.107894736842105,2.0,3.407456140350877,3.45,38,0,2
1165053000,서울특별시 서초구 서초3동,2.0994652406417114,2.0,4.217996453900709,4.2,188,0,5
1144071000,서울특별시 마포구 연남동,2.0989583333333335,2.0,4.251736111111112,4.275,96,1,5
1138069000,서울특별시 은평구 진관동,2.090816326530612,2.0,3.702970297029703,3.6666666666666665,102,1,1
1141052000,서울특별시 서대문구 천연동,2.0896103896103897,2.0,4.771367521367521,4.658333333333333,78,1,2
1138063100,서울특별시 은평구 신사1동,2.089010989010989,2.0,3.7670175438596494,3.65,95,2,3
1123075000,서울특별시 동대문구 이문2동,2.0885714285714285,2.0,4.504761904761905,4.516666666666667,35,0,4
1147060000,서울특별시 양천구 신월5동,2.0877551020408163,2.0,4.290666666666667,4.233333333333333,50,1,5
1121584000,서울특별시 광진구 자양3동,2.085964912280702,2.0,4.2748538011695905,4.25,57,0,1
1159065000,서울특별시 동작구 사당4동,2.085714285714286,2.0,4.041904761904762,4.05,35,0,1
1130564500,서울특별시 강북구 우이동,2.0723684210526314,2.0,4.449561403508772,4.058333333333334,76,1,7
1129065000,서울특별시 성북구 정릉4동,2.0676923076923077,2.0,4.065384615384615,4.183333333333334,65,1,13
1144072000,서울특별시 마포구 성산1동,2.047887323943662,2.0,4.5330985915492965,4.283333333333333,71,2,1
1120058000,서울특별시 성동구 응봉동,2.0303030303030303,2.0,4.11010101010101,4.166666666666667,33,0,3
1132052100,서울특별시 도봉구 도봉1동,2.0277372262773725,2.0,3.7781400966183574,3.7333333333333334,138,2,5
1138059000,서울특별시 은평구 응암2동,2.027083333333333,2.0,4.337588652482269,4.183333333333334,48,0,0
1168065600,서울특별시 강남구 도곡2동,2.025,2.0,4.488888888888889,4.258333333333333,60,0,0
1129072500,서울특별시 성북구 월곡2동,2.025,2.0,4.186274509803922,4.05,68,0,3
1111069000,서울특별시 종로구 창신3동,2.0142857142857142,2.0,4.803571428571429,4.741666666666667,28,0,1
1162072500,서울특별시 관악구 조원동,2.0128440366972478,2.0,3.7359327217125387,3.6666666666666665,109,0,8
1150064000,서울특별시 강서구 방화2동,2.0073170731707317,1.5,3.936772486772487,3.4916666666666667,126,1,4
1162065500,서울특별시 관악구 신원동,1.9955882352941174,2.0,4.231862745098039,4.433333333333334,68,2,5
1168051000,서울특별시 강남구 신사동,1.9938144329896907,2.0,4.492141623488774,4.166666666666667,194,0,5
1147052000,서울특별시 양천구 목2동,1.990277777777778,2.0,4.1352112676056345,4.1,72,0,0
1126052000,서울특별시 중랑구 면목2동,1.9868131868131869,2.0,3.8694139194139194,3.716666666666667,91,2,2
1165051000,서울특별시 서초구 서초1동,1.9864583333333332,2.0,3.756597222222222,3.7083333333333335,96,0,4
1165061000,서울특별시 서초구 방배2동,1.979746835443038,2.0,4.158974358974358,4.183333333333334,79,1,6
1132066000,서울특별시 도봉구 쌍문1동,1.976842105263158,2.0,3.7803333333333335,3.958333333333333,100,0,3
1154570000,서울특별시 금천구 시흥4동,1.975,2.0,4.722777777777778,4.5,60,1,7
1144069000,서울특별시 마포구 망원1동,1.975,2.0,4.177291666666667,4.175000000000001,80,0,7
1121582000,서울특별시 광진구 자양1동,1.9700000000000002,2.0,4.186446886446886,4.15,91,0,5
1147068000,서울특별시 양천구 신정7동,1.9677966101694915,2.0,3.9045197740112996,4.066666666666666,59,0,1
1168065500,서울특별시 강남구 도곡1동,1.9649122807017543,2.0,3.9716374269005845,3.8666666666666667,57,0,2
1150053000,서울특별시 강서구 등촌2동,1.9555555555555555,2.0,4.255291005291005,4.083333333333333,63,2,2
1171065000,서울특별시 송파구 잠실본동,1.952542372881356,2.0,3.7739047619047614,3.716666666666667,177,0,6
1165055000,서울특별시 서초구 반포본동,1.95,2.0,3.8458333333333337,3.1083333333333334,20,0,4
1111056000,서울특별시 종로구 평창동,1.9490740740740742,2.0,4.959327217125383,4.666666666666667,109,0,5
1129052500,서울특별시 성북구 성북동,1.9484375,2.0,4.172727272727272,3.908333333333333,66,0,0
1120066000,서울특별시 성동구 성수1가2동,1.9457142857142857,2.0,3.948412698412698,4.0,105,1,3
1129076000,서울특별시 성북구 장위1동,1.9388059701492537,2.0,3.9997512437810947,3.95,67,1,4
1159066000,서울특별시 동작구 대방동,1.9384615384615385,2.0,3.8420489296636084,3.9833333333333334,109,0,10
1111055000,서울특별시 종로구 부암동,1.9363636363636363,2.0,4.834770114942529,4.2,58,2,0
1147061000,서울특별시 양천구 신월6동,1.929032258064516,2.0,4.191935483870967,4.416666666666667,31,1,2
1168056500,서울특별시 강남구 청담동,1.920873786407767,2.0,3.7068253968253964,3.5166666666666666,210,0,5
1147054000,서울특별시 양천구 목4동,1.909375,2.0,4.20390625,4.225,64,0,0
1132071000,서울특별시 도봉구 방학3동,1.9000000000000001,2.0,3.5476190476190474,3.5833333333333335,63,0,5
1150054000,서울특별시 강서구 화곡1동,1.8944723618090453,2.0,4.154017094017094,4.0,199,1,10
1162064500,서울특별시 관악구 서원동,1.8944055944055942,2.0,4.36537558685446,4.258333333333333,143,1,9
1168066000,서울특별시 강남구 개포1동,1.8833333333333333,2.0,4.501075268817204,4.083333333333333,31,0,4
1150051000,서울특별시 강서구 염창동,1.8786407766990292,2.0,3.5729559748427673,3.3833333333333333,107,0,3
1171059000,서울특별시 송파구 송파2동,1.876086956521739,2.0,4.030072463768116,4.125,46,0,1
1130561500,서울특별시 강북구 수유1동,1.8703703703703705,2.0,3.683744855967078,3.6833333333333336,81,2,2
1111068000,서울특별시 종로구 창신2동,1.8695652173913044,2.0,4.523188405797101,4.466666666666667,46,0,2
1171067000,서울특별시 송파구 잠실2동,1.8653061224489798,2.0,4.185666666666666,3.775,50,1,5
1153077000,서울특별시 구로구 오류1동,1.8366197183098592,2.0,4.214084507042253,4.216666666666667,71,0,0
1153078000,서울특별시 구로구 오류2동,1.8333333333333333,2.0,4.233506944444445,4.25,96,0,3
1171060000,서울특별시 송파구 석촌동,1.8330985915492959,2.0,3.5950704225352115,3.4333333333333336,142,0,5
1132051400,서울특별시 도봉구 창4동,1.8327586206896551,2.0,3.5683908045977013,3.6833333333333336,58,1,1
1147063000,서울특별시 양천구 신정2동,1.8325581395348836,2.0,4.273809523809524,4.208333333333334,43,0,3
1171063200,서울특별시 송파구 가락2동,1.832258064516129,2.0,3.7691756272401435,3.5833333333333335,93,2,2
1174055000,서울특별시 강동구 고덕1동,1.8285714285714285,1.0,3.520909090909091,3.0,55,3,2
1159054000,서울특별시 동작구 상도2동,1.8229508196721311,2.0,4.850273224043716,4.583333333333333,61,0,1
1126056500,서울특별시 중랑구 면목본동,1.8208955223880596,2.0,3.9588308457711445,4.083333333333333,134,0,7
1165059000,서울특별시 서초구 방배본동,1.8196969696969696,1.6,3.444362745098039,3.25,68,1,11
1147065000,서울특별시 양천구 신정4동,1.8022727272727272,1.5,3.9138686131386864,3.85,137,0,11
1114068000,서울특별시 중구 중림동,1.8,1.9,3.8375,4.025,48,0,2
1132052200,서울특별시 도봉구 도봉2동,1.7988372093023255,2.0,3.5360465116279074,3.5083333333333333,86,0,3
1121587000,서울특별시 광진구 구의3동,1.796153846153846,2.0,4.238247863247863,4.091666666666667,78,0,1
1171068000,서울특별시 송파구 잠실3동,1.7907407407407407,1.9,3.8929012345679013,3.8166666666666664,54,0,0
1165062000,서울특별시 서초구 방배3동,1.7819672131147541,2.0,3.9661290322580647,3.6916666666666664,62,0,8
1132051300,서울특별시 도봉구 창3동,1.7783333333333333,2.0,2.899726775956284,2.95,61,2,2
1171072000,서울특별시 송파구 잠실7동,1.7692307692307692,2.0,3.6474358974358974,3.5666666666666664,13,0,1
1156055000,서울특별시 영등포구 당산1동,1.7673684210526317,2.0,3.4947368421052634,3.3833333333333333,95,1,6
1150053500,서울특별시 강서구 등촌3동,1.76734693877551,2.0,3.498453608247423,3.5166666666666666,98,1,3
1165065200,서울특별시 서초구 양재2동,1.7630872483221476,1.2,3.5880801687763713,3.3499999999999996,158,0,8
1159067000,서울특별시 동작구 신대방1동,1.7604651162790699,2.0,4.27422480620155,4.283333333333333,86,1,10
1150059100,서울특별시 강서구 화곡6동,1.7592592592592593,2.0,3.6580246913580248,3.6916666666666664,108,1,3
1117056000,서울특별시 용산구 원효로1동,1.7511904761904762,2.0,3.7888888888888888,3.658333333333333,84,0,4
1121584700,서울특별시 광진구 자양4동,1.7508620689655172,2.0,3.580054644808743,3.35,122,1,4
1174053000,서울특별시 강동구 명일1동,1.7486486486486488,2.0,3.589555555555555,3.3833333333333333,75,0,3
1150064100,서울특별시 강서구 방화3동,1.7482758620689656,1.0,3.916944444444445,3.7,60,1,8
1120069000,서울특별시 성동구 성수2가3동,1.7439759036144578,1.9,3.943131313131313,4.0,166,0,3
1150059300,서울특별시 강서구 화곡8동,1.7439560439560438,2.0,4.382971014492754,4.541666666666666,92,1,2
1126057500,서울특별시 중랑구 면목3·8동,1.7431372549019608,2.0,3.9361111111111113,3.9166666666666665,102,0,6
1150056000,서울특별시 강서구 화곡3동,1.7338983050847456,2.0,3.7816384180790963,3.7333333333333334,59,0,0
1168061000,서울특별시 강남구 대치2동,1.7338709677419355,2.0,3.4293333333333336,3.35,126,1,2
1117064000,서울특별시 용산구 이촌2동,1.7333333333333334,1.0,4.946794871794872,3.675,26,0,0
1150063000,서울특별시 강서구 방화1동,1.7333333333333334,2.0,4.004970760233918,4.0,115,0,3
1168063000,서울특별시 강남구 대치4동,1.731875,2.0,3.684375,3.6166666666666667,160,0,3
1171062000,서울특별시 송파구 가락본동,1.7272058823529413,1.95,3.8466911764705882,3.8583333333333334,136,1,3
1129059000,서울특별시 성북구 돈암2동,1.7222222222222223,2.0,3.8858024691358026,4.083333333333333,27,0,0
1126055000,서울특별시 중랑구 면목5동,1.7216216216216218,2.0,3.8157657657657658,3.7333333333333334,37,0,1
1171056600,서울특별시 송파구 오륜동,1.7161290322580647,2.0,3.421957671957672,3.5166666666666666,63,1,5
1147061100,서울특별시 양천구 신월7동,1.7139240506329114,2.0,4.218987341772152,4.166666666666667,79,1,3
1126062000,서울특별시 중랑구 묵1동,1.71,2.0,3.418315018315018,3.4166666666666665,91,1,5
1147058000,서울특별시 양천구 신월3동,1.709090909090909,2.0,4.034583333333333,4.033333333333333,80,0,0
1147057000,서울특별시 양천구 신월2동,1.7079365079365079,2.0,3.908333333333333,4.025,64,1,6
1120057000,서울특별시 성동구 행당2동,1.707142857142857,1.5,3.519642857142857,3.325,28,0,2
1159053000,서울특별시 동작구 상도1동,1.7059322033898305,1.75,3.927777777777778,3.7,123,3,3
1132051200,서울특별시 도봉구 창2동,1.6849056603773584,2.0,3.4099056603773583,3.425,106,0,5
1126059000,서울특별시 중랑구 상봉2동,1.6828125,1.95,3.487109375,3.6416666666666666,128,0,7
1144061000,서울특별시 마포구 염리동,1.68,1.9,3.832857142857143,3.75,35,0,4
1147059000,서울특별시 양천구 신월4동,1.6781818181818182,2.0,3.8254545454545457,3.8833333333333333,55,0,1
1130563500,서울특별시 강북구 수유3동,1.6781456953642384,2.0,3.498233995584989,3.5,153,0,8
1168064000,서울특별시 강남구 역삼1동,1.6740343347639486,1.5,3.9146723646723647,3.8333333333333335,468,0,21
1129071500,서울특별시 성북구 월곡1동,1.6660714285714284,2.0,3.5055555555555555,3.6166666666666667,57,0,3
1156060500,서울특별시 영등포구 문래동,1.6635714285714287,1.75,3.612121212121212,3.8166666666666664,143,1,6
1135056000,서울특별시 노원구 월계1동,1.6584269662921347,1.9,3.2198501872659175,3.25,89,0,2
1174060000,서울특별시 강동구 천호1동,1.6580000000000001,2.0,3.901666666666667,3.8916666666666666,100,0,8
1141056500,서울특별시 서대문구 충현동,1.6537190082644628,1.5,3.980597014925373,4.324999999999999,134,0,4
1147056000,서울특별시 양천구 신월1동,1.6513157894736843,2.0,3.577136752136752,3.6833333333333336,78,0,1
1123061000,서울특별시 동대문구 답십리2동,1.6508196721311477,2.0,3.8131147540983608,3.95,61,1,3
1162058500,서울특별시 관악구 낙성대동,1.6504587155963304,1.5,3.557878787878788,3.1833333333333336,111,0,7
1174059000,서울특별시 강동구 암사3동,1.6444444444444444,1.5,3.8187943262411346,3.6833333333333336,47,0,11
1154563000,서울특별시 금천구 독산3동,1.6432,2.0,3.95,3.841666666666667,125,1,1
1138053000,서울특별시 은평구 불광2동,1.6428571428571428,2.0,3.6765258215962437,3.85,72,1,9
1123057000,서울특별시 동대문구 전농2동,1.6324324324324324,1.8,3.877027027027027,4.016666666666667,37,3,2
1159056000,서울특별시 동작구 상도4동,1.622093023255814,1.5499999999999998,4.696743295019157,4.583333333333333,87,1,7
1132070000,서울특별시 도봉구 방학2동,1.6220183486238533,1.1,3.2562121212121213,3.1666666666666665,110,1,2
1156071000,서울특별시 영등포구 대림2동,1.6123809523809525,1.5,3.5082539682539684,3.5,105,0,5
1165058100,서울특별시 서초구 반포4동,1.611904761904762,1.6,3.3722846441947563,3.216666666666667,89,0,3
1111054000,서울특별시 종로구 삼청동,1.6099999999999999,1.85,4.043333333333333,4.05,30,0,2
1141070000,서울특별시 서대문구 남가좌2동,1.6076923076923078,1.3,4.092307692307692,4.116666666666666,91,3,3
1126063000,서울특별시 중랑구 묵2동,1.603030303030303,1.6,3.439800995024876,3.5,67,0,5
1135060000,서울특별시 노원구 공릉2동,1.6026315789473684,1.4,3.6811403508771927,3.558333333333333,114,0,4
1150061100,서울특별시 강서구 발산1동,1.5892156862745097,1.0,3.8088996763754044,3.7,105,0,2
1114052000,서울특별시 중구 소공동,1.589010989010989,1.3,3.758241758241758,3.8166666666666664,91,1,9
1153056000,서울특별시 구로구 구로5동,1.5827272727272728,1.6,3.8868181818181817,3.8916666666666666,110,0,1
1156054000,서울특별시 영등포구 여의동,1.5789473684210527,1.2,3.501041666666667,3.3166666666666664,192,3,14
1117059000,서울특별시 용산구 용문동,1.5771428571428572,1.7,4.167619047619048,4.083333333333333,35,0,1
1162068500,서울특별시 관악구 신사동,1.575728155339806,1.6,3.8165064102564106,3.5083333333333333,104,2,2
1153059500,서울특별시 구로구 가리봉동,1.5746835443037976,1.2,4.0270042194092825,4.0,79,2,2
1129068500,서울특별시 성북구 길음2동,1.5739130434782609,1.5,3.230952380952381,3.3166666666666664,49,1,2
1129077000,서울특별시 성북구 장위2동,1.5727272727272728,1.0,3.4212121212121214,3.35,44,1,1
1165052000,서울특별시 서초구 서초2동,1.5724489795918366,1.1,3.352450980392157,3.175,102,0,5
1121574000,서울특별시 광진구 중곡1동,1.5714285714285714,1.4,3.980357142857143,3.7,56,0,2
1147064000,서울특별시 양천구 신정3동,1.5673469387755101,1.3,4.05202492211838,3.6666666666666665,107,1,5
1156066000,서울특별시 영등포구 신길4동,1.5655172413793104,1.5,4.102873563218391,4.0,29,0,3
1162061500,서울특별시 관악구 중앙동,1.561842105263158,1.2,3.7844298245614034,3.466666666666667,76,1,1
1138055200,서울특별시 은평구 갈현2동,1.556989247311828,1.6,3.7189964157706092,3.6666666666666665,94,1,2
1159052000,서울특별시 동작구 노량진2동,1.5538461538461539,1.2,3.8484848484848486,3.591666666666667,66,1,5
1132067000,서울특별시 도봉구 쌍문2동,1.5493333333333335,1.5,2.9144444444444444,3.0,75,0,5
1168075000,서울특별시 강남구 수서동,1.5466666666666666,1.0,3.817777777777778,3.5,45,0,3
1123066000,서울특별시 동대문구 장안2동,1.546601941747573,1.6,3.6194174757281554,3.183333333333333,103,0,4
1120054000,서울특별시 성동구 마장동,1.5458015267175573,1.3,3.84529262086514,3.75,131,0,8
1132068100,서울특별시 도봉구 쌍문4동,1.5439024390243903,1.6,3.143495934959349,3.1166666666666667,41,0,4
1162052500,서울특별시 관악구 보라매동,1.5430379746835443,1.3,3.572995780590717,3.0,79,1,7
1126058000,서울특별시 중랑구 상봉1동,1.5359375,1.45,3.376822916666667,3.408333333333333,64,3,10
1111063000,서울특별시 종로구 종로5·6가동,1.5339285714285715,1.35,3.2250737463126846,3.1666666666666665,113,7,9
1126057000,서울특별시 중랑구 면목7동,1.5266666666666666,1.5,3.8991228070175437,3.9833333333333334,77,3,9
1117052000,서울특별시 용산구 용산2가동,1.5262295081967212,1.3,4.617213114754098,4.6,61,0,1
1135059500,서울특별시 노원구 공릉1동,1.525984251968504,1.2,3.273205128205128,3.3,130,0,5
1114060500,서울특별시 중구 을지로동,1.525,1.75,3.218880208333333,3.225,128,3,8
1154561000,서울특별시 금천구 독산1동,1.5244791666666666,1.0,3.5874788494077836,3.216666666666667,197,1,10
1117066000,서울특별시 용산구 이태원2동,1.5233333333333334,1.6,4.173333333333334,4.216666666666667,60,0,3
1129081000,서울특별시 성북구 석관동,1.5171171171171172,1.2,3.209009009009009,3.0,111,0,5
1121586000,서울특별시 광진구 구의2동,1.5132530120481926,1.2,3.7309236947791167,3.6166666666666667,83,0,0
1168054500,서울특별시 강남구 압구정동,1.5100529100529099,1.0,3.3246699669966997,3.1,202,0,6
1162056500,서울특별시 관악구 성현동,1.5059701492537314,1.0,3.654726368159204,3.6166666666666667,67,0,2
1154571000,서울특별시 금천구 시흥5동,1.5030303030303032,1.0,4.407828282828283,4.041666666666666,66,0,3
1135063000,서울특별시 노원구 상계1동,1.4990909090909093,1.0,3.3223611111111113,2.975,120,0,3
1117068500,서울특별시 용산구 한남동,1.4989949748743718,1.0,4.069756097560975,3.9,205,0,2
1135067000,서울특별시 노원구 상계5동,1.4983870967741937,1.0,3.6317204301075265,3.7333333333333334,62,1,5
1156051500,서울특별시 영등포구 영등포본동,1.4904761904761905,1.4,3.8932539682539677,3.9333333333333336,84,3,3
1114057000,서울특별시 중구 필동,1.4894736842105263,1.0,3.263137254901961,3.5,85,0,0
1171057000,서울특별시 송파구 오금동,1.4886363636363635,1.0,3.090096618357488,3.041666666666667,138,1,10
1141061500,서울특별시 서대문구 연희동,1.486635944700461,1.0,3.2331159420289857,3.2,230,2,13
1168053100,서울특별시 강남구 논현2동,1.4793103448275862,1.1,3.53716744913928,3.55,214,0,2
1121577000,서울특별시 광진구 중곡4동,1.4783132530120482,1.2,3.6712121212121214,3.658333333333333,88,2,6
1159065100,서울특별시 동작구 사당5동,1.478125,1.0,3.4205882352941175,3.2083333333333335,34,0,1
1126068000,서울특별시 중랑구 신내1동,1.475,1.0,3.556481481481481,3.466666666666667,90,0,4
1132051500,서울특별시 도봉구 창5동,1.474390243902439,1.2,3.0414634146341464,3.0,82,1,5
1174061000,서울특별시 강동구 천호2동,1.4679347826086957,1.2,3.2172014260249555,3.1666666666666665,187,3,15
1162059500,서울특별시 관악구 청룡동,1.4677685950413222,1.1,3.324453551912568,3.3666666666666667,122,0,4
1111070000,서울특별시 종로구 숭인1동,1.4666666666666666,1.0,3.7127777777777777,3.7083333333333335,30,1,2
1171061000,서울특별시 송파구 삼전동,1.465079365079365,1.1,3.2460858585858587,3.15,132,0,9
1174066000,서울특별시 강동구 성내3동,1.4610526315789474,1.2,3.0840350877192986,3.05,95,0,3
1171053100,서울특별시 송파구 거여1동,1.4590909090909092,1.0,2.7196296296296296,2.75,45,0,2
1132051100,서울특별시 도봉구 창1동,1.4555555555555555,1.0,3.053603603603604,3.0,74,0,6
1123074000,서울특별시 동대문구 이문1동,1.4541666666666666,1.15,3.643287037037037,3.6333333333333333,73,1,1
1150061500,서울특별시 강서구 우장산동,1.4506849315068493,1.0,3.3044303797468357,3.1666666666666665,79,0,3
1111067000,서울특별시 종로구 창신1동,1.4505882352941175,1.1,3.9905882352941173,3.6666666666666665,85,0,0
1168072000,서울특별시 강남구 일원본동,1.4485714285714286,1.0,3.5815315315315317,3.4333333333333336,37,0,1
1156062000,서울특별시 영등포구 양평2동,1.4447154471544714,1.0,3.747883597883598,3.4583333333333335,127,0,8
1117069000,서울특별시 용산구 서빙고동,1.4358490566037734,1.0,4.304970760233918,4.0,57,0,1
1123072000,서울특별시 동대문구 휘경1동,1.4345454545454546,1.0,3.0816666666666666,3.1166666666666667,60,0,3
1120055000,서울특별시 성동구 사근동,1.43109243697479,1.0,3.203781512605042,3.066666666666667,120,0,6
1156068000,서울특별시 영등포구 신길6동,1.4214285714285713,1.0,3.218154761904762,3.2333333333333334,56,1,8
1123054500,서울특별시 동대문구 제기동,1.4181286549707601,1.0,3.455910852713178,3.416666666666667,172,2,14
1144068000,서울특별시 마포구 합정동,1.4168316831683168,1.0,3.37196261682243,3.066666666666667,107,0,1
1138058000,서울특별시 은평구 응암1동,1.4106060606060604,1.2,3.3115196078431373,3.0833333333333335,68,0,3
1174058000,서울특별시 강동구 암사2동,1.4105263157894736,1.0,2.7718253968253967,2.716666666666667,42,1,0
1174054000,서울특별시 강동구 명일2동,1.4095238095238096,1.0,3.3329365079365076,3.225,42,0,0
1138051000,서울특별시 은평구 녹번동,1.4042105263157896,1.0,3.1126666666666667,3.0,101,2,5
1117070000,서울특별시 용산구 보광동,1.4010309278350517,1.0,4.053333333333333,4.0,100,0,3
1144055500,서울특별시 마포구 아현동,1.4,1.2,3.6821428571428574,3.875,42,0,3
1168058000,서울특별시 강남구 삼성1동,1.3992248062015504,1.0,3.332716049382716,3.283333333333333,136,0,14
1147055000,서울특별시 양천구 목5동,1.3925925925925926,1.15,3.3883040935672515,3.466666666666667,57,0,2
1135064000,서울특별시 노원구 상계2동,1.3891089108910892,1.0,3.317601246105919,3.2333333333333334,107,1,6
1153074000,서울특별시 구로구 개봉1동,1.388372093023256,1.0,3.6371647509578544,3.6166666666666667,87,1,2
1174057000,서울특별시 강동구 암사1동,1.3858333333333335,1.0,3.7855643044619423,3.1666666666666665,128,0,1
1130560800,서울특별시 강북구 번3동,1.3849056603773586,1.0,3.2729559748427675,3.466666666666667,53,0,2
1121575000,서울특별시 광진구 중곡2동,1.3833333333333333,1.0,3.200913242009132,3.1,73,0,2
1121571000,서울특별시 광진구 화양동,1.3823232323232322,1.0,3.6001683501683504,3.75,199,0,3
1129063000,서울특별시 성북구 정릉2동,1.382258064516129,1.0,3.236290322580645,3.2416666666666667,62,0,2
1162077500,서울특별시 관악구 난곡동,1.3753846153846154,1.0,3.6255050505050503,3.583333333333333,66,1,13
1129066000,서울특별시 성북구 길음1동,1.375,1.0,3.4360544217687075,3.4166666666666665,49,0,35
1135062100,서울특별시 노원구 중계1동,1.374,1.0,3.010204081632653,3.0,50,0,2
1156072000,서울특별시 영등포구 대림3동,1.370731707317073,1.0,3.5249333333333333,3.45,125,1,7
1159068000,서울특별시 동작구 신대방2동,1.3692307692307693,1.0,3.4509803921568625,3.3166666666666664,68,2,4
1147062000,서울특별시 양천구 신정1동,1.3688524590163935,1.0,3.6314516129032257,3.6666666666666665,62,0,2
1117057000,서울특별시 용산구 원효로2동,1.3660714285714286,1.0,3.9573099415204678,3.8666666666666667,57,0,3
1114055000,서울특별시 중구 명동,1.3614906832298137,1.0,3.317280163599182,3.35,163,1,12
1114054000,서울특별시 중구 회현동,1.3608695652173912,1.0,3.537394957983193,3.5,119,1,7
1159051000,서울특별시 동작구 노량진1동,1.3558823529411765,1.0,3.6119718309859152,3.2583333333333333,142,2,7
1130553500,서울특별시 강북구 미아동,1.3544554455445545,1.0,3.3953333333333338,3.408333333333333,102,1,2
1174065000,서울특별시 강동구 성내2동,1.3543859649122807,1.0,3.216812865497076,3.225,114,0,5
1111065000,서울특별시 종로구 혜화동,1.3536764705882351,1.0,3.5745742092457418,3.6166666666666667,137,0,7
1147051000,서울특별시 양천구 목1동,1.3532467532467534,1.0,3.21,3.1916666666666664,80,0,6
1154567000,서울특별시 금천구 시흥1동,1.352258064516129,1.0,3.722083333333333,3.4833333333333334,161,3,11
1111053000,서울특별시 종로구 사직동,1.341121495327103,1.0,3.412461059190031,3.35,107,2,4
1144073000,서울특별시 마포구 성산2동,1.3398230088495575,1.0,3.5315126050420167,3.4166666666666665,119,0,7
1153055000,서울특별시 구로구 구로4동,1.3379310344827586,1.0,3.869252873563218,3.8333333333333335,116,0,3
1141071000,서울특별시 서대문구 북가좌1동,1.3375,1.0,3.8375,3.6666666666666665,40,0,3
1120052000,서울특별시 성동구 왕십리2동,1.3357142857142859,1.0,3.3472868217054264,3.183333333333333,43,0,0
1130562500,서울특별시 강북구 수유2동,1.3333333333333333,1.0,3.1896624472573842,3.3,81,0,4
1120062000,서울특별시 성동구 금호4가동,1.3333333333333333,1.0,3.565591397849462,3.6333333333333333,31,1,0
1129078000,서울특별시 성북구 장위3동,1.3310344827586207,1.0,2.8080645161290323,2.6666666666666665,31,1,1
1162076500,서울특별시 관악구 미성동,1.3283783783783782,1.0,2.9315891472868216,2.9,86,1,1
1141055500,서울특별시 서대문구 북아현동,1.3272727272727274,1.0,3.7186440677966104,3.8333333333333335,59,1,5
1135061200,서울특별시 노원구 하계2동,1.318421052631579,1.0,3.1824561403508773,3.1916666666666664,38,0,2
1129061000,서울특별시 성북구 보문동,1.312962962962963,1.0,2.939506172839506,2.925,54,0,3
1144060000,서울특별시 마포구 대흥동,1.3111111111111111,1.0,3.316481481481482,3.3166666666666664,90,0,6
1153079000,서울특별시 구로구 수궁동,1.3094594594594595,1.0,3.2853658536585364,3.1333333333333333,82,0,0
1111060000,서울특별시 종로구 가회동,1.3088235294117647,1.0,3.5261904761904765,3.45,35,0,0
1129055500,서울특별시 성북구 삼선동,1.3045454545454545,1.0,2.8510416666666667,2.8,96,0,6
1129058000,서울특별시 성북구 돈암1동,1.3045454545454545,1.0,2.860606060606061,2.8,22,0,1
1117062500,서울특별시 용산구 한강로동,1.2972222222222223,1.0,3.034294871794872,2.9166666666666665,156,1,1
1135062500,서울특별시 노원구 중계2·3동,1.2972222222222223,1.0,3.240972222222222,3.2333333333333334,73,2,4
1130559500,서울특별시 강북구 번1동,1.297029702970297,1.0,3.4745,3.5,101,0,4
1153072000,서울특별시 구로구 고척1동,1.294186046511628,1.0,2.9007246376811593,2.7583333333333333,92,1,4
1138065000,서울특별시 은평구 수색동,1.2936170212765956,1.0,3.799019607843137,3.0,51,0,0
1123060000,서울특별시 동대문구 답십리1동,1.2884615384615385,1.0,3.324679487179487,3.333333333333333,52,0,1
1129070500,서울특별시 성북구 종암동,1.2844660194174757,1.0,2.8121621621621617,2.8,111,0,6
1141064000,서울특별시 서대문구 홍제3동,1.2818181818181817,1.0,3.796527777777778,3.9749999999999996,72,2,3
1120061500,서울특별시 성동구 금호2·3가동,1.281081081081081,1.0,3.5695945945945944,3.6416666666666666,74,0,4
1171063100,서울특별시 송파구 가락1동,1.280952380952381,1.0,3.703864734299517,3.7,69,0,1
1130553400,서울특별시 강북구 삼양동,1.2772151898734179,1.0,3.660515873015873,3.7333333333333334,84,2,5
1132068000,서울특별시 도봉구 쌍문3동,1.277027027027027,1.0,2.8487179487179484,2.7083333333333335,78,0,2
1121585000,서울특별시 광진구 구의1동,1.276470588235294,1.0,3.481340579710145,3.4333333333333336,92,0,2
1114058000,서울특별시 중구 장충동,1.2716981132075473,1.0,3.349685534591195,3.4833333333333334,53,0,4
1156070000,서울특별시 영등포구 대림1동,1.2666666666666666,1.0,3.3343915343915342,3.183333333333333,63,0,4
1121573000,서울특별시 광진구 군자동,1.266279069767442,1.0,3.4628352490421452,3.5,88,0,6
1141066000,서울특별시 서대문구 홍은1동,1.2623529411764705,1.0,3.3503367003367,3.3666666666666667,100,0,0
1120053500,서울특별시 성동구 왕십리도선동,1.2577464788732393,1.0,3.19875,3.0666666666666664,80,0,0
1120056000,서울특별시 성동구 행당1동,1.2529411764705882,1.0,3.0615555555555556,2.8833333333333333,75,0,1
1117053000,서울특별시 용산구 남영동,1.252212389380531,1.0,2.8146376811594203,2.7333333333333334,115,1,7
1130566000,서울특별시 강북구 인수동,1.2490740740740742,1.0,3.2717261904761905,3.2416666666666667,114,3,5
1129062000,서울특별시 성북구 정릉1동,1.2464285714285714,1.0,2.7091397849462364,2.3833333333333333,31,0,2
1171055000,서울특별시 송파구 마천2동,1.2449438202247192,1.0,3.10936329588015,3.0166666666666666,89,0,1
1156053500,서울특별시 영등포구 영등포동,1.2394736842105265,1.0,3.366808510638298,3.3333333333333335,235,3,46
1120067000,서울특별시 성동구 성수2가1동,1.234959349593496,1.0,3.151641414141414,3.0166666666666666,132,0,4
1126066000,서울특별시 중랑구 망우3동,1.2347222222222223,1.0,3.209360730593607,3.0833333333333335,73,0,6
1162069500,서울특별시 관악구 신림동,1.2333333333333334,1.0,3.205456349206349,3.2416666666666667,168,0,13
1174068500,서울특별시 강동구 길동,1.2290909090909092,1.0,2.8959737827715357,3.0,178,0,9
1156056000,서울특별시 영등포구 당산2동,1.2249999999999999,1.0,3.3348184818481847,3.1666666666666665,101,0,9
1156069000,서울특별시 영등포구 신길7동,1.2242424242424241,1.0,3.458333333333333,3.666666666666667,34,0,1
1138056000,서울특별시 은평구 구산동,1.2227272727272727,1.0,2.935238095238095,3.0,70,0,2
1162060500,서울특별시 관악구 은천동,1.2222222222222223,1.0,2.990432098765432,3.033333333333333,108,0,6
1123053600,서울특별시 동대문구 용신동,1.214074074074074,1.0,3.1776643990929707,3.1166666666666667,147,0,8
1138062500,서울특별시 은평구 역촌동,1.209322033898305,1.0,2.8295865633074935,2.75,129,1,9
1126065500,서울특별시 중랑구 망우본동,1.2090909090909092,1.0,3.222222222222222,3.158333333333333,150,0,8
1114059000,서울특별시 중구 광희동,1.2070921985815601,1.0,2.968777777777778,2.9833333333333334,150,0,32
1121578000,서울특별시 광진구 능동,1.2048780487804878,1.0,3.328030303030303,3.125,44,0,5
1144065500,서울특별시 마포구 서강동,1.1990476190476191,1.0,2.8560060060060057,2.8333333333333335,111,0,2
1130554500,서울특별시 강북구 송중동,1.1983471074380165,1.0,3.276377952755906,3.35,129,5,11
1144066000,서울특별시 마포구 서교동,1.1980343980343982,1.0,3.2832122679580307,3.2333333333333334,414,3,7
1111064000,서울특별시 종로구 이화동,1.1974683544303797,1.0,3.13953488372093,2.975,86,0,4
1135057000,서울특별시 노원구 월계2동,1.1906976744186046,1.0,2.714236111111111,2.4333333333333336,48,0,2
1168065000,서울특별시 강남구 역삼2동,1.188095238095238,1.0,2.888735632183908,2.7,145,0,7
1132069000,서울특별시 도봉구 방학1동,1.1851851851851851,1.0,2.2864444444444443,2.0583333333333336,150,3,36
1130560300,서울특별시 강북구 번2동,1.18,1.0,3.13828125,3.0,64,0,1
1135062400,서울특별시 노원구 중계4동,1.1782051282051282,1.0,3.2367088607594936,3.1,79,1,3
1123070500,서울특별시 동대문구 청량리동,1.1768115942028985,1.0,3.295045045045045,3.175,74,2,7
1144056500,서울특별시 마포구 공덕동,1.1669642857142857,1.0,3.333739837398374,3.216666666666667,123,3,16
1153053000,서울특별시 구로구 구로2동,1.1659574468085105,1.0,3.2611382113821135,3.1333333333333333,205,0,13
1126061000,서울특별시 중랑구 중화2동,1.1595419847328245,1.0,3.1851581508515814,3.1333333333333333,138,0,10
1130555500,서울특별시 강북구 송천동,1.1584745762711863,1.0,3.2681693989071037,3.2666666666666666,122,0,3
1156067000,서울특별시 영등포구 신길5동,1.1545454545454545,1.0,2.5846938775510204,2.3333333333333335,49,0,3
1126054000,서울특별시 중랑구 면목4동,1.1540983606557378,1.0,3.625,3.4,62,0,1
1123073000,서울특별시 동대문구 휘경2동,1.1523076923076925,1.0,3.377450980392157,3.375,68,1,1
1171053200,서울특별시 송파구 거여2동,1.1452830188679246,1.0,3.049074074074074,3.0166666666666666,54,0,0
1123071000,서울특별시 동대문구 회기동,1.1448275862068966,1.0,3.297126436781609,3.3833333333333333,58,0,9
1114064500,서울특별시 중구 청구동,1.1377777777777778,1.0,2.914074074074074,2.85,45,0,14
1154564000,서울특별시 금천구 독산4동,1.1346153846153846,1.0,3.0921875,2.875,64,0,4
1174062000,서울특별시 강동구 천호3동,1.1280898876404495,1.0,2.465086206896552,2.4583333333333335,116,0,11
1153054000,서울특별시 구로구 구로3동,1.1244897959183675,1.0,3.5508130081300817,3.525,165,0,7
1129057500,서울특별시 성북구 동선동,1.121551724137931,1.0,2.9169491525423727,2.916666666666667,118,0,8
1144058500,서울특별시 마포구 도화동,1.1152542372881356,1.0,3.8123655913978496,3.9833333333333334,62,0,3
1123065000,서울특별시 동대문구 장안1동,1.1085106382978724,1.0,2.7450733752620544,2.716666666666667,159,5,11
1150059000,서울특별시 강서구 화곡본동,1.0954887218045113,1.0,2.8017123287671235,2.5833333333333335,147,0,5
1114066500,서울특별시 중구 동화동,1.094871794871795,1.0,2.958119658119658,2.8166666666666664,39,0,2
1111071000,서울특별시 종로구 숭인2동,1.0935483870967742,1.0,3.2342105263157896,3.0,76,0,3
1154562000,서울특별시 금천구 독산2동,1.09125,1.0,3.5261316872427986,3.466666666666667,81,1,3
1159055000,서울특별시 동작구 상도3동,1.0904761904761906,1.0,3.566025641025641,3.6,80,2,3
1111051500,서울특별시 종로구 청운효자동,1.0833333333333333,1.0,3.22741935483871,3.333333333333333,62,0,7
1111061500,서울특별시 종로구 종로1·2·3·4가동,1.0827956989247312,1.0,3.0002403846153842,2.925,416,11,25
1114067000,서울특별시 중구 황학동,1.0787878787878789,1.0,3.226094276094276,3.2,99,2,7
1123056000,서울특별시 동대문구 전농1동,1.075,1.0,3.15625,3.15,104,5,10
1150060500,서울특별시 강서구 가양3동,1.0742857142857143,1.0,2.524537037037037,2.208333333333333,36,1,4
1156063000,서울특별시 영등포구 신길1동,1.0708333333333333,1.0,3.3211538461538463,3.275,78,0,2
1121576000,서울특별시 광진구 중곡3동,1.0666666666666667,1.0,2.8951977401129945,2.6666666666666665,60,0,3
1153051000,서울특별시 구로구 신도림동,1.0638297872340425,1.0,3.0019607843137255,3.041666666666667,102,1,0
1144059000,서울특별시 마포구 용강동,1.0592592592592593,1.0,2.7535087719298246,2.5666666666666664,76,1,4
1138055100,서울특별시 은평구 갈현1동,1.049367088607595,1.0,2.9755144032921814,2.8333333333333335,81,2,5
1117051000,서울특별시 용산구 후암동,1.047945205479452,1.0,2.9705761316872428,2.8166666666666664,81,1,3
1153073000,서울특별시 구로구 고척2동,1.0435483870967743,1.0,3.0767156862745098,3.075,68,0,1
1141072000,서울특별시 서대문구 북가좌2동,1.04,1.0,2.9465686274509806,2.783333333333333,136,1,9
1135061100,서울특별시 노원구 하계1동,1.036764705882353,1.0,2.664189189189189,2.658333333333333,74,1,8
1114065000,서울특별시 중구 신당5동,1.0158730158730158,1.0,3.0320512820512824,2.8333333333333335,65,0,1
1168069000,서울특별시 강남구 개포4동,1.0142857142857142,1.0,2.6436708860759492,2.5833333333333335,79,1,2
1114063500,서울특별시 중구 약수동,1.0097560975609756,1.0,2.753900709219858,2.6833333333333336,47,0,1
1130557500,서울특별시 강북구 삼각산동,0.9975609756097561,1.0,3.0200617283950617,3.0,54,0,1
1126060000,서울특별시 중랑구 중화1동,0.9925925925925926,1.0,2.9791666666666665,2.841666666666667,60,0,3
1114062500,서울특별시 중구 다산동,0.9848101265822784,1.0,3.011877394636015,2.9166666666666665,87,1,5
1171054000,서울특별시 송파구 마천1동,0.9846153846153847,1.0,2.7614155251141552,2.6833333333333336,73,0,1
1120059000,서울특별시 성동구 금호1가동,0.9823529411764705,1.0,2.6063492063492064,2.75,21,0,0
1126069000,서울특별시 중랑구 신내2동,0.9723404255319149,1.0,2.5789115646258507,2.6666666666666665,50,1,2
1117065000,서울특별시 용산구 이태원1동,0.957843137254902,1.0,2.6812841530054645,2.55,122,0,1
1150052000,서울특별시 강서구 등촌1동,0.9536082474226805,1.0,2.7253086419753085,2.2666666666666666,109,0,5
1174064000,서울특별시 강동구 성내1동,0.9439393939393939,1.0,2.5827450980392155,2.183333333333333,85,0,6
1144063000,서울특별시 마포구 신수동,0.9043478260869565,1.0,2.4103333333333334,2.45,50,0,1
1114061500,서울특별시 중구 신당동,0.8918367346938776,1.0,2.4685636856368562,2.5166666666666666,123,1,8
