adm_cd,adm_nm,year,fire_count,death_cnt,injury_cnt,property_damage
1111051500,서울특별시 종로구 청운효자동,2021,47,0,7,61896
1111051500,서울특별시 종로구 청운효자동,2022,10,0,0,16334
1111051500,서울특별시 종로구 청운효자동,2023,5,0,0,392
1111051500,서울특별시 종로구 청운효자동,2024,3,0,0,5940
1111053000,서울특별시 종로구 사직동,2021,88,1,4,78901
1111053000,서울특별시 종로구 사직동,2022,10,0,0,14919
1111053000,서울특별시 종로구 사직동,2023,9,1,0,13198
1111053000,서울특별시 종로구 사직동,2024,18,0,0,12857
1111054000,서울특별시 종로구 삼청동,2021,21,0,1,107090
1111054000,서울특별시 종로구 삼청동,2022,4,0,1,14572
1111054000,서울특별시 종로구 삼청동,2023,5,0,0,97
1111054000,서울특별시 종로구 삼청동,2024,7,0,0,7230
1111055000,서울특별시 종로구 부암동,2021,39,0,0,107135
1111055000,서울특별시 종로구 부암동,2022,10,2,0,14166
1111055000,서울특별시 종로구 부암동,2023,9,0,0,2528
1111055000,서울특별시 종로구 부암동,2024,7,1,0,55438
1111056000,서울특별시 종로구 평창동,2021,82,0,4,179049
1111056000,서울특별시 종로구 평창동,2022,9,0,0,5944
1111056000,서울특별시 종로구 평창동,2023,18,0,1,179953
1111056000,서울특별시 종로구 평창동,2024,6,0,0,2215
1111057000,서울특별시 종로구 무악동,2021,19,0,0,62140
1111057000,서울특별시 종로구 무악동,2022,5,0,0,1271
1111057000,서울특별시 종로구 무악동,2023,2,0,0,4130
1111057000,서울특별시 종로구 무악동,2024,3,0,0,4596
1111058000,서울특별시 종로구 교남동,2021,20,0,1,39344
1111058000,서울특별시 종로구 교남동,2022,2,0,0,1342
1111058000,서울특별시 종로구 교남동,2023,3,0,0,1905
1111058000,서울특별시 종로구 교남동,2024,11,0,0,16313
1111060000,서울특별시 종로구 가회동,2021,27,0,0,25804
1111060000,서울특별시 종로구 가회동,2022,5,0,0,916
1111060000,서울특별시 종로구 가회동,2023,3,0,0,404
1111060000,서울특별시 종로구 가회동,2024,3,0,0,25
1111061500,서울특별시 종로구 종로1·2·3·4가동,2021,288,11,17,928173
1111061500,서울특별시 종로구 종로1·2·3·4가동,2022,63,0,5,90647
1111061500,서울특별시 종로구 종로1·2·3·4가동,2023,65,0,3,49899
1111061500,서울특별시 종로구 종로1·2·3·4가동,2024,52,0,1,130059
1111063000,서울특별시 종로구 종로5·6가동,2021,79,7,5,386980
1111063000,서울특별시 종로구 종로5·6가동,2022,15,0,0,9771
1111063000,서울특별시 종로구 종로5·6가동,2023,19,0,4,113573
1111063000,서울특별시 종로구 종로5·6가동,2024,17,0,6,152612
1111064000,서울특별시 종로구 이화동,2021,67,0,4,280730
1111064000,서울특별시 종로구 이화동,2022,8,0,0,3235
1111064000,서울특별시 종로구 이화동,2023,11,0,0,2489
1111064000,서울특별시 종로구 이화동,2024,13,0,0,4914
1111065000,서울특별시 종로구 혜화동,2021,105,0,3,101431
1111065000,서울특별시 종로구 혜화동,2022,22,0,4,70814
1111065000,서울특별시 종로구 혜화동,2023,10,0,0,3436
1111065000,서울특별시 종로구 혜화동,2024,20,1,2,5468
1111067000,서울특별시 종로구 창신1동,2021,65,0,0,182962
1111067000,서울특별시 종로구 창신1동,2022,9,0,0,2427
1111067000,서울특별시 종로구 창신1동,2023,11,0,0,18498
1111067000,서울특별시 종로구 창신1동,2024,14,0,0,41075
1111068000,서울특별시 종로구 창신2동,2021,37,0,2,19135
1111068000,서울특별시 종로구 창신2동,2022,3,0,0,15828
1111068000,서울특별시 종로구 창신2동,2023,6,0,0,11587
1111068000,서울특별시 종로구 창신2동,2024,5,2,2,22316
1111069000,서울특별시 종로구 창신3동,2021,18,0,0,31833
1111069000,서울특별시 종로구 창신3동,2022,4,0,0,874
1111069000,서울특별시 종로구 창신3동,2023,6,0,1,6010
1111069000,서울특별시 종로구 창신3동,2024,5,0,0,137232
1111070000,서울특별시 종로구 숭인1동,2021,25,1,2,153541
1111070000,서울특별시 종로구 숭인1동,2022,2,0,0,8347
1111070000,서울특별시 종로구 숭인1동,2023,3,0,0,3215
1111071000,서울특별시 종로구 숭인2동,2021,58,0,2,574867
1111071000,서울특별시 종로구 숭인2동,2022,10,0,0,3945
1111071000,서울특별시 종로구 숭인2동,2023,8,0,1,2607
1111071000,서울특별시 종로구 숭인2동,2024,11,0,1,55625
1114052000,서울특별시 중구 소공동,2021,68,1,3,258430
1114052000,서울특별시 중구 소공동,2022,15,0,6,18617
1114052000,서울특별시 중구 소공동,2023,8,0,0,152452
1114052000,서울특별시 중구 소공동,2024,11,0,0,168545
1114054000,서울특별시 중구 회현동,2021,94,1,3,1147942
1114054000,서울특별시 중구 회현동,2022,11,0,1,353415
1114054000,서울특별시 중구 회현동,2023,14,0,3,93665
1114054000,서울특별시 중구 회현동,2024,22,0,1,67677
1114055000,서울특별시 중구 명동,2021,122,0,10,2450679
1114055000,서울특별시 중구 명동,2022,23,1,2,427698
1114055000,서울특별시 중구 명동,2023,18,0,0,22139
1114055000,서울특별시 중구 명동,2024,22,0,2,82847
1114057000,서울특별시 중구 필동,2021,63,0,0,133747
1114057000,서울특별시 중구 필동,2022,13,0,0,14570
1114057000,서울특별시 중구 필동,2023,9,0,0,21053
1114057000,서울특별시 중구 필동,2024,12,0,0,41502
1114058000,서울특별시 중구 장충동,2021,41,0,4,715656
1114058000,서울특별시 중구 장충동,2022,9,0,0,28282
1114058000,서울특별시 중구 장충동,2023,3,0,0,4298
1114058000,서울특별시 중구 장충동,2024,7,0,0,5017
1114059000,서울특별시 중구 광희동,2021,112,0,20,335654
1114059000,서울특별시 중구 광희동,2022,19,0,6,690605
1114059000,서울특별시 중구 광희동,2023,19,0,6,394516
1114059000,서울특별시 중구 광희동,2024,22,0,3,191117
1114060500,서울특별시 중구 을지로동,2021,100,3,5,1617588
1114060500,서울특별시 중구 을지로동,2022,15,0,1,209391
1114060500,서울특별시 중구 을지로동,2023,13,0,2,290367
1114060500,서울특별시 중구 을지로동,2024,12,0,0,2711
1114061500,서울특별시 중구 신당동,2021,97,1,8,72035466
1114061500,서울특별시 중구 신당동,2022,18,0,0,102909
1114061500,서울특별시 중구 신당동,2023,8,0,0,39432
1114061500,서울특별시 중구 신당동,2024,16,0,0,23612
1114062500,서울특별시 중구 다산동,2021,67,1,5,180991
1114062500,서울특별시 중구 다산동,2022,12,0,0,201347
1114062500,서울특별시 중구 다산동,2023,8,0,0,10818
1114062500,서울특별시 중구 다산동,2024,8,0,0,38361
1114063500,서울특별시 중구 약수동,2021,31,0,1,18519
1114063500,서울특별시 중구 약수동,2022,9,0,0,131203
1114063500,서울특별시 중구 약수동,2023,7,0,0,32551
1114063500,서울특별시 중구 약수동,2024,8,0,0,108909
1114064500,서울특별시 중구 청구동,2021,34,0,9,550675
1114064500,서울특별시 중구 청구동,2022,8,0,5,4045
1114064500,서울특별시 중구 청구동,2023,3,0,0,22983
1114064500,서울특별시 중구 청구동,2024,3,0,0,326
1114065000,서울특별시 중구 신당5동,2021,47,0,1,132597
1114065000,서울특별시 중구 신당5동,2022,11,0,0,151559
1114065000,서울특별시 중구 신당5동,2023,7,0,0,31979
1114065000,서울특별시 중구 신당5동,2024,9,0,0,125503
1114066500,서울특별시 중구 동화동,2021,33,0,2,18263
1114066500,서울특별시 중구 동화동,2022,4,0,0,6258
1114066500,서울특별시 중구 동화동,2023,2,0,0,53
1114066500,서울특별시 중구 동화동,2024,1,0,0,1
1114067000,서울특별시 중구 황학동,2021,70,1,6,231471
1114067000,서울특별시 중구 황학동,2022,15,1,0,57846
1114067000,서울특별시 중구 황학동,2023,14,0,1,7666
1114067000,서울특별시 중구 황학동,2024,10,0,0,48103
1114068000,서울특별시 중구 중림동,2021,32,0,1,14758
1114068000,서울특별시 중구 중림동,2022,9,0,1,3424
1114068000,서울특별시 중구 중림동,2023,7,0,0,30444
1114068000,서울특별시 중구 중림동,2024,9,0,0,59009
1117051000,서울특별시 용산구 후암동,2021,54,0,2,64776
1117051000,서울특별시 용산구 후암동,2022,13,1,1,17685
1117051000,서울특별시 용산구 후암동,2023,14,0,0,51881
1117051000,서울특별시 용산구 후암동,2024,10,0,1,5237
1117052000,서울특별시 용산구 용산2가동,2021,40,0,0,92407
1117052000,서울특별시 용산구 용산2가동,2022,13,0,1,40085
1117052000,서울특별시 용산구 용산2가동,2023,8,0,0,5405
1117052000,서울특별시 용산구 용산2가동,2024,6,0,0,28624
1117053000,서울특별시 용산구 남영동,2021,78,0,6,110383
1117053000,서울특별시 용산구 남영동,2022,17,0,1,12806
1117053000,서울특별시 용산구 남영동,2023,20,1,0,7223
1117053000,서울특별시 용산구 남영동,2024,9,0,0,32065
1117055500,서울특별시 용산구 청파동,2021,83,0,1,122191
1117055500,서울특별시 용산구 청파동,2022,9,1,1,7759
1117055500,서울특별시 용산구 청파동,2023,21,0,0,21640
1117055500,서울특별시 용산구 청파동,2024,14,1,2,11470
1117056000,서울특별시 용산구 원효로1동,2021,54,0,4,83870
1117056000,서울특별시 용산구 원효로1동,2022,17,0,0,27607
1117056000,서울특별시 용산구 원효로1동,2023,13,0,0,2450
1117056000,서울특별시 용산구 원효로1동,2024,13,0,0,61035
1117057000,서울특별시 용산구 원효로2동,2021,50,0,3,103510
1117057000,서울특별시 용산구 원효로2동,2022,2,0,0,1640
1117057000,서울특별시 용산구 원효로2동,2023,5,0,0,6358
1117057000,서울특별시 용산구 원효로2동,2024,2,0,0,79
1117058000,서울특별시 용산구 효창동,2021,25,0,1,11597
1117058000,서울특별시 용산구 효창동,2022,5,0,0,1945
1117058000,서울특별시 용산구 효창동,2023,10,0,0,8133
1117058000,서울특별시 용산구 효창동,2024,2,0,0,48
1117059000,서울특별시 용산구 용문동,2021,23,0,0,9195
1117059000,서울특별시 용산구 용문동,2022,7,0,1,4424
1117059000,서울특별시 용산구 용문동,2023,5,0,0,100
1117059000,서울특별시 용산구 용문동,2024,6,0,0,3679
1117062500,서울특별시 용산구 한강로동,2021,94,1,1,114563
1117062500,서울특별시 용산구 한강로동,2022,32,0,0,46831
1117062500,서울특별시 용산구 한강로동,2023,30,0,0,20058
1117062500,서울특별시 용산구 한강로동,2024,21,0,2,79512
1117063000,서울특별시 용산구 이촌1동,2021,44,0,4,177517
1117063000,서울특별시 용산구 이촌1동,2022,7,0,0,4816
1117063000,서울특별시 용산구 이촌1동,2023,6,0,0,4882
1117063000,서울특별시 용산구 이촌1동,2024,7,0,0,3767
1117064000,서울특별시 용산구 이촌2동,2021,19,0,0,11867
1117064000,서울특별시 용산구 이촌2동,2022,4,0,0,4020
1117064000,서울특별시 용산구 이촌2동,2023,3,0,0,50900
1117065000,서울특별시 용산구 이태원1동,2021,91,0,0,72397
1117065000,서울특별시 용산구 이태원1동,2022,12,0,0,3956
1117065000,서울특별시 용산구 이태원1동,2023,19,0,1,30747
1117065000,서울특별시 용산구 이태원1동,2024,13,0,0,5355
1117066000,서울특별시 용산구 이태원2동,2021,44,0,0,56300
1117066000,서울특별시 용산구 이태원2동,2022,9,0,3,29269
1117066000,서울특별시 용산구 이태원2동,2023,7,0,0,32549
1117066000,서울특별시 용산구 이태원2동,2024,8,0,0,2118
1117068500,서울특별시 용산구 한남동,2021,147,0,2,319770
1117068500,서울특별시 용산구 한남동,2022,31,0,0,38320
1117068500,서울특별시 용산구 한남동,2023,27,0,0,10042
1117068500,서울특별시 용산구 한남동,2024,17,0,0,35672
1117069000,서울특별시 용산구 서빙고동,2021,38,0,0,56360
1117069000,서울특별시 용산구 서빙고동,2022,10,0,0,21621
1117069000,서울특별시 용산구 서빙고동,2023,9,0,1,6881
1117069000,서울특별시 용산구 서빙고동,2024,10,0,0,2286
1117070000,서울특별시 용산구 보광동,2021,63,0,3,62052
1117070000,서울특별시 용산구 보광동,2022,19,0,0,7968
1117070000,서울특별시 용산구 보광동,2023,18,0,0,23057
1117070000,서울특별시 용산구 보광동,2024,5,0,1,16615
1120052000,서울특별시 성동구 왕십리2동,2021,29,0,0,48434
1120052000,서울특별시 성동구 왕십리2동,2022,8,0,0,2234
1120052000,서울특별시 성동구 왕십리2동,2023,6,0,0,55505
1120052000,서울특별시 성동구 왕십리2동,2024,3,0,0,492
1120053500,서울특별시 성동구 왕십리도선동,2021,48,0,0,100521
1120053500,서울특별시 성동구 왕십리도선동,2022,17,0,0,5820
1120053500,서울특별시 성동구 왕십리도선동,2023,15,0,0,5916
1120053500,서울특별시 성동구 왕십리도선동,2024,11,0,0,39962
1120054000,서울특별시 성동구 마장동,2021,91,0,5,597155
1120054000,서울특별시 성동구 마장동,2022,24,0,3,488585
1120054000,서울특별시 성동구 마장동,2023,16,0,0,233393
1120054000,서울특별시 성동구 마장동,2024,19,0,1,82577
1120055000,서울특별시 성동구 사근동,2021,84,0,6,110397
1120055000,서울특별시 성동구 사근동,2022,18,0,0,3675
1120055000,서울특별시 성동구 사근동,2023,18,0,0,9511
1120055000,서울특별시 성동구 사근동,2024,12,0,0,11354
1120056000,서울특별시 성동구 행당1동,2021,52,0,1,64025
1120056000,서울특별시 성동구 행당1동,2022,12,0,0,2521
1120056000,서울특별시 성동구 행당1동,2023,11,0,0,2131
1120056000,서울특별시 성동구 행당1동,2024,13,0,1,1924
1120057000,서울특별시 성동구 행당2동,2021,23,0,2,45717
1120057000,서울특별시 성동구 행당2동,2022,2,0,0,3708
1120057000,서울특별시 성동구 행당2동,2023,3,0,0,660
1120057000,서울특별시 성동구 행당2동,2024,3,0,0,70
1120058000,서울특별시 성동구 응봉동,2021,25,0,3,86027
1120058000,서울특별시 성동구 응봉동,2022,6,0,0,344
1120058000,서울특별시 성동구 응봉동,2023,2,0,0,706
1120058000,서울특별시 성동구 응봉동,2024,7,0,0,20935
1120059000,서울특별시 성동구 금호1가동,2021,16,0,0,15755
1120059000,서울특별시 성동구 금호1가동,2022,3,0,0,1375
1120059000,서울특별시 성동구 금호1가동,2023,2,0,0,179
1120059000,서울특별시 성동구 금호1가동,2024,1,0,0,308
1120061500,서울특별시 성동구 금호2·3가동,2021,54,0,4,220745
1120061500,서울특별시 성동구 금호2·3가동,2022,9,0,0,1246
1120061500,서울특별시 성동구 금호2·3가동,2023,11,0,0,2621
1120061500,서울특별시 성동구 금호2·3가동,2024,6,0,0,5848
1120062000,서울특별시 성동구 금호4가동,2021,26,1,0,59394
1120062000,서울특별시 성동구 금호4가동,2022,5,0,0,373
1120062000,서울특별시 성동구 금호4가동,2024,5,0,0,466
1120064500,서울특별시 성동구 옥수동,2021,37,0,0,88214
1120064500,서울특별시 성동구 옥수동,2022,8,0,0,4363
1120064500,서울특별시 성동구 옥수동,2023,14,0,0,1642
1120064500,서울특별시 성동구 옥수동,2024,11,0,0,21107
1120065000,서울특별시 성동구 성수1가1동,2021,76,2,5,142578
1120065000,서울특별시 성동구 성수1가1동,2022,11,0,1,1429
1120065000,서울특별시 성동구 성수1가1동,2023,12,0,0,21782
1120065000,서울특별시 성동구 성수1가1동,2024,11,0,4,13175
1120066000,서울특별시 성동구 성수1가2동,2021,67,0,3,114994
1120066000,서울특별시 성동구 성수1가2동,2022,21,1,0,17177
1120066000,서울특별시 성동구 성수1가2동,2023,17,0,0,7061
1120066000,서울특별시 성동구 성수1가2동,2024,14,1,1,117842
1120067000,서울특별시 성동구 성수2가1동,2021,88,0,3,278022
1120067000,서울특별시 성동구 성수2가1동,2022,25,0,0,454596
1120067000,서울특별시 성동구 성수2가1동,2023,19,0,1,11311
1120067000,서울특별시 성동구 성수2가1동,2024,9,0,1,1745
1120069000,서울특별시 성동구 성수2가3동,2021,118,0,2,681339
1120069000,서울특별시 성동구 성수2가3동,2022,21,0,0,8965
1120069000,서울특별시 성동구 성수2가3동,2023,27,0,1,166960
1120069000,서울특별시 성동구 성수2가3동,2024,21,0,0,38165
1120072000,서울특별시 성동구 송정동,2021,22,0,0,51373
1120072000,서울특별시 성동구 송정동,2022,11,0,0,3774
1120072000,서울특별시 성동구 송정동,2023,3,0,0,39
1120072000,서울특별시 성동구 송정동,2024,9,0,0,34564
1120079000,서울특별시 성동구 용답동,2021,83,0,2,153847
1120079000,서울특별시 성동구 용답동,2022,14,0,6,85398
1120079000,서울특별시 성동구 용답동,2023,21,0,1,12239
1120079000,서울특별시 성동구 용답동,2024,17,0,1,40564
1121571000,서울특별시 광진구 화양동,2021,143,0,3,310886
1121571000,서울특별시 광진구 화양동,2022,16,0,0,20650
1121571000,서울특별시 광진구 화양동,2023,40,0,0,17404
1121571000,서울특별시 광진구 화양동,2024,31,0,1,47433
1121573000,서울특별시 광진구 군자동,2021,68,0,4,113330
1121573000,서울특별시 광진구 군자동,2022,10,0,2,25534
1121573000,서울특별시 광진구 군자동,2023,10,0,0,16920
1121573000,서울특별시 광진구 군자동,2024,8,0,1,1128
1121574000,서울특별시 광진구 중곡1동,2021,33,0,0,359073
1121574000,서울특별시 광진구 중곡1동,2022,13,0,2,99323
1121574000,서울특별시 광진구 중곡1동,2023,10,0,0,18328
1121574000,서울특별시 광진구 중곡1동,2024,21,0,3,49472
1121575000,서울특별시 광진구 중곡2동,2021,57,0,2,133951
1121575000,서울특별시 광진구 중곡2동,2022,9,0,0,1373
1121575000,서울특별시 광진구 중곡2동,2023,7,0,0,46640
1121575000,서울특별시 광진구 중곡2동,2024,13,0,4,53756
1121576000,서울특별시 광진구 중곡3동,2021,39,0,2,135626
1121576000,서울특별시 광진구 중곡3동,2022,7,0,1,2797
1121576000,서울특별시 광진구 중곡3동,2023,14,0,0,18371
1121576000,서울특별시 광진구 중곡3동,2024,8,0,0,2172
1121577000,서울특별시 광진구 중곡4동,2021,70,2,6,252373
1121577000,서울특별시 광진구 중곡4동,2022,6,0,0,8044
1121577000,서울특별시 광진구 중곡4동,2023,12,0,0,13231
1121577000,서울특별시 광진구 중곡4동,2024,14,1,0,48567
1121578000,서울특별시 광진구 능동,2021,33,0,2,93185
1121578000,서울특별시 광진구 능동,2022,6,0,1,6482
1121578000,서울특별시 광진구 능동,2023,5,0,2,2525
1121578000,서울특별시 광진구 능동,2024,11,0,0,2447
1121581000,서울특별시 광진구 광장동,2021,61,0,3,396496
1121581000,서울특별시 광진구 광장동,2022,10,0,0,14097
1121581000,서울특별시 광진구 광장동,2023,7,0,0,7361
1121581000,서울특별시 광진구 광장동,2024,15,0,2,55169
1121582000,서울특별시 광진구 자양1동,2021,72,0,5,131152
1121582000,서울특별시 광진구 자양1동,2022,13,0,0,39134
1121582000,서울특별시 광진구 자양1동,2023,6,0,0,812
1121582000,서울특별시 광진구 자양1동,2024,14,0,0,58169
1121583000,서울특별시 광진구 자양2동,2021,58,0,0,100484
1121583000,서울특별시 광진구 자양2동,2022,7,0,0,6196
1121583000,서울특별시 광진구 자양2동,2023,14,0,2,52452
1121583000,서울특별시 광진구 자양2동,2024,21,0,0,12012
1121584000,서울특별시 광진구 자양3동,2021,43,0,1,78773
1121584000,서울특별시 광진구 자양3동,2022,5,0,0,146459
1121584000,서울특별시 광진구 자양3동,2023,9,0,0,582
1121584000,서울특별시 광진구 자양3동,2024,8,0,1,7480
1121584700,서울특별시 광진구 자양4동,2021,92,1,4,248941
1121584700,서울특별시 광진구 자양4동,2022,9,0,0,35193
1121584700,서울특별시 광진구 자양4동,2023,21,0,0,132781
1121584700,서울특별시 광진구 자양4동,2024,13,0,0,5943
1121585000,서울특별시 광진구 구의1동,2021,67,0,2,153597
1121585000,서울특별시 광진구 구의1동,2022,11,0,0,42259
1121585000,서울특별시 광진구 구의1동,2023,14,0,0,13836
1121585000,서울특별시 광진구 구의1동,2024,20,0,1,65901
1121586000,서울특별시 광진구 구의2동,2021,52,0,0,59573
1121586000,서울특별시 광진구 구의2동,2022,15,0,0,6607
1121586000,서울특별시 광진구 구의2동,2023,16,0,0,6415
1121586000,서울특별시 광진구 구의2동,2024,10,0,0,49051
1121587000,서울특별시 광진구 구의3동,2021,62,0,0,63349
1121587000,서울특별시 광진구 구의3동,2022,8,0,1,30138
1121587000,서울특별시 광진구 구의3동,2023,8,0,0,7060
1121587000,서울특별시 광진구 구의3동,2024,15,0,0,1954
1123053600,서울특별시 동대문구 용신동,2021,97,0,4,515409
1123053600,서울특별시 동대문구 용신동,2022,29,0,4,38300
1123053600,서울특별시 동대문구 용신동,2023,21,0,0,54590
1123053600,서울특별시 동대문구 용신동,2024,32,0,2,2850786
1123054500,서울특별시 동대문구 제기동,2021,132,2,10,4024498
1123054500,서울특별시 동대문구 제기동,2022,22,0,0,42127
1123054500,서울특별시 동대문구 제기동,2023,18,0,4,30943
1123054500,서울특별시 동대문구 제기동,2024,17,0,4,88288
1123056000,서울특별시 동대문구 전농1동,2021,74,3,4,128616
1123056000,서울특별시 동대문구 전농1동,2022,14,0,1,63349
1123056000,서울특별시 동대문구 전농1동,2023,16,2,5,13226
1123056000,서울특별시 동대문구 전농1동,2024,18,0,4,19673
1123057000,서울특별시 동대문구 전농2동,2021,23,2,1,540961
1123057000,서울특별시 동대문구 전농2동,2022,9,1,1,100327
1123057000,서울특별시 동대문구 전농2동,2023,5,0,0,782
1123057000,서울특별시 동대문구 전농2동,2024,4,0,0,28844
1123060000,서울특별시 동대문구 답십리1동,2021,37,0,1,149820
1123060000,서울특별시 동대문구 답십리1동,2022,10,0,0,22937
1123060000,서울특별시 동대문구 답십리1동,2023,5,0,0,9603
1123060000,서울특별시 동대문구 답십리1동,2024,9,0,0,2655
1123061000,서울특별시 동대문구 답십리2동,2021,49,1,2,87131
1123061000,서울특별시 동대문구 답십리2동,2022,6,0,1,17308
1123061000,서울특별시 동대문구 답십리2동,2023,6,0,0,347
1123061000,서울특별시 동대문구 답십리2동,2024,6,0,0,8759
1123065000,서울특별시 동대문구 장안1동,2021,123,5,11,664811
1123065000,서울특별시 동대문구 장안1동,2022,22,0,0,9916
1123065000,서울특별시 동대문구 장안1동,2023,14,0,0,8211
1123065000,서울특별시 동대문구 장안1동,2024,16,0,2,225861
1123066000,서울특별시 동대문구 장안2동,2021,76,0,1,239973
1123066000,서울특별시 동대문구 장안2동,2022,11,0,2,339992
1123066000,서울특별시 동대문구 장안2동,2023,16,0,1,167598
1123066000,서울특별시 동대문구 장안2동,2024,15,0,0,4032
1123070500,서울특별시 동대문구 청량리동,2021,51,1,4,446963
1123070500,서울특별시 동대문구 청량리동,2022,15,1,2,39233
1123070500,서울특별시 동대문구 청량리동,2023,8,0,1,32658
1123070500,서울특별시 동대문구 청량리동,2024,12,0,2,167637
1123071000,서울특별시 동대문구 회기동,2021,42,0,9,119950
1123071000,서울특별시 동대문구 회기동,2022,6,0,0,27141
1123071000,서울특별시 동대문구 회기동,2023,10,0,0,4609
1123071000,서울특별시 동대문구 회기동,2024,8,0,2,35382
1123072000,서울특별시 동대문구 휘경1동,2021,45,0,2,30724
1123072000,서울특별시 동대문구 휘경1동,2022,7,0,1,35136
1123072000,서울특별시 동대문구 휘경1동,2023,8,0,0,17345
1123072000,서울특별시 동대문구 휘경1동,2024,8,0,0,6094
1123073000,서울특별시 동대문구 휘경2동,2021,44,1,1,202165
1123073000,서울특별시 동대문구 휘경2동,2022,10,0,0,58834
1123073000,서울특별시 동대문구 휘경2동,2023,14,0,0,14361
1123073000,서울특별시 동대문구 휘경2동,2024,4,0,1,4569
1123074000,서울특별시 동대문구 이문1동,2021,52,1,1,64180
1123074000,서울특별시 동대문구 이문1동,2022,10,0,0,7181
1123074000,서울특별시 동대문구 이문1동,2023,11,0,0,4116
1123074000,서울특별시 동대문구 이문1동,2024,9,0,1,268022
1123075000,서울특별시 동대문구 이문2동,2021,26,0,4,50883
1123075000,서울특별시 동대문구 이문2동,2022,2,0,0,446
1123075000,서울특별시 동대문구 이문2동,2023,7,0,0,2272
1123075000,서울특별시 동대문구 이문2동,2024,4,0,0,1027
1126052000,서울특별시 중랑구 면목2동,2021,61,1,1,99067
1126052000,서울특별시 중랑구 면목2동,2022,13,1,1,65509
1126052000,서울특별시 중랑구 면목2동,2023,17,0,0,13900
1126052000,서울특별시 중랑구 면목2동,2024,13,0,0,45009
1126054000,서울특별시 중랑구 면목4동,2021,52,0,1,14818
1126054000,서울특별시 중랑구 면목4동,2022,3,0,0,83
1126054000,서울특별시 중랑구 면목4동,2023,7,0,0,761
1126054000,서울특별시 중랑구 면목4동,2024,10,0,0,27013
1126055000,서울특별시 중랑구 면목5동,2021,28,0,0,22117
1126055000,서울특별시 중랑구 면목5동,2022,5,0,0,346
1126055000,서울특별시 중랑구 면목5동,2023,4,0,1,1580
1126055000,서울특별시 중랑구 면목5동,2024,4,0,0,41458
1126056500,서울특별시 중랑구 면목본동,2021,105,0,5,172354
1126056500,서울특별시 중랑구 면목본동,2022,14,0,2,3361
1126056500,서울특별시 중랑구 면목본동,2023,15,0,0,19017
1126056500,서울특별시 중랑구 면목본동,2024,9,0,0,2404
1126057000,서울특별시 중랑구 면목7동,2021,54,2,4,111153
1126057000,서울특별시 중랑구 면목7동,2022,12,1,4,36378
1126057000,서울특별시 중랑구 면목7동,2023,11,0,1,22196
1126057000,서울특별시 중랑구 면목7동,2024,11,0,0,5780
1126057500,서울특별시 중랑구 면목3·8동,2021,82,0,5,61204
1126057500,서울특별시 중랑구 면목3·8동,2022,8,0,1,5578
1126057500,서울특별시 중랑구 면목3·8동,2023,12,0,0,13933
1126057500,서울특별시 중랑구 면목3·8동,2024,11,0,0,1925
1126058000,서울특별시 중랑구 상봉1동,2021,48,2,1,144399
1126058000,서울특별시 중랑구 상봉1동,2022,8,1,1,7504
1126058000,서울특별시 중랑구 상봉1동,2023,8,0,8,38004
1126058000,서울특별시 중랑구 상봉1동,2024,7,0,0,8195
1126059000,서울특별시 중랑구 상봉2동,2021,86,0,2,71350
1126059000,서울특별시 중랑구 상봉2동,2022,20,0,2,18182
1126059000,서울특별시 중랑구 상봉2동,2023,22,0,3,66595
1126059000,서울특별시 중랑구 상봉2동,2024,16,0,1,18831
1126060000,서울특별시 중랑구 중화1동,2021,45,0,2,70399
1126060000,서울특별시 중랑구 중화1동,2022,7,0,0,14698
1126060000,서울특별시 중랑구 중화1동,2023,8,0,1,14355
1126060000,서울특별시 중랑구 중화1동,2024,7,0,0,11539
1126061000,서울특별시 중랑구 중화2동,2021,104,0,6,101801
1126061000,서울특별시 중랑구 중화2동,2022,21,0,2,48680
1126061000,서울특별시 중랑구 중화2동,2023,13,0,2,4186
1126061000,서울특별시 중랑구 중화2동,2024,13,0,1,47809
1126062000,서울특별시 중랑구 묵1동,2021,72,1,4,177842
1126062000,서울특별시 중랑구 묵1동,2022,11,0,1,2106
1126062000,서울특별시 중랑구 묵1동,2023,8,0,0,7409
1126062000,서울특별시 중랑구 묵1동,2024,10,0,0,1359
1126063000,서울특별시 중랑구 묵2동,2021,48,0,1,47454
1126063000,서울특별시 중랑구 묵2동,2022,13,0,1,75218
1126063000,서울특별시 중랑구 묵2동,2023,6,0,3,9479
1126063000,서울특별시 중랑구 묵2동,2024,3,0,0,38
1126065500,서울특별시 중랑구 망우본동,2021,110,0,6,172296
1126065500,서울특별시 중랑구 망우본동,2022,25,0,2,24039
1126065500,서울특별시 중랑구 망우본동,2023,15,0,0,11685
1126065500,서울특별시 중랑구 망우본동,2024,21,0,5,57659
1126066000,서울특별시 중랑구 망우3동,2021,54,0,4,39930
1126066000,서울특별시 중랑구 망우3동,2022,11,0,1,53289
1126066000,서울특별시 중랑구 망우3동,2023,8,0,1,2687
1126066000,서울특별시 중랑구 망우3동,2024,6,0,0,797
1126068000,서울특별시 중랑구 신내1동,2021,71,0,2,36859
1126068000,서울특별시 중랑구 신내1동,2022,7,0,1,1156
1126068000,서울특별시 중랑구 신내1동,2023,12,0,1,18140
1126068000,서울특별시 중랑구 신내1동,2024,9,0,1,5585
1126069000,서울특별시 중랑구 신내2동,2021,32,1,1,49575
1126069000,서울특별시 중랑구 신내2동,2022,10,0,1,21216
1126069000,서울특별시 중랑구 신내2동,2023,8,0,0,17745
1126069000,서울특별시 중랑구 신내2동,2024,4,0,0,1369
1129052500,서울특별시 성북구 성북동,2021,46,0,0,76888
1129052500,서울특별시 성북구 성북동,2022,11,0,0,36126
1129052500,서울특별시 성북구 성북동,2023,9,0,0,42717
1129052500,서울특별시 성북구 성북동,2024,14,0,2,20765
1129055500,서울특별시 성북구 삼선동,2021,63,0,5,80899
1129055500,서울특별시 성북구 삼선동,2022,11,0,0,13306
1129055500,서울특별시 성북구 삼선동,2023,22,0,1,6561
1129055500,서울특별시 성북구 삼선동,2024,25,0,0,30899
1129057500,서울특별시 성북구 동선동,2021,82,0,7,177692
1129057500,서울특별시 성북구 동선동,2022,12,0,0,11383
1129057500,서울특별시 성북구 동선동,2023,24,0,1,53518
1129057500,서울특별시 성북구 동선동,2024,30,0,1,27930
1129058000,서울특별시 성북구 돈암1동,2021,13,0,1,13253
1129058000,서울특별시 성북구 돈암1동,2022,1,0,0,1
1129058000,서울특별시 성북구 돈암1동,2023,8,0,0,6863
1129058000,서울특별시 성북구 돈암1동,2024,2,0,0,18
1129059000,서울특별시 성북구 돈암2동,2021,21,0,0,71109
1129059000,서울특별시 성북구 돈암2동,2022,2,0,0,186
1129059000,서울특별시 성북구 돈암2동,2023,4,0,0,6708
1129059000,서울특별시 성북구 돈암2동,2024,7,0,0,1412
1129060000,서울특별시 성북구 안암동,2021,59,0,2,237274
1129060000,서울특별시 성북구 안암동,2022,15,0,5,41619
1129060000,서울특별시 성북구 안암동,2023,15,0,0,17942
1129060000,서울특별시 성북구 안암동,2024,13,0,0,1652
1129061000,서울특별시 성북구 보문동,2021,33,0,1,44681
1129061000,서울특별시 성북구 보문동,2022,7,0,2,2245
1129061000,서울특별시 성북구 보문동,2023,14,0,0,3472
1129061000,서울특별시 성북구 보문동,2024,12,0,0,3908
1129062000,서울특별시 성북구 정릉1동,2021,22,0,2,17332
1129062000,서울특별시 성북구 정릉1동,2022,4,0,0,62309
1129062000,서울특별시 성북구 정릉1동,2023,5,0,0,320
1129062000,서울특별시 성북구 정릉1동,2024,6,0,0,295
1129063000,서울특별시 성북구 정릉2동,2021,47,0,2,101098
1129063000,서울특별시 성북구 정릉2동,2022,4,0,0,927
1129063000,서울특별시 성북구 정릉2동,2023,11,0,0,40857
1129063000,서울특별시 성북구 정릉2동,2024,12,0,0,4448
1129064000,서울특별시 성북구 정릉3동,2021,46,1,1,267959
1129064000,서울특별시 성북구 정릉3동,2022,8,0,1,46035
1129064000,서울특별시 성북구 정릉3동,2023,20,0,1,28631
1129064000,서울특별시 성북구 정릉3동,2024,15,0,0,13900
1129065000,서울특별시 성북구 정릉4동,2021,36,1,10,158311
1129065000,서울특별시 성북구 정릉4동,2022,12,0,0,11053
1129065000,서울특별시 성북구 정릉4동,2023,17,0,3,61850
1129065000,서울특별시 성북구 정릉4동,2024,14,0,0,77874
1129066000,서울특별시 성북구 길음1동,2021,38,0,35,200916
1129066000,서울특별시 성북구 길음1동,2022,3,0,0,468
1129066000,서울특별시 성북구 길음1동,2023,8,0,0,8736
1129066000,서울특별시 성북구 길음1동,2024,12,0,0,1284
1129068500,서울특별시 성북구 길음2동,2021,35,1,2,92413
1129068500,서울특별시 성북구 길음2동,2022,8,0,0,1517
1129068500,서울특별시 성북구 길음2동,2023,6,0,0,1930
1129068500,서울특별시 성북구 길음2동,2024,13,0,0,58466
1129070500,서울특별시 성북구 종암동,2021,67,0,5,127586
1129070500,서울특별시 성북구 종암동,2022,20,0,0,35016
1129070500,서울특별시 성북구 종암동,2023,24,0,1,43998
1129070500,서울특별시 성북구 종암동,2024,29,0,2,116602
1129071500,서울특별시 성북구 월곡1동,2021,41,0,3,209806
1129071500,서울특별시 성북구 월곡1동,2022,8,0,0,2007
1129071500,서울특별시 성북구 월곡1동,2023,8,0,0,1253
1129071500,서울특별시 성북구 월곡1동,2024,9,0,0,32054
1129072500,서울특별시 성북구 월곡2동,2021,49,0,1,131021
1129072500,서울특별시 성북구 월곡2동,2022,9,0,1,14617
1129072500,서울특별시 성북구 월곡2동,2023,10,0,1,9624
1129072500,서울특별시 성북구 월곡2동,2024,18,1,2,133416
1129076000,서울특별시 성북구 장위1동,2021,48,0,4,61494
1129076000,서울특별시 성북구 장위1동,2022,10,1,0,39677
1129076000,서울특별시 성북구 장위1동,2023,9,0,0,66072
1129076000,서울특별시 성북구 장위1동,2024,12,0,1,62966
1129077000,서울특별시 성북구 장위2동,2021,36,1,1,79951
1129077000,서울특별시 성북구 장위2동,2022,2,0,0,79
1129077000,서울특별시 성북구 장위2동,2023,6,0,0,603
1129077000,서울특별시 성북구 장위2동,2024,17,0,2,85848
1129078000,서울특별시 성북구 장위3동,2021,25,1,1,74182
1129078000,서울특별시 성북구 장위3동,2022,2,0,0,88
1129078000,서울특별시 성북구 장위3동,2023,4,0,0,5154
1129078000,서울특별시 성북구 장위3동,2024,6,0,0,8420
1129081000,서울특별시 성북구 석관동,2021,78,0,1,157752
1129081000,서울특별시 성북구 석관동,2022,10,0,4,20368
1129081000,서울특별시 성북구 석관동,2023,23,0,0,7372
1129081000,서울특별시 성북구 석관동,2024,19,0,1,9073
1130553400,서울특별시 강북구 삼양동,2021,61,2,5,103571
1130553400,서울특별시 강북구 삼양동,2022,13,0,0,5839
1130553400,서울특별시 강북구 삼양동,2023,10,0,0,10966
1130553400,서울특별시 강북구 삼양동,2024,8,0,0,956
1130553500,서울특별시 강북구 미아동,2021,67,1,2,73077
1130553500,서울특별시 강북구 미아동,2022,11,0,0,5907
1130553500,서울특별시 강북구 미아동,2023,24,0,0,3863
1130553500,서울특별시 강북구 미아동,2024,12,0,0,6721
1130554500,서울특별시 강북구 송중동,2021,90,5,9,189959
1130554500,서울특별시 강북구 송중동,2022,14,0,1,31681
1130554500,서울특별시 강북구 송중동,2023,25,0,1,31100
1130554500,서울특별시 강북구 송중동,2024,22,1,1,57060
1130555500,서울특별시 강북구 송천동,2021,95,0,1,81354
1130555500,서울특별시 강북구 송천동,2022,12,0,1,11945
1130555500,서울특별시 강북구 송천동,2023,15,0,1,37289
1130555500,서울특별시 강북구 송천동,2024,19,0,0,76525
1130557500,서울특별시 강북구 삼각산동,2021,37,0,1,131684
1130557500,서울특별시 강북구 삼각산동,2022,7,0,0,17453
1130557500,서울특별시 강북구 삼각산동,2023,10,0,0,106058
1130557500,서울특별시 강북구 삼각산동,2024,13,0,0,47040
1130559500,서울특별시 강북구 번1동,2021,65,0,2,46924
1130559500,서울특별시 강북구 번1동,2022,16,0,2,58687
1130559500,서울특별시 강북구 번1동,2023,20,0,0,129180
1130559500,서울특별시 강북구 번1동,2024,16,0,1,22590
1130560300,서울특별시 강북구 번2동,2021,47,0,1,49186
1130560300,서울특별시 강북구 번2동,2022,9,0,0,13296
1130560300,서울특별시 강북구 번2동,2023,8,0,0,5814
1130560300,서울특별시 강북구 번2동,2024,9,0,0,870
1130560800,서울특별시 강북구 번3동,2021,40,0,2,274002
1130560800,서울특별시 강북구 번3동,2022,6,0,0,2503
1130560800,서울특별시 강북구 번3동,2023,7,0,0,583
1130560800,서울특별시 강북구 번3동,2024,9,0,0,856
1130561500,서울특별시 강북구 수유1동,2021,52,0,1,39043
1130561500,서울특별시 강북구 수유1동,2022,8,0,0,21318
1130561500,서울특별시 강북구 수유1동,2023,21,2,1,116357
1130561500,서울특별시 강북구 수유1동,2024,13,0,0,6617
1130562500,서울특별시 강북구 수유2동,2021,59,0,3,66237
1130562500,서울특별시 강북구 수유2동,2022,8,0,0,3903
1130562500,서울특별시 강북구 수유2동,2023,14,0,1,24598
1130562500,서울특별시 강북구 수유2동,2024,13,0,0,65375
1130563500,서울특별시 강북구 수유3동,2021,109,0,1,127000
1130563500,서울특별시 강북구 수유3동,2022,26,0,7,113739
1130563500,서울특별시 강북구 수유3동,2023,18,0,0,5394
1130563500,서울특별시 강북구 수유3동,2024,28,0,0,2659
1130564500,서울특별시 강북구 우이동,2021,50,1,4,63409
1130564500,서울특별시 강북구 우이동,2022,13,0,1,1473
1130564500,서울특별시 강북구 우이동,2023,13,0,2,13458
1130564500,서울특별시 강북구 우이동,2024,16,0,0,39630
1130566000,서울특별시 강북구 인수동,2021,86,2,2,99114
1130566000,서울특별시 강북구 인수동,2022,12,1,1,45719
1130566000,서울특별시 강북구 인수동,2023,16,0,2,17450
1130566000,서울특별시 강북구 인수동,2024,21,1,2,48638
1132051100,서울특별시 도봉구 창1동,2021,49,0,5,83918
1132051100,서울특별시 도봉구 창1동,2022,13,0,1,21568
1132051100,서울특별시 도봉구 창1동,2023,12,0,0,1432
1132051100,서울특별시 도봉구 창1동,2024,13,0,2,10390
1132051200,서울특별시 도봉구 창2동,2021,80,0,3,252735
1132051200,서울특별시 도봉구 창2동,2022,14,0,0,4261
1132051200,서울특별시 도봉구 창2동,2023,12,0,2,27793
1132051200,서울특별시 도봉구 창2동,2024,16,0,3,35936
1132051300,서울특별시 도봉구 창3동,2021,45,1,1,58294
1132051300,서울특별시 도봉구 창3동,2022,9,1,1,8550
1132051300,서울특별시 도봉구 창3동,2023,7,0,0,3304
1132051300,서울특별시 도봉구 창3동,2024,4,0,1,386
1132051400,서울특별시 도봉구 창4동,2021,39,0,1,142757
1132051400,서울특별시 도봉구 창4동,2022,3,0,0,289
1132051400,서울특별시 도봉구 창4동,2023,16,1,0,2975
1132051400,서울특별시 도봉구 창4동,2024,9,0,0,6651
1132051500,서울특별시 도봉구 창5동,2021,58,0,2,87027
1132051500,서울특별시 도봉구 창5동,2022,13,1,3,9623
1132051500,서울특별시 도봉구 창5동,2023,11,0,0,8636
1132051500,서울특별시 도봉구 창5동,2024,19,0,3,106424
1132052100,서울특별시 도봉구 도봉1동,2021,97,2,3,308219
1132052100,서울특별시 도봉구 도봉1동,2022,22,0,0,24719
1132052100,서울특별시 도봉구 도봉1동,2023,19,0,2,24186
1132052100,서울특별시 도봉구 도봉1동,2024,17,0,2,9905
1132052200,서울특별시 도봉구 도봉2동,2021,61,0,2,74756
1132052200,서울특별시 도봉구 도봉2동,2022,15,0,1,32327
1132052200,서울특별시 도봉구 도봉2동,2023,10,0,0,3336
1132052200,서울특별시 도봉구 도봉2동,2024,16,0,0,2806
1132066000,서울특별시 도봉구 쌍문1동,2021,68,0,2,119408
1132066000,서울특별시 도봉구 쌍문1동,2022,12,0,0,922
1132066000,서울특별시 도봉구 쌍문1동,2023,20,0,1,4059
1132066000,서울특별시 도봉구 쌍문1동,2024,11,0,3,19425
1132067000,서울특별시 도봉구 쌍문2동,2021,55,0,3,92870
1132067000,서울특별시 도봉구 쌍문2동,2022,11,0,2,20809
1132067000,서울특별시 도봉구 쌍문2동,2023,9,0,0,10133
1132067000,서울특별시 도봉구 쌍문2동,2024,6,0,0,1818
1132068000,서울특별시 도봉구 쌍문3동,2021,57,0,2,27048
1132068000,서울특별시 도봉구 쌍문3동,2022,11,0,0,3362
1132068000,서울특별시 도봉구 쌍문3동,2023,10,0,0,12522
1132068000,서울특별시 도봉구 쌍문3동,2024,13,0,0,2596
1132068100,서울특별시 도봉구 쌍문4동,2021,30,0,1,35488
1132068100,서울특별시 도봉구 쌍문4동,2022,5,0,0,316
1132068100,서울특별시 도봉구 쌍문4동,2023,6,0,3,199
1132068100,서울특별시 도봉구 쌍문4동,2024,7,0,0,9991
1132069000,서울특별시 도봉구 방학1동,2021,120,1,3,106810
1132069000,서울특별시 도봉구 방학1동,2022,13,0,2,24632
1132069000,서울특별시 도봉구 방학1동,2023,17,2,31,133294
1132069000,서울특별시 도봉구 방학1동,2024,15,0,0,6297
1132070000,서울특별시 도봉구 방학2동,2021,77,1,1,76457
1132070000,서울특별시 도봉구 방학2동,2022,14,0,1,122300
1132070000,서울특별시 도봉구 방학2동,2023,19,0,0,3653
1132070000,서울특별시 도봉구 방학2동,2024,16,0,1,1789
1132071000,서울특별시 도봉구 방학3동,2021,48,0,5,439874
1132071000,서울특별시 도봉구 방학3동,2022,4,0,0,5342
1132071000,서울특별시 도봉구 방학3동,2023,11,0,0,13012
1132071000,서울특별시 도봉구 방학3동,2024,5,0,0,417
1135056000,서울특별시 노원구 월계1동,2021,72,0,1,63285
1135056000,서울특별시 노원구 월계1동,2022,9,0,0,8454
1135056000,서울특별시 노원구 월계1동,2023,8,0,1,54004
1135056000,서울특별시 노원구 월계1동,2024,10,0,2,100857
1135057000,서울특별시 노원구 월계2동,2021,40,0,1,49194
1135057000,서울특별시 노원구 월계2동,2022,3,0,0,446
1135057000,서울특별시 노원구 월계2동,2023,5,0,1,23523
1135057000,서울특별시 노원구 월계2동,2024,3,0,1,1926
1135058000,서울특별시 노원구 월계3동,2021,30,0,2,41036
1135058000,서울특별시 노원구 월계3동,2022,4,0,0,246
1135058000,서울특별시 노원구 월계3동,2023,4,0,0,682
1135058000,서울특별시 노원구 월계3동,2024,8,0,1,39491
1135059500,서울특별시 노원구 공릉1동,2021,86,0,4,290917
1135059500,서울특별시 노원구 공릉1동,2022,26,0,0,38410
1135059500,서울특별시 노원구 공릉1동,2023,18,0,1,6215
1135059500,서울특별시 노원구 공릉1동,2024,22,0,1,68110
1135060000,서울특별시 노원구 공릉2동,2021,78,0,2,200851
1135060000,서울특별시 노원구 공릉2동,2022,12,0,0,4174
1135060000,서울특별시 노원구 공릉2동,2023,24,0,2,22711
1135060000,서울특별시 노원구 공릉2동,2024,15,0,1,88287
1135061100,서울특별시 노원구 하계1동,2021,55,0,7,71353
1135061100,서울특별시 노원구 하계1동,2022,9,1,1,43201
1135061100,서울특별시 노원구 하계1동,2023,10,0,0,27255
1135061100,서울특별시 노원구 하계1동,2024,10,1,2,33678
1135061200,서울특별시 노원구 하계2동,2021,32,0,0,18604
1135061200,서울특별시 노원구 하계2동,2022,3,0,0,5406
1135061200,서울특별시 노원구 하계2동,2023,3,0,2,36038
1135061200,서울특별시 노원구 하계2동,2024,3,0,0,46
1135061900,서울특별시 노원구 중계본동,2021,36,0,5,172940
1135061900,서울특별시 노원구 중계본동,2022,8,0,0,21280
1135061900,서울특별시 노원구 중계본동,2023,12,0,1,40788
1135061900,서울특별시 노원구 중계본동,2024,6,0,0,33470
1135062100,서울특별시 노원구 중계1동,2021,38,0,2,103112
1135062100,서울특별시 노원구 중계1동,2022,5,0,0,1762
1135062100,서울특별시 노원구 중계1동,2023,7,0,0,1773
1135062100,서울특별시 노원구 중계1동,2024,4,0,0,6062
1135062400,서울특별시 노원구 중계4동,2021,57,0,3,34692
1135062400,서울특별시 노원구 중계4동,2022,9,1,0,25545
1135062400,서울특별시 노원구 중계4동,2023,13,0,0,18701
1135062400,서울특별시 노원구 중계4동,2024,5,0,0,1292
1135062500,서울특별시 노원구 중계2·3동,2021,49,2,3,148451
1135062500,서울특별시 노원구 중계2·3동,2022,11,0,0,13904
1135062500,서울특별시 노원구 중계2·3동,2023,13,0,1,26011
1135062500,서울특별시 노원구 중계2·3동,2024,16,0,0,19108
1135063000,서울특별시 노원구 상계1동,2021,91,0,3,215136
1135063000,서울특별시 노원구 상계1동,2022,15,0,0,27159
1135063000,서울특별시 노원구 상계1동,2023,14,0,0,23799
1135063000,서울특별시 노원구 상계1동,2024,12,0,1,19820
1135064000,서울특별시 노원구 상계2동,2021,76,1,1,57786
1135064000,서울특별시 노원구 상계2동,2022,15,0,1,27440
1135064000,서울특별시 노원구 상계2동,2023,16,0,4,33576
1135064000,서울특별시 노원구 상계2동,2024,16,0,0,7020
1135066500,서울특별시 노원구 상계3·4동,2021,74,1,5,132415
1135066500,서울특별시 노원구 상계3·4동,2022,13,0,1,126091
1135066500,서울특별시 노원구 상계3·4동,2023,11,0,0,12938
1135066500,서울특별시 노원구 상계3·4동,2024,15,0,0,502181
1135067000,서울특별시 노원구 상계5동,2021,51,1,4,33516
1135067000,서울특별시 노원구 상계5동,2022,2,0,1,10703
1135067000,서울특별시 노원구 상계5동,2023,9,0,0,79381
1135067000,서울특별시 노원구 상계5동,2024,7,0,1,2769
1135069500,서울특별시 노원구 상계6·7동,2021,72,0,1,67087
1135069500,서울특별시 노원구 상계6·7동,2022,13,0,0,3536
1135069500,서울특별시 노원구 상계6·7동,2023,17,0,2,42885
1135069500,서울특별시 노원구 상계6·7동,2024,10,0,2,108744
1135070000,서울특별시 노원구 상계8동,2021,25,0,1,53172
1135070000,서울특별시 노원구 상계8동,2022,6,0,0,7974
1135070000,서울특별시 노원구 상계8동,2023,8,0,0,11516
1135070000,서울특별시 노원구 상계8동,2024,3,0,0,1241
1135071000,서울특별시 노원구 상계9동,2021,24,0,0,13599
1135071000,서울특별시 노원구 상계9동,2022,3,0,0,300
1135071000,서울특별시 노원구 상계9동,2023,3,0,0,1028
1135071000,서울특별시 노원구 상계9동,2024,2,0,0,72
1135072000,서울특별시 노원구 상계10동,2021,22,0,1,15002
1135072000,서울특별시 노원구 상계10동,2022,3,1,0,10284
1135072000,서울특별시 노원구 상계10동,2023,3,0,0,176
1135072000,서울특별시 노원구 상계10동,2024,5,0,0,603
1138051000,서울특별시 은평구 녹번동,2021,67,2,3,205685
1138051000,서울특별시 은평구 녹번동,2022,14,0,0,10234
1138051000,서울특별시 은평구 녹번동,2023,20,0,2,20064
1138051000,서울특별시 은평구 녹번동,2024,22,0,0,47976
1138052000,서울특별시 은평구 불광1동,2021,75,3,12,253305
1138052000,서울특별시 은평구 불광1동,2022,20,0,1,11275
1138052000,서울특별시 은평구 불광1동,2023,19,0,0,4803
1138052000,서울특별시 은평구 불광1동,2024,9,0,0,3829
1138053000,서울특별시 은평구 불광2동,2021,53,1,4,105502
1138053000,서울특별시 은평구 불광2동,2022,10,0,5,43204
1138053000,서울특별시 은평구 불광2동,2023,9,0,0,906
1138053000,서울특별시 은평구 불광2동,2024,14,0,0,5426
1138055100,서울특별시 은평구 갈현1동,2021,54,2,5,493964
1138055100,서울특별시 은평구 갈현1동,2022,16,0,0,10489
1138055100,서울특별시 은평구 갈현1동,2023,11,0,0,3266
1138055100,서울특별시 은평구 갈현1동,2024,10,0,0,7010
1138055200,서울특별시 은평구 갈현2동,2021,64,1,2,120202
1138055200,서울특별시 은평구 갈현2동,2022,11,0,0,5877
1138055200,서울특별시 은평구 갈현2동,2023,19,0,0,14020
1138055200,서울특별시 은평구 갈현2동,2024,13,0,1,27159
1138056000,서울특별시 은평구 구산동,2021,44,0,1,52751
1138056000,서울특별시 은평구 구산동,2022,11,0,0,2969
1138056000,서울특별시 은평구 구산동,2023,15,0,1,45404
1138056000,서울특별시 은평구 구산동,2024,8,0,1,300
1138057000,서울특별시 은평구 대조동,2021,74,2,5,1583216
1138057000,서울특별시 은평구 대조동,2022,19,0,1,15538
1138057000,서울특별시 은평구 대조동,2023,20,0,2,12343
1138057000,서울특별시 은평구 대조동,2024,20,1,1,110339
1138058000,서울특별시 은평구 응암1동,2021,41,0,3,654885
1138058000,서울특별시 은평구 응암1동,2022,14,0,0,288437
1138058000,서울특별시 은평구 응암1동,2023,13,0,0,13812
1138058000,서울특별시 은평구 응암1동,2024,15,0,0,1906
1138059000,서울특별시 은평구 응암2동,2021,28,0,0,22287
1138059000,서울특별시 은평구 응암2동,2022,6,0,0,1129
1138059000,서울특별시 은평구 응암2동,2023,14,0,0,21103
1138059000,서울특별시 은평구 응암2동,2024,5,0,0,6522
1138060000,서울특별시 은평구 응암3동,2021,81,0,0,179052
1138060000,서울특별시 은평구 응암3동,2022,14,0,1,3505
1138060000,서울특별시 은평구 응암3동,2023,11,0,0,19926
1138060000,서울특별시 은평구 응암3동,2024,12,0,1,22385
1138062500,서울특별시 은평구 역촌동,2021,81,0,3,295194
1138062500,서울특별시 은평구 역촌동,2022,17,1,6,73697
1138062500,서울특별시 은평구 역촌동,2023,31,0,0,20285
1138062500,서울특별시 은평구 역촌동,2024,20,2,2,103270
1138063100,서울특별시 은평구 신사1동,2021,57,2,2,61672
1138063100,서울특별시 은평구 신사1동,2022,19,0,0,41489
1138063100,서울특별시 은평구 신사1동,2023,19,0,1,9702
1138063100,서울특별시 은평구 신사1동,2024,8,0,0,45881
1138063200,서울특별시 은평구 신사2동,2021,33,0,2,76722
1138063200,서울특별시 은평구 신사2동,2022,7,0,1,1526
1138063200,서울특별시 은평구 신사2동,2023,14,0,1,15380
1138063200,서울특별시 은평구 신사2동,2024,7,0,0,5000
1138064000,서울특별시 은평구 증산동,2021,36,0,1,94947
1138064000,서울특별시 은평구 증산동,2022,16,0,1,38148
1138064000,서울특별시 은평구 증산동,2023,8,0,0,9393
1138064000,서울특별시 은평구 증산동,2024,8,0,0,45697
1138065000,서울특별시 은평구 수색동,2021,35,0,0,36548
1138065000,서울특별시 은평구 수색동,2022,8,0,0,5870
1138065000,서울특별시 은평구 수색동,2023,8,0,0,2853
1138065000,서울특별시 은평구 수색동,2024,3,0,0,521
1138069000,서울특별시 은평구 진관동,2021,67,1,1,101851
1138069000,서울특별시 은평구 진관동,2022,16,0,0,56420
1138069000,서울특별시 은평구 진관동,2023,19,0,0,59959
1138069000,서울특별시 은평구 진관동,2024,16,0,2,349550
1141052000,서울특별시 서대문구 천연동,2021,56,1,2,57075
1141052000,서울특별시 서대문구 천연동,2022,14,0,0,13533
1141052000,서울특별시 서대문구 천연동,2023,8,0,0,80154
1141052000,서울특별시 서대문구 천연동,2024,12,0,0,12297
1141055500,서울특별시 서대문구 북아현동,2021,43,1,4,84292
1141055500,서울특별시 서대문구 북아현동,2022,10,0,1,9325
1141055500,서울특별시 서대문구 북아현동,2023,6,0,0,5826
1141055500,서울특별시 서대문구 북아현동,2024,5,0,0,473
1141056500,서울특별시 서대문구 충현동,2021,101,0,3,7760667
1141056500,서울특별시 서대문구 충현동,2022,19,0,0,3978
1141056500,서울특별시 서대문구 충현동,2023,14,0,1,35632
1141056500,서울특별시 서대문구 충현동,2024,16,0,0,26204
1141058500,서울특별시 서대문구 신촌동,2021,237,0,8,753566
1141058500,서울특별시 서대문구 신촌동,2022,45,1,0,37713
1141058500,서울특별시 서대문구 신촌동,2023,58,0,2,67996
1141058500,서울특별시 서대문구 신촌동,2024,34,0,0,5552
1141061500,서울특별시 서대문구 연희동,2021,174,1,9,162260
1141061500,서울특별시 서대문구 연희동,2022,29,1,4,81542
1141061500,서울특별시 서대문구 연희동,2023,27,0,0,24713
1141061500,서울특별시 서대문구 연희동,2024,26,0,6,65829
1141062000,서울특별시 서대문구 홍제1동,2021,53,0,1,119911
1141062000,서울특별시 서대문구 홍제1동,2022,14,0,0,1923
1141062000,서울특별시 서대문구 홍제1동,2023,10,0,5,262865
1141062000,서울특별시 서대문구 홍제1동,2024,10,0,0,3178
1141064000,서울특별시 서대문구 홍제3동,2021,51,2,1,74767
1141064000,서울특별시 서대문구 홍제3동,2022,10,0,1,91588
1141064000,서울특별시 서대문구 홍제3동,2023,11,0,1,57584
1141064000,서울특별시 서대문구 홍제3동,2024,16,0,1,8412
1141065500,서울특별시 서대문구 홍제2동,2021,23,0,0,107387
1141065500,서울특별시 서대문구 홍제2동,2022,6,0,1,847
1141065500,서울특별시 서대문구 홍제2동,2023,1,0,0,10004
1141065500,서울특별시 서대문구 홍제2동,2024,7,0,0,570
1141066000,서울특별시 서대문구 홍은1동,2021,70,0,0,64415
1141066000,서울특별시 서대문구 홍은1동,2022,16,0,0,63564
1141066000,서울특별시 서대문구 홍은1동,2023,14,0,0,13603
1141066000,서울특별시 서대문구 홍은1동,2024,4,0,0,416
1141068500,서울특별시 서대문구 홍은2동,2021,124,0,3,190385
1141068500,서울특별시 서대문구 홍은2동,2022,17,0,0,94035
1141068500,서울특별시 서대문구 홍은2동,2023,14,0,1,154877
1141068500,서울특별시 서대문구 홍은2동,2024,9,1,0,23831
1141069000,서울특별시 서대문구 남가좌1동,2021,39,0,1,48724
1141069000,서울특별시 서대문구 남가좌1동,2022,10,0,0,28991
1141069000,서울특별시 서대문구 남가좌1동,2023,5,0,1,2857
1141069000,서울특별시 서대문구 남가좌1동,2024,5,0,0,6413
1141070000,서울특별시 서대문구 남가좌2동,2021,65,3,3,77927
1141070000,서울특별시 서대문구 남가좌2동,2022,11,0,0,15534
1141070000,서울특별시 서대문구 남가좌2동,2023,15,0,0,16463
1141070000,서울특별시 서대문구 남가좌2동,2024,14,0,4,30323
1141071000,서울특별시 서대문구 북가좌1동,2021,33,0,3,23508
1141071000,서울특별시 서대문구 북가좌1동,2022,3,0,0,680
1141071000,서울특별시 서대문구 북가좌1동,2023,4,0,0,866
1141071000,서울특별시 서대문구 북가좌1동,2024,4,0,1,919
1141072000,서울특별시 서대문구 북가좌2동,2021,98,1,8,91242
1141072000,서울특별시 서대문구 북가좌2동,2022,17,0,0,49917
1141072000,서울특별시 서대문구 북가좌2동,2023,21,0,1,14764
1141072000,서울특별시 서대문구 북가좌2동,2024,16,0,0,6660
1144055500,서울특별시 마포구 아현동,2021,28,0,3,47689
1144055500,서울특별시 마포구 아현동,2022,6,0,0,865
1144055500,서울특별시 마포구 아현동,2023,8,0,0,212178
1144055500,서울특별시 마포구 아현동,2024,6,0,0,1382
1144056500,서울특별시 마포구 공덕동,2021,75,3,15,122925
1144056500,서울특별시 마포구 공덕동,2022,25,0,1,132337
1144056500,서울특별시 마포구 공덕동,2023,23,0,0,45554
1144056500,서울특별시 마포구 공덕동,2024,23,0,2,102352
1144058500,서울특별시 마포구 도화동,2021,48,0,2,76826
1144058500,서울특별시 마포구 도화동,2022,5,0,1,5125
1144058500,서울특별시 마포구 도화동,2023,9,0,0,65419
1144058500,서울특별시 마포구 도화동,2024,14,0,0,3934
1144059000,서울특별시 마포구 용강동,2021,53,0,3,1211986
1144059000,서울특별시 마포구 용강동,2022,13,0,0,88040
1144059000,서울특별시 마포구 용강동,2023,10,1,1,34761
1144059000,서울특별시 마포구 용강동,2024,10,0,1,8296
1144060000,서울특별시 마포구 대흥동,2021,62,0,5,543048
1144060000,서울특별시 마포구 대흥동,2022,16,0,0,4754
1144060000,서울특별시 마포구 대흥동,2023,12,0,1,66811
1144060000,서울특별시 마포구 대흥동,2024,18,0,0,41983
1144061000,서울특별시 마포구 염리동,2021,26,0,3,58454
1144061000,서울특별시 마포구 염리동,2022,4,0,1,28481
1144061000,서울특별시 마포구 염리동,2023,5,0,0,2783
1144061000,서울특별시 마포구 염리동,2024,14,0,0,27259
1144063000,서울특별시 마포구 신수동,2021,28,0,0,29556
1144063000,서울특별시 마포구 신수동,2022,7,0,0,1512
1144063000,서울특별시 마포구 신수동,2023,15,0,1,38460
1144063000,서울특별시 마포구 신수동,2024,6,0,1,606
1144065500,서울특별시 마포구 서강동,2021,69,0,1,106591
1144065500,서울특별시 마포구 서강동,2022,24,0,1,23239
1144065500,서울특별시 마포구 서강동,2023,18,0,0,7471
1144065500,서울특별시 마포구 서강동,2024,25,0,0,9745
1144066000,서울특별시 마포구 서교동,2021,294,2,6,486761
1144066000,서울특별시 마포구 서교동,2022,49,0,0,97282
1144066000,서울특별시 마포구 서교동,2023,71,1,1,303351
1144066000,서울특별시 마포구 서교동,2024,86,0,3,121133
1144068000,서울특별시 마포구 합정동,2021,74,0,1,76581
1144068000,서울특별시 마포구 합정동,2022,13,0,0,14558
1144068000,서울특별시 마포구 합정동,2023,20,0,0,129542
1144068000,서울특별시 마포구 합정동,2024,24,0,0,31111
1144069000,서울특별시 마포구 망원1동,2021,48,0,0,41666
1144069000,서울특별시 마포구 망원1동,2022,24,0,7,114169
1144069000,서울특별시 마포구 망원1동,2023,8,0,0,2300
1144069000,서울특별시 마포구 망원1동,2024,14,0,1,18568
1144070000,서울특별시 마포구 망원2동,2021,52,0,1,42269
1144070000,서울특별시 마포구 망원2동,2022,8,0,0,1010
1144070000,서울특별시 마포구 망원2동,2023,12,0,0,6877
1144070000,서울특별시 마포구 망원2동,2024,17,0,0,71441
1144071000,서울특별시 마포구 연남동,2021,69,0,5,75615
1144071000,서울특별시 마포구 연남동,2022,13,1,0,23475
1144071000,서울특별시 마포구 연남동,2023,14,0,0,21139
1144071000,서울특별시 마포구 연남동,2024,23,0,1,66928
1144072000,서울특별시 마포구 성산1동,2021,51,2,1,106742
1144072000,서울특별시 마포구 성산1동,2022,11,0,0,43468
1144072000,서울특별시 마포구 성산1동,2023,9,0,0,2119
1144072000,서울특별시 마포구 성산1동,2024,10,0,0,5161
1144073000,서울특별시 마포구 성산2동,2021,86,0,5,149985
1144073000,서울특별시 마포구 성산2동,2022,12,0,1,7856
1144073000,서울특별시 마포구 성산2동,2023,21,0,1,31057
1144073000,서울특별시 마포구 성산2동,2024,20,0,0,29615
1144074000,서울특별시 마포구 상암동,2021,101,1,5,1341728
1144074000,서울특별시 마포구 상암동,2022,19,0,2,52049
1144074000,서울특별시 마포구 상암동,2023,11,0,0,33927
1144074000,서울특별시 마포구 상암동,2024,20,0,1,60830
1147051000,서울특별시 양천구 목1동,2021,58,0,5,119556
1147051000,서울특별시 양천구 목1동,2022,12,0,1,20406
1147051000,서울특별시 양천구 목1동,2023,10,0,0,4632
1147051000,서울특별시 양천구 목1동,2024,21,0,4,64451
1147052000,서울특별시 양천구 목2동,2021,52,0,0,19237
1147052000,서울특별시 양천구 목2동,2022,7,0,0,5621
1147052000,서울특별시 양천구 목2동,2023,13,0,0,19717
1147052000,서울특별시 양천구 목2동,2024,11,0,0,4577
1147053000,서울특별시 양천구 목3동,2021,47,0,0,52376
1147053000,서울특별시 양천구 목3동,2022,8,0,0,3522
1147053000,서울특별시 양천구 목3동,2023,14,0,0,11790
1147053000,서울특별시 양천구 목3동,2024,9,0,0,612
1147054000,서울특별시 양천구 목4동,2021,47,0,0,70321
1147054000,서울특별시 양천구 목4동,2022,10,0,0,17795
1147054000,서울특별시 양천구 목4동,2023,7,0,0,5994
1147054000,서울특별시 양천구 목4동,2024,8,0,1,67431
1147055000,서울특별시 양천구 목5동,2021,35,0,0,82384
1147055000,서울특별시 양천구 목5동,2022,15,0,2,46151
1147055000,서울특별시 양천구 목5동,2023,7,0,0,14104
1147055000,서울특별시 양천구 목5동,2024,9,0,18,2108409
1147056000,서울특별시 양천구 신월1동,2021,64,0,1,105634
1147056000,서울특별시 양천구 신월1동,2022,5,0,0,545
1147056000,서울특별시 양천구 신월1동,2023,9,0,0,46538
1147056000,서울특별시 양천구 신월1동,2024,19,1,0,3840
1147057000,서울특별시 양천구 신월2동,2021,54,1,4,86281
1147057000,서울특별시 양천구 신월2동,2022,6,0,0,19683
1147057000,서울특별시 양천구 신월2동,2023,4,0,2,88245
1147057000,서울특별시 양천구 신월2동,2024,13,0,2,40285
1147058000,서울특별시 양천구 신월3동,2021,61,0,0,21223
1147058000,서울특별시 양천구 신월3동,2022,7,0,0,23247
1147058000,서울특별시 양천구 신월3동,2023,12,0,0,39396
1147058000,서울특별시 양천구 신월3동,2024,7,0,1,12952
1147059000,서울특별시 양천구 신월4동,2021,40,0,1,116422
1147059000,서울특별시 양천구 신월4동,2022,4,0,0,13769
1147059000,서울특별시 양천구 신월4동,2023,11,0,0,15110
1147059000,서울특별시 양천구 신월4동,2024,5,0,0,5199
1147060000,서울특별시 양천구 신월5동,2021,38,1,5,43395
1147060000,서울특별시 양천구 신월5동,2022,9,0,0,23618
1147060000,서울특별시 양천구 신월5동,2023,3,0,0,271
1147060000,서울특별시 양천구 신월5동,2024,7,0,0,91769
1147061000,서울특별시 양천구 신월6동,2021,25,1,2,93649
1147061000,서울특별시 양천구 신월6동,2022,4,0,0,12199
1147061000,서울특별시 양천구 신월6동,2023,2,0,0,63
1147061000,서울특별시 양천구 신월6동,2024,1,0,0,477
1147061100,서울특별시 양천구 신월7동,2021,55,1,3,72757
1147061100,서울특별시 양천구 신월7동,2022,14,0,0,19289
1147061100,서울특별시 양천구 신월7동,2023,10,0,0,14326
1147061100,서울특별시 양천구 신월7동,2024,10,0,1,12397
1147062000,서울특별시 양천구 신정1동,2021,47,0,1,236724
1147062000,서울특별시 양천구 신정1동,2022,10,0,1,2302
1147062000,서울특별시 양천구 신정1동,2023,5,0,0,16923
1147062000,서울특별시 양천구 신정1동,2024,7,0,0,857
1147063000,서울특별시 양천구 신정2동,2021,33,0,2,342898
1147063000,서울특별시 양천구 신정2동,2022,4,0,0,179
1147063000,서울특별시 양천구 신정2동,2023,6,0,1,34781
1147063000,서울특별시 양천구 신정2동,2024,8,0,0,9045
1147064000,서울특별시 양천구 신정3동,2021,87,1,3,79438
1147064000,서울특별시 양천구 신정3동,2022,13,0,2,90197
1147064000,서울특별시 양천구 신정3동,2023,7,0,0,2247
1147064000,서울특별시 양천구 신정3동,2024,10,0,1,4045
1147065000,서울특별시 양천구 신정4동,2021,93,0,3,124915
1147065000,서울특별시 양천구 신정4동,2022,22,0,0,44120
1147065000,서울특별시 양천구 신정4동,2023,22,0,8,52115
1147065000,서울특별시 양천구 신정4동,2024,19,0,3,95013
1147067000,서울특별시 양천구 신정6동,2021,20,0,0,113010
1147067000,서울특별시 양천구 신정6동,2022,3,0,0,23344
1147067000,서울특별시 양천구 신정6동,2023,5,0,0,3868
1147067000,서울특별시 양천구 신정6동,2024,4,0,0,199
1147068000,서울특별시 양천구 신정7동,2021,43,0,1,36137
1147068000,서울특별시 양천구 신정7동,2022,4,0,0,344
1147068000,서울특별시 양천구 신정7동,2023,12,0,0,94665
1147068000,서울특별시 양천구 신정7동,2024,7,0,0,1691
1150051000,서울특별시 강서구 염창동,2021,79,0,2,128508
1150051000,서울특별시 강서구 염창동,2022,10,0,0,13429
1150051000,서울특별시 강서구 염창동,2023,18,0,1,240585
1150051000,서울특별시 강서구 염창동,2024,18,0,0,208585
1150052000,서울특별시 강서구 등촌1동,2021,81,0,4,151338
1150052000,서울특별시 강서구 등촌1동,2022,13,0,1,16862
1150052000,서울특별시 강서구 등촌1동,2023,15,0,0,32724
1150052000,서울특별시 강서구 등촌1동,2024,6,0,0,32041
1150053000,서울특별시 강서구 등촌2동,2021,45,0,2,33734
1150053000,서울특별시 강서구 등촌2동,2022,11,2,0,35512
1150053000,서울특별시 강서구 등촌2동,2023,7,0,0,5349
1150053000,서울특별시 강서구 등촌2동,2024,9,0,0,6286
1150053500,서울특별시 강서구 등촌3동,2021,68,1,1,138326
1150053500,서울특별시 강서구 등촌3동,2022,12,0,2,5633
1150053500,서울특별시 강서구 등촌3동,2023,18,0,0,22630
1150053500,서울특별시 강서구 등촌3동,2024,17,0,1,8235
1150054000,서울특별시 강서구 화곡1동,2021,149,1,8,153486
1150054000,서울특별시 강서구 화곡1동,2022,16,0,1,156088
1150054000,서울특별시 강서구 화곡1동,2023,34,0,1,43895
1150054000,서울특별시 강서구 화곡1동,2024,38,0,1,194981
1150055000,서울특별시 강서구 화곡2동,2021,36,0,1,102119
1150055000,서울특별시 강서구 화곡2동,2022,6,0,0,24200
1150055000,서울특별시 강서구 화곡2동,2023,1,0,0,14
1150055000,서울특별시 강서구 화곡2동,2024,7,0,0,1082
1150056000,서울특별시 강서구 화곡3동,2021,43,0,0,47256
1150056000,서울특별시 강서구 화곡3동,2022,3,0,0,364
1150056000,서울특별시 강서구 화곡3동,2023,13,0,0,3115
1150056000,서울특별시 강서구 화곡3동,2024,9,1,0,24100
1150057000,서울특별시 강서구 화곡4동,2021,51,3,3,41524
1150057000,서울특별시 강서구 화곡4동,2022,12,0,2,8849
1150057000,서울특별시 강서구 화곡4동,2023,9,0,0,4340
1150057000,서울특별시 강서구 화곡4동,2024,19,0,0,4429
1150059000,서울특별시 강서구 화곡본동,2021,113,0,5,83786
1150059000,서울특별시 강서구 화곡본동,2022,19,0,0,18064
1150059000,서울특별시 강서구 화곡본동,2023,15,0,0,18230
1150059000,서울특별시 강서구 화곡본동,2024,19,0,0,21015
1150059100,서울특별시 강서구 화곡6동,2021,82,1,2,33863
1150059100,서울특별시 강서구 화곡6동,2022,11,0,0,13893
1150059100,서울특별시 강서구 화곡6동,2023,15,0,1,17537
1150059100,서울특별시 강서구 화곡6동,2024,24,0,1,42489
1150059300,서울특별시 강서구 화곡8동,2021,74,0,2,48205
1150059300,서울특별시 강서구 화곡8동,2022,6,1,0,18773
1150059300,서울특별시 강서구 화곡8동,2023,12,0,0,509
1150059300,서울특별시 강서구 화곡8동,2024,12,0,1,8989
1150060300,서울특별시 강서구 가양1동,2021,123,1,15,380937
1150060300,서울특별시 강서구 가양1동,2022,22,0,1,14963
1150060300,서울특별시 강서구 가양1동,2023,26,0,0,19454
1150060300,서울특별시 강서구 가양1동,2024,27,0,0,15082
1150060400,서울특별시 강서구 가양2동,2021,48,0,2,159546
1150060400,서울특별시 강서구 가양2동,2022,1,0,0,1023
1150060400,서울특별시 강서구 가양2동,2023,5,0,0,1343
1150060400,서울특별시 강서구 가양2동,2024,7,0,1,29417
1150060500,서울특별시 강서구 가양3동,2021,30,1,3,12570
1150060500,서울특별시 강서구 가양3동,2022,3,0,1,17823
1150060500,서울특별시 강서구 가양3동,2023,3,0,0,1340
1150060500,서울특별시 강서구 가양3동,2024,1,0,0,15
1150061100,서울특별시 강서구 발산1동,2021,74,0,2,205679
1150061100,서울특별시 강서구 발산1동,2022,15,0,0,32840
1150061100,서울특별시 강서구 발산1동,2023,16,0,0,24962
1150061100,서울특별시 강서구 발산1동,2024,16,0,0,8033
1150061500,서울특별시 강서구 우장산동,2021,58,0,3,54535
1150061500,서울특별시 강서구 우장산동,2022,10,0,0,1423
1150061500,서울특별시 강서구 우장산동,2023,11,0,0,3103
1150061500,서울특별시 강서구 우장산동,2024,14,0,0,20313
1150062000,서울특별시 강서구 공항동,2021,79,0,9,168190
1150062000,서울특별시 강서구 공항동,2022,13,0,1,23634
1150062000,서울특별시 강서구 공항동,2023,17,0,1,54594
1150062000,서울특별시 강서구 공항동,2024,18,0,0,10644
1150063000,서울특별시 강서구 방화1동,2021,80,0,3,66806
1150063000,서울특별시 강서구 방화1동,2022,16,0,0,60455
1150063000,서울특별시 강서구 방화1동,2023,19,0,0,16190
1150063000,서울특별시 강서구 방화1동,2024,23,0,0,30835
1150064000,서울특별시 강서구 방화2동,2021,90,0,2,309828
1150064000,서울특별시 강서구 방화2동,2022,19,1,2,67602
1150064000,서울특별시 강서구 방화2동,2023,17,0,0,10230
1150064000,서울특별시 강서구 방화2동,2024,27,0,2,57692
1150064100,서울특별시 강서구 방화3동,2021,48,1,7,56449
1150064100,서울특별시 강서구 방화3동,2022,7,0,0,13816
1150064100,서울특별시 강서구 방화3동,2023,5,0,1,3351
1150064100,서울특별시 강서구 방화3동,2024,6,0,0,6932
1153051000,서울특별시 구로구 신도림동,2021,63,1,0,141951
1153051000,서울특별시 구로구 신도림동,2022,20,0,0,49536
1153051000,서울특별시 구로구 신도림동,2023,19,0,0,111686
1153051000,서울특별시 구로구 신도림동,2024,11,0,0,58472
1153052000,서울특별시 구로구 구로1동,2021,38,1,0,66031
1153052000,서울특별시 구로구 구로1동,2022,5,0,0,1360
1153052000,서울특별시 구로구 구로1동,2023,9,0,0,9510
1153052000,서울특별시 구로구 구로1동,2024,9,0,0,8075
1153053000,서울특별시 구로구 구로2동,2021,144,0,7,372638
1153053000,서울특별시 구로구 구로2동,2022,30,0,4,35778
1153053000,서울특별시 구로구 구로2동,2023,31,0,2,226893
1153053000,서울특별시 구로구 구로2동,2024,27,1,0,116171
1153054000,서울특별시 구로구 구로3동,2021,117,0,3,326985
1153054000,서울특별시 구로구 구로3동,2022,29,0,0,24369
1153054000,서울특별시 구로구 구로3동,2023,19,0,4,26920
1153054000,서울특별시 구로구 구로3동,2024,14,0,0,11309
1153055000,서울특별시 구로구 구로4동,2021,89,0,1,245282
1153055000,서울특별시 구로구 구로4동,2022,15,0,1,50367
1153055000,서울특별시 구로구 구로4동,2023,12,0,1,17854
1153055000,서울특별시 구로구 구로4동,2024,17,0,0,388146
1153056000,서울특별시 구로구 구로5동,2021,84,0,1,66027
1153056000,서울특별시 구로구 구로5동,2022,16,0,0,12418
1153056000,서울특별시 구로구 구로5동,2023,10,0,0,5430
1153056000,서울특별시 구로구 구로5동,2024,16,0,0,23417
1153059500,서울특별시 구로구 가리봉동,2021,58,1,2,41328
1153059500,서울특별시 구로구 가리봉동,2022,12,0,0,9806
1153059500,서울특별시 구로구 가리봉동,2023,9,1,0,8652
1153059500,서울특별시 구로구 가리봉동,2024,9,0,1,76805
1153072000,서울특별시 구로구 고척1동,2021,61,1,3,160477
1153072000,서울특별시 구로구 고척1동,2022,18,0,0,60859
1153072000,서울특별시 구로구 고척1동,2023,13,0,1,10816
1153072000,서울특별시 구로구 고척1동,2024,15,0,0,23409
1153073000,서울특별시 구로구 고척2동,2021,56,0,1,89125
1153073000,서울특별시 구로구 고척2동,2022,7,0,0,716
1153073000,서울특별시 구로구 고척2동,2023,5,0,0,47673
1153073000,서울특별시 구로구 고척2동,2024,11,0,0,36246
1153074000,서울특별시 구로구 개봉1동,2021,60,1,1,417360
1153074000,서울특별시 구로구 개봉1동,2022,13,0,0,3263
1153074000,서울특별시 구로구 개봉1동,2023,14,0,1,22725
1153074000,서울특별시 구로구 개봉1동,2024,17,0,0,11948
1153075000,서울특별시 구로구 개봉2동,2021,40,0,0,109268
1153075000,서울특별시 구로구 개봉2동,2022,8,0,0,4815
1153075000,서울특별시 구로구 개봉2동,2023,4,0,0,339
1153075000,서울특별시 구로구 개봉2동,2024,10,0,0,3697
1153076000,서울특별시 구로구 개봉3동,2021,52,0,2,193720
1153076000,서울특별시 구로구 개봉3동,2022,10,0,0,4573
1153076000,서울특별시 구로구 개봉3동,2023,12,1,0,11974
1153076000,서울특별시 구로구 개봉3동,2024,8,0,0,60749
1153077000,서울특별시 구로구 오류1동,2021,49,0,0,78625
1153077000,서울특별시 구로구 오류1동,2022,10,0,0,2198
1153077000,서울특별시 구로구 오류1동,2023,12,0,0,160895
1153077000,서울특별시 구로구 오류1동,2024,6,0,0,2510
1153078000,서울특별시 구로구 오류2동,2021,61,0,3,521437
1153078000,서울특별시 구로구 오류2동,2022,16,0,0,156716
1153078000,서울특별시 구로구 오류2동,2023,19,0,0,34967
1153078000,서울특별시 구로구 오류2동,2024,13,0,0,24872
1153079000,서울특별시 구로구 수궁동,2021,64,0,0,57278
1153079000,서울특별시 구로구 수궁동,2022,11,0,0,6894
1153079000,서울특별시 구로구 수궁동,2023,7,0,0,3021
1153079000,서울특별시 구로구 수궁동,2024,13,0,0,12635
1153080000,서울특별시 구로구 항동,2021,15,0,1,41138
1153080000,서울특별시 구로구 항동,2022,2,0,0,464
1153080000,서울특별시 구로구 항동,2023,3,0,0,26698
1153080000,서울특별시 구로구 항동,2024,7,0,4,64404
1154551000,서울특별시 금천구 가산동,2021,155,0,8,549103
1154551000,서울특별시 금천구 가산동,2022,57,0,3,630218
1154551000,서울특별시 금천구 가산동,2023,45,0,0,24025
1154551000,서울특별시 금천구 가산동,2024,57,0,1,89469
1154561000,서울특별시 금천구 독산1동,2021,122,1,7,580369
1154561000,서울특별시 금천구 독산1동,2022,33,0,3,60324
1154561000,서울특별시 금천구 독산1동,2023,42,0,0,49255
1154561000,서울특별시 금천구 독산1동,2024,49,0,1,466462
1154562000,서울특별시 금천구 독산2동,2021,50,0,0,60649
1154562000,서울특별시 금천구 독산2동,2022,19,0,0,8227
1154562000,서울특별시 금천구 독산2동,2023,12,1,3,53869
1154562000,서울특별시 금천구 독산2동,2024,13,0,3,68222
1154563000,서울특별시 금천구 독산3동,2021,83,1,1,214074
1154563000,서울특별시 금천구 독산3동,2022,21,0,0,49869
1154563000,서울특별시 금천구 독산3동,2023,21,0,0,7340
1154563000,서울특별시 금천구 독산3동,2024,26,0,0,1655527
1154564000,서울특별시 금천구 독산4동,2021,40,0,2,55707
1154564000,서울특별시 금천구 독산4동,2022,13,0,1,3696
1154564000,서울특별시 금천구 독산4동,2023,11,0,1,1916
1154564000,서울특별시 금천구 독산4동,2024,13,1,0,34048
1154567000,서울특별시 금천구 시흥1동,2021,106,3,10,848762
1154567000,서울특별시 금천구 시흥1동,2022,27,0,1,7897
1154567000,서울특별시 금천구 시흥1동,2023,28,0,0,19204
1154567000,서울특별시 금천구 시흥1동,2024,28,0,4,104815
1154568000,서울특별시 금천구 시흥2동,2021,24,1,2,46743
1154568000,서울특별시 금천구 시흥2동,2022,6,0,0,26828
1154568000,서울특별시 금천구 시흥2동,2023,5,0,0,445
1154568000,서울특별시 금천구 시흥2동,2024,11,0,9,87003
1154569000,서울특별시 금천구 시흥3동,2021,29,0,0,64737
1154569000,서울특별시 금천구 시흥3동,2022,13,0,2,93148
1154569000,서울특별시 금천구 시흥3동,2023,9,0,1,453906
1154569000,서울특별시 금천구 시흥3동,2024,8,0,1,3671
1154570000,서울특별시 금천구 시흥4동,2021,36,0,4,89597
1154570000,서울특별시 금천구 시흥4동,2022,14,1,3,53971
1154570000,서울특별시 금천구 시흥4동,2023,10,0,0,9682
1154570000,서울특별시 금천구 시흥4동,2024,10,0,0,1932
1154571000,서울특별시 금천구 시흥5동,2021,47,0,2,130544
1154571000,서울특별시 금천구 시흥5동,2022,11,0,1,614
1154571000,서울특별시 금천구 시흥5동,2023,8,0,0,10938
1154571000,서울특별시 금천구 시흥5동,2024,9,0,1,27175
1156051500,서울특별시 영등포구 영등포본동,2021,48,1,2,53564
1156051500,서울특별시 영등포구 영등포본동,2022,16,2,1,25325
1156051500,서울특별시 영등포구 영등포본동,2023,20,0,0,40404
1156051500,서울특별시 영등포구 영등포본동,2024,12,0,0,4649
1156053500,서울특별시 영등포구 영등포동,2021,152,0,40,3303457
1156053500,서울특별시 영등포구 영등포동,2022,43,3,3,168751
1156053500,서울특별시 영등포구 영등포동,2023,40,0,3,26857
1156053500,서울특별시 영등포구 영등포동,2024,45,0,0,49726
1156054000,서울특별시 영등포구 여의동,2021,132,3,9,400733
1156054000,서울특별시 영등포구 여의동,2022,21,0,4,202077
1156054000,서울특별시 영등포구 여의동,2023,39,0,1,162269
1156054000,서울특별시 영등포구 여의동,2024,43,0,4,587736
1156055000,서울특별시 영등포구 당산1동,2021,67,1,5,129610
1156055000,서울특별시 영등포구 당산1동,2022,11,0,0,2431
1156055000,서울특별시 영등포구 당산1동,2023,17,0,1,2944
1156055000,서울특별시 영등포구 당산1동,2024,16,0,0,2732
1156056000,서울특별시 영등포구 당산2동,2021,67,0,5,281644
1156056000,서울특별시 영등포구 당산2동,2022,15,0,1,27278
1156056000,서울특별시 영등포구 당산2동,2023,19,0,3,73135
1156056000,서울특별시 영등포구 당산2동,2024,26,0,1,10630
1156058500,서울특별시 영등포구 도림동,2021,46,1,4,382223
1156058500,서울특별시 영등포구 도림동,2022,12,0,6,7817
1156058500,서울특별시 영등포구 도림동,2023,14,0,9,128904
1156058500,서울특별시 영등포구 도림동,2024,8,0,0,29997
1156060500,서울특별시 영등포구 문래동,2021,94,0,4,544275
1156060500,서울특별시 영등포구 문래동,2022,21,0,0,137555
1156060500,서울특별시 영등포구 문래동,2023,28,1,2,791817
1156060500,서울특별시 영등포구 문래동,2024,33,0,1,122694
1156061000,서울특별시 영등포구 양평1동,2021,63,1,4,186316
1156061000,서울특별시 영등포구 양평1동,2022,8,0,0,35232
1156061000,서울특별시 영등포구 양평1동,2023,16,0,1,101359
1156061000,서울특별시 영등포구 양평1동,2024,11,0,0,238288
1156062000,서울특별시 영등포구 양평2동,2021,77,0,3,179044
1156062000,서울특별시 영등포구 양평2동,2022,23,0,1,78744
1156062000,서울특별시 영등포구 양평2동,2023,27,0,4,35872
1156062000,서울특별시 영등포구 양평2동,2024,23,0,0,5113
1156063000,서울특별시 영등포구 신길1동,2021,49,0,1,47369
1156063000,서울특별시 영등포구 신길1동,2022,13,0,0,52023
1156063000,서울특별시 영등포구 신길1동,2023,16,0,1,29551
1156063000,서울특별시 영등포구 신길1동,2024,19,0,0,47101
1156065000,서울특별시 영등포구 신길3동,2021,29,0,0,65949
1156065000,서울특별시 영등포구 신길3동,2022,8,0,1,4745
1156065000,서울특별시 영등포구 신길3동,2023,11,1,1,35301
1156065000,서울특별시 영등포구 신길3동,2024,7,0,0,60202
1156066000,서울특별시 영등포구 신길4동,2021,14,0,0,5905
1156066000,서울특별시 영등포구 신길4동,2022,8,0,2,19830
1156066000,서울특별시 영등포구 신길4동,2023,7,0,1,568
1156066000,서울특별시 영등포구 신길4동,2024,3,0,2,41461
1156067000,서울특별시 영등포구 신길5동,2021,36,0,3,101353
1156067000,서울특별시 영등포구 신길5동,2022,4,0,0,1249
1156067000,서울특별시 영등포구 신길5동,2023,9,0,0,23753
1156067000,서울특별시 영등포구 신길5동,2024,3,0,0,464
1156068000,서울특별시 영등포구 신길6동,2021,40,1,6,71902
1156068000,서울특별시 영등포구 신길6동,2022,4,0,0,7119
1156068000,서울특별시 영등포구 신길6동,2023,12,0,2,65809
1156068000,서울특별시 영등포구 신길6동,2024,16,0,1,10095
1156069000,서울특별시 영등포구 신길7동,2021,22,0,1,26850
1156069000,서울특별시 영등포구 신길7동,2022,5,0,0,12181
1156069000,서울특별시 영등포구 신길7동,2023,7,0,0,1196
1156069000,서울특별시 영등포구 신길7동,2024,7,0,0,65382
1156070000,서울특별시 영등포구 대림1동,2021,39,0,2,40136
1156070000,서울특별시 영등포구 대림1동,2022,7,0,0,3068
1156070000,서울특별시 영등포구 대림1동,2023,17,0,2,73170
1156070000,서울특별시 영등포구 대림1동,2024,10,0,0,11948
1156071000,서울특별시 영등포구 대림2동,2021,74,0,3,69330
1156071000,서울특별시 영등포구 대림2동,2022,14,0,1,14065
1156071000,서울특별시 영등포구 대림2동,2023,17,0,1,53147
1156071000,서울특별시 영등포구 대림2동,2024,21,0,1,78950
1156072000,서울특별시 영등포구 대림3동,2021,89,1,6,419809
1156072000,서울특별시 영등포구 대림3동,2022,14,0,1,14048
1156072000,서울특별시 영등포구 대림3동,2023,22,0,0,17990
1156072000,서울특별시 영등포구 대림3동,2024,27,0,0,33168
1159051000,서울특별시 동작구 노량진1동,2021,101,2,6,96535
1159051000,서울특별시 동작구 노량진1동,2022,23,0,0,17909
1159051000,서울특별시 동작구 노량진1동,2023,18,0,1,33395
1159051000,서울특별시 동작구 노량진1동,2024,20,0,1,55094
1159052000,서울특별시 동작구 노량진2동,2021,53,1,3,98540
1159052000,서울특별시 동작구 노량진2동,2022,9,0,2,12262
1159052000,서울특별시 동작구 노량진2동,2023,4,0,0,418
1159052000,서울특별시 동작구 노량진2동,2024,8,0,0,1026
1159053000,서울특별시 동작구 상도1동,2021,85,2,1,53851
1159053000,서울특별시 동작구 상도1동,2022,24,1,2,25071
1159053000,서울특별시 동작구 상도1동,2023,14,0,0,32904
1159053000,서울특별시 동작구 상도1동,2024,22,0,0,20643
1159054000,서울특별시 동작구 상도2동,2021,43,0,1,73304
1159054000,서울특별시 동작구 상도2동,2022,11,0,0,3599
1159054000,서울특별시 동작구 상도2동,2023,7,0,0,6854
1159054000,서울특별시 동작구 상도2동,2024,9,0,1,7075
1159055000,서울특별시 동작구 상도3동,2021,58,1,1,53708
1159055000,서울특별시 동작구 상도3동,2022,10,0,2,2755
1159055000,서울특별시 동작구 상도3동,2023,12,1,0,73903
1159055000,서울특별시 동작구 상도3동,2024,13,0,0,1864
1159056000,서울특별시 동작구 상도4동,2021,65,1,6,106620
1159056000,서울특별시 동작구 상도4동,2022,11,0,0,3922
1159056000,서울특별시 동작구 상도4동,2023,11,0,1,6734
1159056000,서울특별시 동작구 상도4동,2024,19,0,0,23199
1159060500,서울특별시 동작구 흑석동,2021,79,1,6,123027
1159060500,서울특별시 동작구 흑석동,2022,16,0,3,40600
1159060500,서울특별시 동작구 흑석동,2023,7,0,0,5930
1159060500,서울특별시 동작구 흑석동,2024,14,0,0,21627
1159062000,서울특별시 동작구 사당1동,2021,72,0,3,167847
1159062000,서울특별시 동작구 사당1동,2022,13,0,5,11352
1159062000,서울특별시 동작구 사당1동,2023,20,0,1,7840
1159062000,서울특별시 동작구 사당1동,2024,11,0,0,15535
1159063000,서울특별시 동작구 사당2동,2021,77,1,3,112531
1159063000,서울특별시 동작구 사당2동,2022,18,0,3,28764
1159063000,서울특별시 동작구 사당2동,2023,24,0,0,50722
1159063000,서울특별시 동작구 사당2동,2024,18,0,12,66168
1159064000,서울특별시 동작구 사당3동,2021,27,0,0,27290
1159064000,서울특별시 동작구 사당3동,2022,8,0,0,2521
1159064000,서울특별시 동작구 사당3동,2023,3,0,0,25
1159064000,서울특별시 동작구 사당3동,2024,7,0,0,923
1159065000,서울특별시 동작구 사당4동,2021,22,0,1,20265
1159065000,서울특별시 동작구 사당4동,2022,8,0,0,2949
1159065000,서울특별시 동작구 사당4동,2023,5,0,0,54927
1159065000,서울특별시 동작구 사당4동,2024,8,0,0,20278
1159065100,서울특별시 동작구 사당5동,2021,22,0,1,11418
1159065100,서울특별시 동작구 사당5동,2022,3,0,0,364
1159065100,서울특별시 동작구 사당5동,2023,9,0,0,13242
1159065100,서울특별시 동작구 사당5동,2024,8,0,2,19898
1159066000,서울특별시 동작구 대방동,2021,81,0,4,225170
1159066000,서울특별시 동작구 대방동,2022,14,0,0,19105
1159066000,서울특별시 동작구 대방동,2023,14,0,6,41878
1159066000,서울특별시 동작구 대방동,2024,12,0,2,11162
1159067000,서울특별시 동작구 신대방1동,2021,64,1,2,30725
1159067000,서울특별시 동작구 신대방1동,2022,9,0,0,1540
1159067000,서울특별시 동작구 신대방1동,2023,13,0,8,25423
1159067000,서울특별시 동작구 신대방1동,2024,7,0,2,19106
1159068000,서울특별시 동작구 신대방2동,2021,46,2,3,91432
1159068000,서울특별시 동작구 신대방2동,2022,12,0,0,51825
1159068000,서울특별시 동작구 신대방2동,2023,10,0,1,12181
1159068000,서울특별시 동작구 신대방2동,2024,11,0,0,4114
1162052500,서울특별시 관악구 보라매동,2021,54,0,5,188396
1162052500,서울특별시 관악구 보라매동,2022,12,0,0,15624
1162052500,서울특별시 관악구 보라매동,2023,13,1,2,36562
1162052500,서울특별시 관악구 보라매동,2024,7,0,0,3945
1162054500,서울특별시 관악구 청림동,2021,21,0,1,34524
1162054500,서울특별시 관악구 청림동,2022,1,0,0,5
1162054500,서울특별시 관악구 청림동,2023,4,0,2,17136
1162054500,서울특별시 관악구 청림동,2024,4,0,0,33115
1162056500,서울특별시 관악구 성현동,2021,57,0,2,66610
1162056500,서울특별시 관악구 성현동,2022,5,0,0,929
1162056500,서울특별시 관악구 성현동,2023,5,0,0,26739
1162056500,서울특별시 관악구 성현동,2024,9,0,0,5669
1162057500,서울특별시 관악구 행운동,2021,86,0,4,250378
1162057500,서울특별시 관악구 행운동,2022,13,0,0,24065
1162057500,서울특별시 관악구 행운동,2023,21,0,1,12079
1162057500,서울특별시 관악구 행운동,2024,13,0,1,5507
1162058500,서울특별시 관악구 낙성대동,2021,76,0,6,226335
1162058500,서울특별시 관악구 낙성대동,2022,19,0,1,22943
1162058500,서울특별시 관악구 낙성대동,2023,16,0,0,43889
1162058500,서울특별시 관악구 낙성대동,2024,19,0,0,53749
1162059500,서울특별시 관악구 청룡동,2021,80,0,3,166297
1162059500,서울특별시 관악구 청룡동,2022,20,0,0,5011
1162059500,서울특별시 관악구 청룡동,2023,22,0,1,37643
1162059500,서울특별시 관악구 청룡동,2024,17,0,0,47378
1162060500,서울특별시 관악구 은천동,2021,86,0,6,133417
1162060500,서울특별시 관악구 은천동,2022,9,0,0,2689
1162060500,서울특별시 관악구 은천동,2023,13,0,0,6451
1162060500,서울특별시 관악구 은천동,2024,4,0,0,88
1162061500,서울특별시 관악구 중앙동,2021,55,1,1,37899
1162061500,서울특별시 관악구 중앙동,2022,16,0,0,7430
1162061500,서울특별시 관악구 중앙동,2023,5,0,0,1874
1162061500,서울특별시 관악구 중앙동,2024,9,0,0,4251
1162062500,서울특별시 관악구 인헌동,2021,58,0,1,204560
1162062500,서울특별시 관악구 인헌동,2022,10,0,0,2176
1162062500,서울특별시 관악구 인헌동,2023,11,0,2,40357
1162062500,서울특별시 관악구 인헌동,2024,10,0,1,4445
1162063000,서울특별시 관악구 남현동,2021,56,1,1,150197
1162063000,서울특별시 관악구 남현동,2022,19,0,1,16054
1162063000,서울특별시 관악구 남현동,2023,17,0,2,32101
1162063000,서울특별시 관악구 남현동,2024,13,0,0,23024
1162064500,서울특별시 관악구 서원동,2021,93,1,4,236474
1162064500,서울특별시 관악구 서원동,2022,28,0,5,49859
1162064500,서울특별시 관악구 서원동,2023,22,0,0,45614
1162064500,서울특별시 관악구 서원동,2024,14,0,0,51240
1162065500,서울특별시 관악구 신원동,2021,46,1,3,109782
1162065500,서울특별시 관악구 신원동,2022,10,0,1,1721
1162065500,서울특별시 관악구 신원동,2023,12,1,1,56866
1162065500,서울특별시 관악구 신원동,2024,8,0,0,4824
1162066500,서울특별시 관악구 서림동,2021,57,1,5,345593
1162066500,서울특별시 관악구 서림동,2022,15,0,0,19944
1162066500,서울특별시 관악구 서림동,2023,16,0,1,10198
1162066500,서울특별시 관악구 서림동,2024,16,0,2,16686
1162068500,서울특별시 관악구 신사동,2021,68,1,1,31842
1162068500,서울특별시 관악구 신사동,2022,16,1,1,10535
1162068500,서울특별시 관악구 신사동,2023,20,0,0,42534
1162068500,서울특별시 관악구 신사동,2024,11,0,1,10918
1162069500,서울특별시 관악구 신림동,2021,123,0,11,261052
1162069500,서울특별시 관악구 신림동,2022,27,0,0,7444
1162069500,서울특별시 관악구 신림동,2023,18,0,2,12517
1162069500,서울특별시 관악구 신림동,2024,22,0,0,15290
1162071500,서울특별시 관악구 난향동,2021,24,1,0,42924
1162071500,서울특별시 관악구 난향동,2022,2,0,0,369
1162071500,서울특별시 관악구 난향동,2023,3,0,0,5049
1162071500,서울특별시 관악구 난향동,2024,3,0,0,806
1162072500,서울특별시 관악구 조원동,2021,72,0,5,62633
1162072500,서울특별시 관악구 조원동,2022,21,0,3,52660
1162072500,서울특별시 관악구 조원동,2023,16,0,0,6088
1162072500,서울특별시 관악구 조원동,2024,10,0,0,1983
1162073500,서울특별시 관악구 대학동,2021,98,2,2,226224
1162073500,서울특별시 관악구 대학동,2022,26,0,3,56837
1162073500,서울특별시 관악구 대학동,2023,14,0,0,8606
1162073500,서울특별시 관악구 대학동,2024,13,0,3,46151
1162074500,서울특별시 관악구 삼성동,2021,57,0,2,219800
1162074500,서울특별시 관악구 삼성동,2022,8,0,1,2965
1162074500,서울특별시 관악구 삼성동,2023,8,0,0,5292
1162074500,서울특별시 관악구 삼성동,2024,9,0,0,17907
1162076500,서울특별시 관악구 미성동,2021,55,1,0,178278
1162076500,서울특별시 관악구 미성동,2022,18,0,1,26446
1162076500,서울특별시 관악구 미성동,2023,13,0,0,19348
1162076500,서울특별시 관악구 미성동,2024,17,0,2,70866
1162077500,서울특별시 관악구 난곡동,2021,45,1,13,84200
1162077500,서울특별시 관악구 난곡동,2022,10,0,0,11643
1162077500,서울특별시 관악구 난곡동,2023,11,0,0,3025
1162077500,서울특별시 관악구 난곡동,2024,12,0,0,3507
1165051000,서울특별시 서초구 서초1동,2021,71,0,3,249623
1165051000,서울특별시 서초구 서초1동,2022,8,0,0,9436
1165051000,서울특별시 서초구 서초1동,2023,17,0,1,8489
1165051000,서울특별시 서초구 서초1동,2024,9,0,1,7506
1165052000,서울특별시 서초구 서초2동,2021,73,0,4,304289
1165052000,서울특별시 서초구 서초2동,2022,12,0,0,16088
1165052000,서울특별시 서초구 서초2동,2023,17,0,1,34414
1165052000,서울특별시 서초구 서초2동,2024,21,0,4,73990
1165053000,서울특별시 서초구 서초3동,2021,134,0,3,171338
1165053000,서울특별시 서초구 서초3동,2022,28,0,1,24215
1165053000,서울특별시 서초구 서초3동,2023,26,0,1,37811
1165053000,서울특별시 서초구 서초3동,2024,29,0,0,9325
1165053100,서울특별시 서초구 서초4동,2021,69,0,21,476450
1165053100,서울특별시 서초구 서초4동,2022,21,0,0,32595
1165053100,서울특별시 서초구 서초4동,2023,20,0,0,13039
1165053100,서울특별시 서초구 서초4동,2024,21,0,1,5909
1165054000,서울특별시 서초구 잠원동,2021,77,0,8,263509
1165054000,서울특별시 서초구 잠원동,2022,9,0,0,7998
1165054000,서울특별시 서초구 잠원동,2023,12,0,0,10573
1165054000,서울특별시 서초구 잠원동,2024,18,0,1,173068
1165055000,서울특별시 서초구 반포본동,2021,19,0,4,64640
1165055000,서울특별시 서초구 반포본동,2022,1,0,0,6160
1165056000,서울특별시 서초구 반포1동,2021,71,1,5,106950
1165056000,서울특별시 서초구 반포1동,2022,19,0,0,33995
1165056000,서울특별시 서초구 반포1동,2023,13,0,0,3409
1165056000,서울특별시 서초구 반포1동,2024,22,0,1,3725
1165057000,서울특별시 서초구 반포2동,2021,20,0,2,97601
1165057000,서울특별시 서초구 반포2동,2022,2,0,0,9254
1165057000,서울특별시 서초구 반포2동,2023,4,0,0,1778
1165058000,서울특별시 서초구 반포3동,2021,43,0,0,70768
1165058000,서울특별시 서초구 반포3동,2022,5,0,0,2893
1165058000,서울특별시 서초구 반포3동,2023,7,0,0,9913
1165058000,서울특별시 서초구 반포3동,2024,9,0,0,54427
1165058100,서울특별시 서초구 반포4동,2021,57,0,2,69007
1165058100,서울특별시 서초구 반포4동,2022,16,0,0,11280
1165058100,서울특별시 서초구 반포4동,2023,16,0,1,22479
1165058100,서울특별시 서초구 반포4동,2024,16,0,0,15168
1165059000,서울특별시 서초구 방배본동,2021,51,1,9,226558
1165059000,서울특별시 서초구 방배본동,2022,7,0,0,6034
1165059000,서울특별시 서초구 방배본동,2023,10,0,2,2272
1165059000,서울특별시 서초구 방배본동,2024,12,0,0,6494
1165060000,서울특별시 서초구 방배1동,2021,52,1,3,64713
1165060000,서울특별시 서초구 방배1동,2022,13,0,0,11865
1165060000,서울특별시 서초구 방배1동,2023,9,0,0,2901
1165060000,서울특별시 서초구 방배1동,2024,8,0,0,2383
1165061000,서울특별시 서초구 방배2동,2021,62,0,4,103603
1165061000,서울특별시 서초구 방배2동,2022,7,0,2,32064
1165061000,서울특별시 서초구 방배2동,2023,10,1,0,13346
1165061000,서울특별시 서초구 방배2동,2024,8,0,0,3241
1165062000,서울특별시 서초구 방배3동,2021,43,0,0,182420
1165062000,서울특별시 서초구 방배3동,2022,10,0,8,29232
1165062000,서울특별시 서초구 방배3동,2023,9,0,0,9508
1165062000,서울특별시 서초구 방배3동,2024,8,0,0,48151
1165062100,서울특별시 서초구 방배4동,2021,49,0,3,292297
1165062100,서울특별시 서초구 방배4동,2022,6,0,0,2212
1165062100,서울특별시 서초구 방배4동,2023,17,0,0,15337
1165062100,서울특별시 서초구 방배4동,2024,9,0,0,7273
1165065100,서울특별시 서초구 양재1동,2021,98,0,7,152729
1165065100,서울특별시 서초구 양재1동,2022,16,0,0,36553
1165065100,서울특별시 서초구 양재1동,2023,21,0,1,21677
1165065100,서울특별시 서초구 양재1동,2024,26,0,0,87234
1165065200,서울특별시 서초구 양재2동,2021,118,0,6,516167
1165065200,서울특별시 서초구 양재2동,2022,20,0,2,7828
1165065200,서울특별시 서초구 양재2동,2023,20,0,0,51990
1165065200,서울특별시 서초구 양재2동,2024,23,0,0,13838
1165066000,서울특별시 서초구 내곡동,2021,43,0,5,204811
1165066000,서울특별시 서초구 내곡동,2022,15,0,0,126185
1165066000,서울특별시 서초구 내곡동,2023,11,0,0,61504
1165066000,서울특별시 서초구 내곡동,2024,15,0,0,76268
1168051000,서울특별시 강남구 신사동,2021,138,0,4,418453
1168051000,서울특별시 강남구 신사동,2022,29,0,1,95163
1168051000,서울특별시 강남구 신사동,2023,27,0,0,54385
1168051000,서울특별시 강남구 신사동,2024,24,0,0,33293
1168052100,서울특별시 강남구 논현1동,2021,209,0,6,801487
1168052100,서울특별시 강남구 논현1동,2022,53,0,3,120755
1168052100,서울특별시 강남구 논현1동,2023,39,0,0,113446
1168052100,서울특별시 강남구 논현1동,2024,45,0,1,72481
1168053100,서울특별시 강남구 논현2동,2021,149,0,1,356804
1168053100,서울특별시 강남구 논현2동,2022,43,0,1,192477
1168053100,서울특별시 강남구 논현2동,2023,22,0,0,23131
1168053100,서울특별시 강남구 논현2동,2024,28,0,1,62224
1168054500,서울특별시 강남구 압구정동,2021,132,0,4,402400
1168054500,서울특별시 강남구 압구정동,2022,36,0,0,80887
1168054500,서울특별시 강남구 압구정동,2023,34,0,2,184211
1168054500,서울특별시 강남구 압구정동,2024,23,0,2,190294
1168056500,서울특별시 강남구 청담동,2021,148,0,2,608388
1168056500,서울특별시 강남구 청담동,2022,29,0,3,65338
1168056500,서울특별시 강남구 청담동,2023,33,0,0,297019
1168056500,서울특별시 강남구 청담동,2024,31,0,0,61320
1168058000,서울특별시 강남구 삼성1동,2021,100,0,13,293434
1168058000,서울특별시 강남구 삼성1동,2022,19,0,1,38831
1168058000,서울특별시 강남구 삼성1동,2023,17,0,0,162546
1168058000,서울특별시 강남구 삼성1동,2024,20,0,0,15669
1168059000,서울특별시 강남구 삼성2동,2021,115,1,8,535514
1168059000,서울특별시 강남구 삼성2동,2022,26,0,1,314659
1168059000,서울특별시 강남구 삼성2동,2023,30,0,3,33737
1168059000,서울특별시 강남구 삼성2동,2024,15,0,2,14530
1168060000,서울특별시 강남구 대치1동,2021,37,0,2,74671
1168060000,서울특별시 강남구 대치1동,2022,8,0,0,42446
1168060000,서울특별시 강남구 대치1동,2023,7,0,0,5188
1168060000,서울특별시 강남구 대치1동,2024,8,0,0,69491
1168061000,서울특별시 강남구 대치2동,2021,88,1,0,331731
1168061000,서울특별시 강남구 대치2동,2022,20,0,2,225413
1168061000,서울특별시 강남구 대치2동,2023,18,0,0,53349
1168061000,서울특별시 강남구 대치2동,2024,17,0,1,4645
1168063000,서울특별시 강남구 대치4동,2021,107,0,3,278539
1168063000,서울특별시 강남구 대치4동,2022,21,0,0,126097
1168063000,서울특별시 강남구 대치4동,2023,32,0,0,22857
1168063000,서울특별시 강남구 대치4동,2024,11,0,0,3754
1168064000,서울특별시 강남구 역삼1동,2021,329,0,19,1413559
1168064000,서울특별시 강남구 역삼1동,2022,63,0,1,176504
1168064000,서울특별시 강남구 역삼1동,2023,76,0,1,105640
1168064000,서울특별시 강남구 역삼1동,2024,55,0,1,176821
1168065000,서울특별시 강남구 역삼2동,2021,108,0,5,277395
1168065000,서울특별시 강남구 역삼2동,2022,19,0,1,22703
1168065000,서울특별시 강남구 역삼2동,2023,18,0,1,127249
1168065000,서울특별시 강남구 역삼2동,2024,22,0,4,298839
1168065500,서울특별시 강남구 도곡1동,2021,45,0,1,126222
1168065500,서울특별시 강남구 도곡1동,2022,7,0,0,33472
1168065500,서울특별시 강남구 도곡1동,2023,5,0,1,12110
1168065500,서울특별시 강남구 도곡1동,2024,7,0,0,31499
1168065600,서울특별시 강남구 도곡2동,2021,44,0,0,230434
1168065600,서울특별시 강남구 도곡2동,2022,10,0,0,32338
1168065600,서울특별시 강남구 도곡2동,2023,6,0,0,83948
1168065600,서울특별시 강남구 도곡2동,2024,14,0,1,7372
1168066000,서울특별시 강남구 개포1동,2021,26,0,4,240233
1168066000,서울특별시 강남구 개포1동,2022,2,0,0,140406
1168066000,서울특별시 강남구 개포1동,2023,3,0,0,1084305
1168066000,서울특별시 강남구 개포1동,2024,8,0,0,1279
1168067000,서울특별시 강남구 개포2동,2021,37,0,0,76578
1168067000,서울특별시 강남구 개포2동,2022,6,0,0,39452
1168067000,서울특별시 강남구 개포2동,2023,5,0,0,3328
1168067000,서울특별시 강남구 개포2동,2024,8,0,0,11597
1168067500,서울특별시 강남구 개포3동,2021,25,0,2,68104
1168067500,서울특별시 강남구 개포3동,2022,2,0,0,31
1168067500,서울특별시 강남구 개포3동,2023,1,0,0,173
1168067500,서울특별시 강남구 개포3동,2024,5,0,1,2524
1168069000,서울특별시 강남구 개포4동,2021,58,1,2,168731
1168069000,서울특별시 강남구 개포4동,2022,13,0,0,12765
1168069000,서울특별시 강남구 개포4동,2023,8,0,0,66942
1168069000,서울특별시 강남구 개포4동,2024,13,1,1,3866
1168070000,서울특별시 강남구 세곡동,2021,72,0,6,343146
1168070000,서울특별시 강남구 세곡동,2022,16,0,1,138958
1168070000,서울특별시 강남구 세곡동,2023,20,0,0,282161
1168070000,서울특별시 강남구 세곡동,2024,15,0,0,23767
1168072000,서울특별시 강남구 일원본동,2021,30,0,0,80364
1168072000,서울특별시 강남구 일원본동,2022,6,0,1,1501
1168072000,서울특별시 강남구 일원본동,2023,1,0,0,92
1168072000,서울특별시 강남구 일원본동,2024,3,0,0,1077
1168073000,서울특별시 강남구 일원1동,2021,45,0,2,143579
1168073000,서울특별시 강남구 일원1동,2022,5,0,0,19936
1168073000,서울특별시 강남구 일원1동,2023,12,0,2,32608
1168073000,서울특별시 강남구 일원1동,2024,6,0,0,106558
1168075000,서울특별시 강남구 수서동,2021,34,0,2,65917
1168075000,서울특별시 강남구 수서동,2022,4,0,1,3592
1168075000,서울특별시 강남구 수서동,2023,7,0,0,19091
1168075000,서울특별시 강남구 수서동,2024,7,0,0,140469
1171051000,서울특별시 송파구 풍납1동,2021,27,2,2,63315
1171051000,서울특별시 송파구 풍납1동,2022,3,0,0,125
1171051000,서울특별시 송파구 풍납1동,2023,9,0,0,2916
1171051000,서울특별시 송파구 풍납1동,2024,5,0,0,892
1171052000,서울특별시 송파구 풍납2동,2021,53,0,3,80790
1171052000,서울특별시 송파구 풍납2동,2022,12,0,1,28576
1171052000,서울특별시 송파구 풍납2동,2023,9,0,0,3186
1171052000,서울특별시 송파구 풍납2동,2024,7,0,0,8319
1171053100,서울특별시 송파구 거여1동,2021,29,0,1,43300
1171053100,서울특별시 송파구 거여1동,2022,7,0,1,6351
1171053100,서울특별시 송파구 거여1동,2023,9,0,0,2593
1171053100,서울특별시 송파구 거여1동,2024,8,0,0,3643
1171053200,서울특별시 송파구 거여2동,2021,33,0,0,38281
1171053200,서울특별시 송파구 거여2동,2022,12,0,0,20411
1171053200,서울특별시 송파구 거여2동,2023,9,0,0,7736
1171053200,서울특별시 송파구 거여2동,2024,10,0,0,2848
1171054000,서울특별시 송파구 마천1동,2021,50,0,1,79274
1171054000,서울특별시 송파구 마천1동,2022,11,0,0,7081
1171054000,서울특별시 송파구 마천1동,2023,12,0,0,23467
1171054000,서울특별시 송파구 마천1동,2024,15,0,1,25496
1171055000,서울특별시 송파구 마천2동,2021,64,0,1,177906
1171055000,서울특별시 송파구 마천2동,2022,16,0,0,17521
1171055000,서울특별시 송파구 마천2동,2023,9,0,0,37304
1171055000,서울특별시 송파구 마천2동,2024,13,1,2,49816
1171056100,서울특별시 송파구 방이1동,2021,35,0,2,25126
1171056100,서울특별시 송파구 방이1동,2022,4,0,0,3520
1171056100,서울특별시 송파구 방이1동,2023,13,0,0,23557
1171056100,서울특별시 송파구 방이1동,2024,5,0,0,37046
1171056200,서울특별시 송파구 방이2동,2021,103,0,11,665759
1171056200,서울특별시 송파구 방이2동,2022,30,0,0,141879
1171056200,서울특별시 송파구 방이2동,2023,30,0,1,85157
1171056200,서울특별시 송파구 방이2동,2024,29,0,0,13597
1171056600,서울특별시 송파구 오륜동,2021,45,1,5,176426
1171056600,서울특별시 송파구 오륜동,2022,8,0,0,3846
1171056600,서울특별시 송파구 오륜동,2023,10,0,0,89210
1171056600,서울특별시 송파구 오륜동,2024,4,0,0,18112
1171057000,서울특별시 송파구 오금동,2021,94,0,8,108006
1171057000,서울특별시 송파구 오금동,2022,26,0,0,233435
1171057000,서울특별시 송파구 오금동,2023,18,1,2,27530
1171057000,서울특별시 송파구 오금동,2024,26,0,4,63749
1171058000,서울특별시 송파구 송파1동,2021,69,0,2,67650
1171058000,서울특별시 송파구 송파1동,2022,22,0,0,18996
1171058000,서울특별시 송파구 송파1동,2023,20,0,2,49075
1171058000,서울특별시 송파구 송파1동,2024,28,0,0,29704
1171059000,서울특별시 송파구 송파2동,2021,31,0,1,29102
1171059000,서울특별시 송파구 송파2동,2022,9,0,0,790
1171059000,서울특별시 송파구 송파2동,2023,6,0,0,574
1171059000,서울특별시 송파구 송파2동,2024,6,0,0,1203
1171060000,서울특별시 송파구 석촌동,2021,100,0,5,323009
1171060000,서울특별시 송파구 석촌동,2022,15,0,0,103939
1171060000,서울특별시 송파구 석촌동,2023,27,0,0,77280
1171060000,서울특별시 송파구 석촌동,2024,32,0,2,61958
1171061000,서울특별시 송파구 삼전동,2021,83,0,1,169258
1171061000,서울특별시 송파구 삼전동,2022,23,0,8,45594
1171061000,서울특별시 송파구 삼전동,2023,26,0,0,7856
1171061000,서울특별시 송파구 삼전동,2024,33,0,2,32034
1171062000,서울특별시 송파구 가락본동,2021,91,1,1,183244
1171062000,서울특별시 송파구 가락본동,2022,18,0,1,134401
1171062000,서울특별시 송파구 가락본동,2023,27,0,1,135468
1171062000,서울특별시 송파구 가락본동,2024,25,0,0,29780
1171063100,서울특별시 송파구 가락1동,2021,48,0,1,53400
1171063100,서울특별시 송파구 가락1동,2022,11,0,0,15864
1171063100,서울특별시 송파구 가락1동,2023,10,0,0,8399
1171063100,서울특별시 송파구 가락1동,2024,14,0,0,24114
1171063200,서울특별시 송파구 가락2동,2021,56,1,1,306174
1171063200,서울특별시 송파구 가락2동,2022,17,0,1,5977
1171063200,서울특별시 송파구 가락2동,2023,20,1,0,36541
1171063200,서울특별시 송파구 가락2동,2024,14,0,0,35514
1171064100,서울특별시 송파구 문정1동,2021,41,0,4,41448
1171064100,서울특별시 송파구 문정1동,2022,13,0,0,10341
1171064100,서울특별시 송파구 문정1동,2023,9,0,0,2026
1171064100,서울특별시 송파구 문정1동,2024,14,0,0,3399
1171064200,서울특별시 송파구 문정2동,2021,92,0,5,138569
1171064200,서울특별시 송파구 문정2동,2022,19,0,0,99399
1171064200,서울특별시 송파구 문정2동,2023,24,0,0,59103
1171064200,서울특별시 송파구 문정2동,2024,19,0,0,154042
1171064600,서울특별시 송파구 장지동,2021,69,2,5,278588
1171064600,서울특별시 송파구 장지동,2022,9,0,0,3234
1171064600,서울특별시 송파구 장지동,2023,10,0,0,11863
1171064600,서울특별시 송파구 장지동,2024,9,0,0,1116
1171064700,서울특별시 송파구 위례동,2021,26,0,0,95944
1171064700,서울특별시 송파구 위례동,2022,7,0,0,29350
1171064700,서울특별시 송파구 위례동,2023,16,0,0,12991
1171064700,서울특별시 송파구 위례동,2024,7,0,0,45875
1171065000,서울특별시 송파구 잠실본동,2021,121,0,6,293036
1171065000,서울특별시 송파구 잠실본동,2022,27,0,0,86011
1171065000,서울특별시 송파구 잠실본동,2023,29,0,0,36275
1171065000,서울특별시 송파구 잠실본동,2024,38,0,1,5850
1171067000,서울특별시 송파구 잠실2동,2021,35,0,4,118143
1171067000,서울특별시 송파구 잠실2동,2022,9,0,0,7220
1171067000,서울특별시 송파구 잠실2동,2023,6,1,1,20911
1171067000,서울특별시 송파구 잠실2동,2024,9,0,1,21632
1171068000,서울특별시 송파구 잠실3동,2021,38,0,0,38580
1171068000,서울특별시 송파구 잠실3동,2022,6,0,0,2264
1171068000,서울특별시 송파구 잠실3동,2023,10,0,0,35220
1171068000,서울특별시 송파구 잠실3동,2024,6,0,0,990
1171069000,서울특별시 송파구 잠실4동,2021,13,0,0,2942
1171069000,서울특별시 송파구 잠실4동,2022,1,0,0,27
1171069000,서울특별시 송파구 잠실4동,2023,4,0,0,42261
1171069000,서울특별시 송파구 잠실4동,2024,3,0,0,361
1171071000,서울특별시 송파구 잠실6동,2021,37,0,0,81714
1171071000,서울특별시 송파구 잠실6동,2022,13,1,0,6729
1171071000,서울특별시 송파구 잠실6동,2023,6,0,0,36679
1171071000,서울특별시 송파구 잠실6동,2024,6,0,1,6250
1171072000,서울특별시 송파구 잠실7동,2021,11,0,1,11677
1171072000,서울특별시 송파구 잠실7동,2022,1,0,0,14
1171072000,서울특별시 송파구 잠실7동,2023,1,0,0,11
1171072000,서울특별시 송파구 잠실7동,2024,2,0,0,146
1174051500,서울특별시 강동구 강일동,2021,57,1,4,223170
1174051500,서울특별시 강동구 강일동,2022,9,0,2,197218
1174051500,서울특별시 강동구 강일동,2023,6,0,0,87165
1174051500,서울특별시 강동구 강일동,2024,18,0,0,48837
1174052500,서울특별시 강동구 상일제1동,2021,54,1,2,163083
1174052500,서울특별시 강동구 상일제1동,2022,6,0,0,7857
1174052500,서울특별시 강동구 상일제1동,2023,10,0,0,22328
1174052500,서울특별시 강동구 상일제1동,2024,5,0,0,8942
1174052600,서울특별시 강동구 상일제2동,2021,19,0,0,16132
1174052600,서울특별시 강동구 상일제2동,2022,6,0,0,1628
1174052600,서울특별시 강동구 상일제2동,2023,5,0,0,76830
1174052600,서울특별시 강동구 상일제2동,2024,3,0,0,726
1174053000,서울특별시 강동구 명일1동,2021,61,0,1,105013
1174053000,서울특별시 강동구 명일1동,2022,4,0,1,4539
1174053000,서울특별시 강동구 명일1동,2023,10,0,1,2815
1174053000,서울특별시 강동구 명일1동,2024,13,0,1,22626
1174054000,서울특별시 강동구 명일2동,2021,33,0,0,54306
1174054000,서울특별시 강동구 명일2동,2022,6,0,0,40810
1174054000,서울특별시 강동구 명일2동,2023,3,0,0,3403
1174054000,서울특별시 강동구 명일2동,2024,5,0,0,1657
1174055000,서울특별시 강동구 고덕1동,2021,41,3,2,154698
1174055000,서울특별시 강동구 고덕1동,2022,7,0,0,1848
1174055000,서울특별시 강동구 고덕1동,2023,7,0,0,3482
1174055000,서울특별시 강동구 고덕1동,2024,7,0,0,3454
1174056000,서울특별시 강동구 고덕2동,2021,29,0,0,132865
1174056000,서울특별시 강동구 고덕2동,2022,11,0,0,17047
1174056000,서울특별시 강동구 고덕2동,2023,5,1,0,69765
1174056000,서울특별시 강동구 고덕2동,2024,7,0,0,49636
1174057000,서울특별시 강동구 암사1동,2021,100,0,0,64961
1174057000,서울특별시 강동구 암사1동,2022,13,0,1,8191
1174057000,서울특별시 강동구 암사1동,2023,15,0,0,40499
1174057000,서울특별시 강동구 암사1동,2024,14,1,1,9189
1174058000,서울특별시 강동구 암사2동,2021,31,0,0,94654
1174058000,서울특별시 강동구 암사2동,2022,7,1,0,86001
1174058000,서울특별시 강동구 암사2동,2023,4,0,0,9134
1174058000,서울특별시 강동구 암사2동,2024,7,0,0,12049
1174059000,서울특별시 강동구 암사3동,2021,34,0,5,107493
1174059000,서울특별시 강동구 암사3동,2022,5,0,5,37994
1174059000,서울특별시 강동구 암사3동,2023,8,0,1,265769
1174059000,서울특별시 강동구 암사3동,2024,4,0,2,1008
1174060000,서울특별시 강동구 천호1동,2021,79,0,5,133721
1174060000,서울특별시 강동구 천호1동,2022,12,0,3,22384
1174060000,서울특별시 강동구 천호1동,2023,9,0,0,18798
1174060000,서울특별시 강동구 천호1동,2024,4,0,0,620
1174061000,서울특별시 강동구 천호2동,2021,146,3,12,207834
1174061000,서울특별시 강동구 천호2동,2022,23,0,3,72725
1174061000,서울특별시 강동구 천호2동,2023,18,0,0,36785
1174061000,서울특별시 강동구 천호2동,2024,17,0,1,21705
1174062000,서울특별시 강동구 천호3동,2021,88,0,3,46612
1174062000,서울특별시 강동구 천호3동,2022,15,0,7,151539
1174062000,서울특별시 강동구 천호3동,2023,13,0,1,6200
1174062000,서울특별시 강동구 천호3동,2024,8,0,0,5026
1174064000,서울특별시 강동구 성내1동,2021,66,0,5,114061
1174064000,서울특별시 강동구 성내1동,2022,10,0,1,7357
1174064000,서울특별시 강동구 성내1동,2023,9,0,0,1430
1174064000,서울특별시 강동구 성내1동,2024,9,0,0,8521
1174065000,서울특별시 강동구 성내2동,2021,91,0,5,98946
1174065000,서울특별시 강동구 성내2동,2022,14,0,0,28668
1174065000,서울특별시 강동구 성내2동,2023,9,0,0,2128
1174065000,서울특별시 강동구 성내2동,2024,19,0,11,466325
1174066000,서울특별시 강동구 성내3동,2021,76,0,2,98520
1174066000,서울특별시 강동구 성내3동,2022,11,0,0,20623
1174066000,서울특별시 강동구 성내3동,2023,8,0,1,2574
1174066000,서울특별시 강동구 성내3동,2024,14,1,0,24097
1174068500,서울특별시 강동구 길동,2021,140,0,8,154929
1174068500,서울특별시 강동구 길동,2022,21,0,1,42072
1174068500,서울특별시 강동구 길동,2023,17,0,0,10663
1174068500,서울특별시 강동구 길동,2024,16,0,4,106560
1174069000,서울특별시 강동구 둔촌1동,2021,5,0,0,1513
1174069000,서울특별시 강동구 둔촌1동,2022,2,0,0,225
1174069000,서울특별시 강동구 둔촌1동,2024,1,0,0,391
1174070000,서울특별시 강동구 둔촌2동,2021,71,1,12,170765
1174070000,서울특별시 강동구 둔촌2동,2022,12,0,1,58860
1174070000,서울특별시 강동구 둔촌2동,2023,13,0,0,21476
1174070000,서울특별시 강동구 둔촌2동,2024,14,0,1,49616
