adm_cd,adm_nm,risk_class,risk_index,hotspot_rank,lat,lon,fire_count
1132052100,서울특별시 도봉구 도봉1동,최우선 대응,100.0,1,37.68041109779816,127.04298908990826,109
1132052100,서울특별시 도봉구 도봉1동,최우선 대응,100.0,2,37.69160529999999,127.04420983846155,13
1132052100,서울특별시 도봉구 도봉1동,최우선 대응,100.0,3,37.67804706666667,127.03493186666667,3
1141068500,서울특별시 서대문구 홍은2동,최우선 대응,96.69,1,37.580416052765955,126.92918633829784,94
1141068500,서울특별시 서대문구 홍은2동,최우선 대응,96.69,2,37.58684364714286,126.93241357142857,21
1141068500,서울특별시 서대문구 홍은2동,최우선 대응,96.69,3,37.59339242,126.93383237368423,19
1135066500,서울특별시 노원구 상계3·4동,최우선 대응,92.46,1,37.67060825417911,127.08058795522388,67
1135066500,서울특별시 노원구 상계3·4동,최우선 대응,92.46,2,37.66374974285714,127.07596677857141,14
1135066500,서울특별시 노원구 상계3·4동,최우선 대응,92.46,3,37.66855775,127.07168469999999,4
1132070000,서울특별시 도봉구 방학2동,최우선 대응,90.56,1,37.66761230533333,127.03488725523809,105
1132070000,서울특별시 도봉구 방학2동,최우선 대응,90.56,2,37.66475546666666,127.0309195,3
1132070000,서울특별시 도봉구 방학2동,최우선 대응,90.56,3,37.6689964,127.02898265,2
1154570000,서울특별시 금천구 시흥4동,최우선 대응,89.05,1,37.45928315566667,126.90796006666666,60
1132066000,서울특별시 도봉구 쌍문1동,최우선 대응,87.5,1,37.65688960692308,127.01611779038461,52
1132066000,서울특별시 도봉구 쌍문1동,최우선 대응,87.5,2,37.650501221025635,127.02425079487178,39
1132066000,서울특별시 도봉구 쌍문1동,최우선 대응,87.5,3,37.651503194285716,127.01379095714286,7
1123054500,서울특별시 동대문구 제기동,최우선 대응,86.07,1,37.58371530660715,127.03801946666668,168
1123054500,서울특별시 동대문구 제기동,최우선 대응,86.07,2,37.5823450175,127.0300879,4
1154569000,서울특별시 금천구 시흥3동,최우선 대응,86.02,1,37.44097467071428,126.9039214095238,42
1154569000,서울특별시 금천구 시흥3동,최우선 대응,86.02,2,37.436665004999995,126.904272,2
1154569000,서울특별시 금천구 시흥3동,최우선 대응,86.02,3,37.445835474999996,126.9037065,2
1153076000,서울특별시 구로구 개봉3동,최우선 대응,85.52,1,37.48721067540541,126.85492347027028,74
1132051300,서울특별시 도봉구 창3동,최우선 대응,84.18,1,37.63694327616667,127.04084000999998,60
1147061000,서울특별시 양천구 신월6동,최우선 대응,83.83,1,37.51584062379311,126.84013475517244,29
1120079000,서울특별시 성동구 용답동,최우선 대응,81.87,1,37.564648416000004,127.05228456333332,60
1120079000,서울특별시 성동구 용답동,최우선 대응,81.87,2,37.56001182405405,127.06483154594595,37
1120079000,서울특별시 성동구 용답동,최우선 대응,81.87,3,37.551337125,127.0625961125,8
1154571000,서울특별시 금천구 시흥5동,최우선 대응,81.45,1,37.45143187688524,126.90904296393444,61
1154571000,서울특별시 금천구 시흥5동,최우선 대응,81.45,2,37.447270333333336,126.905777,3
1111056000,서울특별시 종로구 평창동,최우선 대응,80.93,1,37.60693315249999,126.96914189722224,36
1111056000,서울특별시 종로구 평창동,최우선 대응,80.93,2,37.614010574285714,126.97265835714286,7
1111056000,서울특별시 종로구 평창동,최우선 대응,80.93,3,37.60919077666667,126.97577326666668,6
1120054000,서울특별시 성동구 마장동,최우선 대응,79.42,1,37.5676717724031,127.03986195813954,129
1147056000,서울특별시 양천구 신월1동,최우선 대응,78.89,1,37.53143445051948,126.83463382857144,77
1141052000,서울특별시 서대문구 천연동,최우선 대응,78.81,1,37.569354349722225,126.96054225833333,72
1141052000,서울특별시 서대문구 천연동,최우선 대응,78.81,2,37.57662565,126.95345146666666,6
1132052200,서울특별시 도봉구 도봉2동,최우선 대응,78.29,1,37.673610227692315,127.04690742564104,39
1132052200,서울특별시 도봉구 도봉2동,최우선 대응,78.29,2,37.683963617567564,127.04861996486486,37
1132052200,서울특별시 도봉구 도봉2동,최우선 대응,78.29,3,37.67894442,127.04869413333331,3
1130564500,서울특별시 강북구 우이동,최우선 대응,78.09,1,37.647292271714285,127.01176509714288,35
1130564500,서울특별시 강북구 우이동,최우선 대응,78.09,2,37.65938113470588,127.01222732352942,17
1130564500,서울특별시 강북구 우이동,최우선 대응,78.09,3,37.66206518166667,127.00978605,6
1162074500,서울특별시 관악구 삼성동,잠재 위험,76.86,1,37.465872168000004,126.93057438800001,25
1162074500,서울특별시 관악구 삼성동,잠재 위험,76.86,2,37.47067740000001,126.93106973529412,17
1162074500,서울특별시 관악구 삼성동,잠재 위험,76.86,3,37.462727328571425,126.92651650714285,14
1138052000,서울특별시 은평구 불광1동,최우선 대응,76.44,1,37.614086021403516,126.93231657192982,57
1138052000,서울특별시 은평구 불광1동,최우선 대응,76.44,2,37.61892610790698,126.92534804186046,43
1138052000,서울특별시 은평구 불광1동,최우선 대응,76.44,3,37.614736666,126.92778005999999,5
1138060000,서울특별시 은평구 응암3동,최우선 대응,76.19,1,37.58888002867925,126.91777483584906,106
1147061100,서울특별시 양천구 신월7동,최우선 대응,76.11,1,37.52127649906667,126.833795628,75
1147061100,서울특별시 양천구 신월7동,최우선 대응,76.11,2,37.516932069999996,126.8328676,2
1141066000,서울특별시 서대문구 홍은1동,최우선 대응,76.03,1,37.5996001104,126.94751407466666,75
1141066000,서울특별시 서대문구 홍은1동,최우선 대응,76.03,2,37.59231622666667,126.94263216666667,9
1141066000,서울특별시 서대문구 홍은1동,최우선 대응,76.03,3,37.596796160000004,126.95551111428571,7
1154563000,서울특별시 금천구 독산3동,최우선 대응,75.04,1,37.476142886480005,126.903381312,125
1141064000,서울특별시 서대문구 홍제3동,최우선 대응,74.63,1,37.59244132027777,126.94718112361109,72
1147058000,서울특별시 양천구 신월3동,최우선 대응,73.06,1,37.53298260164383,126.82775096849318,73
1147058000,서울특별시 양천구 신월3동,최우선 대응,73.06,2,37.53905266,126.824477925,4
1147058000,서울특별시 양천구 신월3동,최우선 대응,73.06,3,37.5253213,126.83172985,2
1156058500,서울특별시 영등포구 도림동,최우선 대응,72.45,1,37.508869949538465,126.90056694307691,65
1156058500,서울특별시 영등포구 도림동,최우선 대응,72.45,2,37.51143004285715,126.90946474285712,7
1147057000,서울특별시 양천구 신월2동,최우선 대응,72.38,1,37.52404397586207,126.84506968965516,58
1147057000,서울특별시 양천구 신월2동,최우선 대응,72.38,2,37.52347038,126.85011521999999,5
1141069000,서울특별시 서대문구 남가좌1동,최우선 대응,71.97,1,37.57032680021276,126.91559404042553,47
1141069000,서울특별시 서대문구 남가좌1동,최우선 대응,71.97,2,37.571486225,126.92056635,4
1141069000,서울특별시 서대문구 남가좌1동,최우선 대응,71.97,3,37.57430846666667,126.91708066666668,3
1168073000,서울특별시 강남구 일원1동,잠재 위험,71.56,1,37.49262796183333,127.08568781833331,60
1168073000,서울특별시 강남구 일원1동,잠재 위험,71.56,2,37.49564465,127.09120874999999,2
1126052000,서울특별시 중랑구 면목2동,최우선 대응,70.64,1,37.58965992791209,127.0785370934066,91
1132067000,서울특별시 도봉구 쌍문2동,최우선 대응,70.53,1,37.65735115666667,127.03735215466668,75
1126056500,서울특별시 중랑구 면목본동,최우선 대응,70.24,1,37.58842585544776,127.08973674701492,134
1138063200,서울특별시 은평구 신사2동,최우선 대응,70.1,1,37.593563418205136,126.90850534102566,39
1138063200,서울특별시 은평구 신사2동,최우선 대응,70.1,2,37.59111115692308,126.90508252307693,13
1141062000,서울특별시 서대문구 홍제1동,잠재 위험,69.96,1,37.5872028993617,126.94397613404257,47
1141062000,서울특별시 서대문구 홍제1동,잠재 위험,69.96,2,37.58413667692308,126.93759727692306,13
1141062000,서울특별시 서대문구 홍제1동,잠재 위험,69.96,3,37.587929681249996,126.9372259,8
1147059000,서울특별시 양천구 신월4동,최우선 대응,69.55,1,37.5214600222,126.8406309,50
1147059000,서울특별시 양천구 신월4동,최우선 대응,69.55,2,37.525832574999995,126.83811634999999,4
1162066500,서울특별시 관악구 서림동,최우선 대응,69.06,1,37.47442266942529,126.93730065632184,87
1126057500,서울특별시 중랑구 면목3·8동,최우선 대응,68.77,1,37.58224326410714,127.08866374285715,56
1126057500,서울특별시 중랑구 면목3·8동,최우선 대응,68.77,2,37.588488676842104,127.09767498157896,38
1126057500,서울특별시 중랑구 면목3·8동,최우선 대응,68.77,3,37.581224416666664,127.09591121666666,6
1129065000,서울특별시 성북구 정릉4동,잠재 위험,68.55,1,37.61212274666666,127.0103746511111,45
1162057500,서울특별시 관악구 행운동,최우선 대응,68.55,1,37.48039033336134,126.95983915966384,119
1129065000,서울특별시 성북구 정릉4동,잠재 위험,68.55,2,37.61681114461539,127.0047996230769,13
1129065000,서울특별시 성북구 정릉4동,잠재 위험,68.55,3,37.62091146,127.0020468,2
1138064000,서울특별시 은평구 증산동,최우선 대응,68.53,1,37.5847256745283,126.90828130754717,53
1138064000,서울특별시 은평구 증산동,최우선 대응,68.53,2,37.57901094,126.900497725,4
1138064000,서울특별시 은평구 증산동,최우선 대응,68.53,3,37.58873995333334,126.90829880000001,3
1129064000,서울특별시 성북구 정릉3동,최우선 대응,68.14,1,37.610804774222224,127.00488481777779,45
1129064000,서울특별시 성북구 정릉3동,최우선 대응,68.14,2,37.608116818,126.99978959999999,5
1129064000,서울특별시 성북구 정릉3동,최우선 대응,68.14,3,37.6061095,127.002010125,4
1111057000,서울특별시 종로구 무악동,잠재 위험,67.27,1,37.575798559166664,126.958656025,24
1130553500,서울특별시 강북구 미아동,최우선 대응,67.19,1,37.62847807765958,127.02481296276592,94
1130553500,서울특별시 강북구 미아동,최우선 대응,67.19,2,37.62781922166666,127.03089511666667,6
1130553500,서울특별시 강북구 미아동,최우선 대응,67.19,3,37.63464945,127.0271516,2
1150064000,서울특별시 강서구 방화2동,최우선 대응,67.05,1,37.567618427042255,126.80915503098593,71
1150064000,서울특별시 강서구 방화2동,최우선 대응,67.05,2,37.5710183,126.80476298571429,7
1150064000,서울특별시 강서구 방화2동,최우선 대응,67.05,3,37.57603951857143,126.80235021428572,7
1147060000,서울특별시 양천구 신월5동,최우선 대응,66.52,1,37.53815702128205,126.83129953589741,39
1147060000,서울특별시 양천구 신월5동,최우선 대응,66.52,2,37.5413306888889,126.82836756666666,9
1147060000,서울특별시 양천구 신월5동,최우선 대응,66.52,3,37.5442487,126.82885544999999,2
1126057000,서울특별시 중랑구 면목7동,최우선 대응,66.32,1,37.57900102054795,127.08694211780822,73
1126057000,서울특별시 중랑구 면목7동,최우선 대응,66.32,2,37.5763908,127.08977695,2
1130555500,서울특별시 강북구 송천동,최우선 대응,65.91,1,37.618210002909095,127.02494111363636,110
1130555500,서울특별시 강북구 송천동,최우선 대응,65.91,2,37.62432531888889,127.01971283333334,9
1130555500,서울특별시 강북구 송천동,최우선 대응,65.91,3,37.6126806,127.02856076666666,3
1130566000,서울특별시 강북구 인수동,최우선 대응,65.6,1,37.63882973669903,127.01430059611651,103
1130566000,서울특별시 강북구 인수동,최우선 대응,65.6,2,37.638268517499995,127.00821075,4
1130566000,서울특별시 강북구 인수동,최우선 대응,65.6,3,37.6436531,127.00426723333332,3
1141065500,서울특별시 서대문구 홍제2동,잠재 위험,65.42,1,37.585751289,126.950021175,20
1141065500,서울특별시 서대문구 홍제2동,잠재 위험,65.42,2,37.587980124999994,126.94646582499999,8
1141065500,서울특별시 서대문구 홍제2동,잠재 위험,65.42,3,37.580845,126.95328225,2
1132071000,서울특별시 도봉구 방학3동,잠재 위험,65.36,1,37.66055148629032,127.0264784193548,62
1153077000,서울특별시 구로구 오류1동,최우선 대응,65.17,1,37.49638063307692,126.84321986923077,65
1153077000,서울특별시 구로구 오류1동,최우선 대응,65.17,2,37.496383449999996,126.838471425,4
1153077000,서울특별시 구로구 오류1동,최우선 대응,65.17,3,37.4984049,126.8355838,2
1150060400,서울특별시 강서구 가양2동,잠재 위험,65.05,1,37.56403128,126.85334530576924,52
1150060400,서울특별시 강서구 가양2동,잠재 위험,65.05,2,37.56876535,126.85134590000001,2
1159063000,서울특별시 동작구 사당2동,잠재 위험,64.64,1,37.488210312298854,126.98032974827585,87
1159063000,서울특별시 동작구 사당2동,잠재 위험,64.64,2,37.502782843333335,126.97905605,6
1159063000,서울특별시 동작구 사당2동,잠재 위험,64.64,3,37.495271200000005,126.98127648000002,5
1129081000,서울특별시 성북구 석관동,최우선 대응,63.71,1,37.60998058224719,127.06097468426965,89
1129081000,서울특별시 성북구 석관동,최우선 대응,63.71,2,37.6108696,127.06988632000002,10
1129081000,서울특별시 성북구 석관동,최우선 대응,63.71,3,37.607218582499996,127.0646917125,8
1117058000,서울특별시 용산구 효창동,최우선 대응,63.65,1,37.541860186875,126.960660340625,32
1117058000,서울특별시 용산구 효창동,최우선 대응,63.65,2,37.539655252,126.96280754000001,5
1117058000,서울특별시 용산구 효창동,최우선 대응,63.65,3,37.547345050000004,126.96346625,2
1150057000,서울특별시 강서구 화곡4동,최우선 대응,63.46,1,37.53421833671429,126.85952085714287,70
1132051200,서울특별시 도봉구 창2동,잠재 위험,63.21,1,37.64296715447619,127.03734121428572,105
1123070500,서울특별시 동대문구 청량리동,잠재 위험,63.14,1,37.58452241742857,127.04551723571429,70
1132051500,서울특별시 도봉구 창5동,최우선 대응,62.57,1,37.65600422441559,127.04322944545454,77
1132051500,서울특별시 도봉구 창5동,최우선 대응,62.57,2,37.65227857,127.03790282,5
1138063100,서울특별시 은평구 신사1동,최우선 대응,60.87,1,37.598372289789474,126.91058150526315,95
1153080000,서울특별시 구로구 항동,잠재 위험,60.48,1,37.4790837775,126.8257419,4
1153080000,서울특별시 구로구 항동,잠재 위험,60.48,2,37.475882680000005,126.81678316666667,3
1153080000,서울특별시 구로구 항동,잠재 위험,60.48,3,37.48513095,126.82013275,2
1174070000,서울특별시 강동구 둔촌2동,잠재 위험,60.32,1,37.53161240172414,127.14309738275861,87
1174070000,서울특별시 강동구 둔촌2동,잠재 위험,60.32,2,37.53605505,127.15314592499999,4
1129077000,서울특별시 성북구 장위2동,잠재 위험,60.1,1,37.614600080588225,127.05091587058823,17
1129077000,서울특별시 성북구 장위2동,잠재 위험,60.1,2,37.61067135555555,127.05269074444443,9
1129077000,서울특별시 성북구 장위2동,잠재 위험,60.1,3,37.60918259666667,127.04835842222224,9
1162063000,서울특별시 관악구 남현동,잠재 위험,59.87,1,37.47459864037037,126.97787150246914,81
1162063000,서울특별시 관악구 남현동,잠재 위험,59.87,2,37.469281190000004,126.9842266,2
1144070000,서울특별시 마포구 망원2동,최우선 대응,59.68,1,37.55951139283582,126.90170379402984,67
1144070000,서울특별시 마포구 망원2동,최우선 대응,59.68,2,37.555512963333335,126.8941997,3
1121583000,서울특별시 광진구 자양2동,잠재 위험,58.84,1,37.53035534186667,127.08123085733334,75
1121583000,서울특별시 광진구 자양2동,잠재 위험,58.84,2,37.53641895,127.08469305,2
1117064000,서울특별시 용산구 이촌2동,잠재 위험,57.68,1,37.52708490666667,126.95464361333332,15
1130561500,서울특별시 강북구 수유1동,잠재 위험,57.68,1,37.63264219276923,127.01884292923079,65
1117064000,서울특별시 용산구 이촌2동,잠재 위험,57.68,2,37.52288032909091,126.95837353636362,11
1130561500,서울특별시 강북구 수유1동,잠재 위험,57.68,2,37.628909148000005,127.01534408,10
1130561500,서울특별시 강북구 수유1동,잠재 위험,57.68,3,37.62695457,127.01155773333333,6
1130553400,서울특별시 강북구 삼양동,잠재 위험,57.32,1,37.624047021066666,127.0167233493333,75
1130553400,서울특별시 강북구 삼양동,잠재 위험,57.32,2,37.620558724999995,127.010555575,4
1130553400,서울특별시 강북구 삼양동,잠재 위험,57.32,3,37.6252611,127.01986725,4
1117059000,서울특별시 용산구 용문동,최우선 대응,56.83,1,37.537625033999994,126.95949152285714,35
1135067000,서울특별시 노원구 상계5동,잠재 위험,56.57,1,37.66314104274195,127.06963232096776,62
1174052600,서울특별시 강동구 상일제2동,잠재 위험,56.4,1,37.552632612500005,127.17558603750001,8
1174052600,서울특별시 강동구 상일제2동,잠재 위험,56.4,2,37.545834824,127.1752243,5
1174052600,서울특별시 강동구 상일제2동,잠재 위험,56.4,3,37.547481989999994,127.17722361999999,5
1135056000,서울특별시 노원구 월계1동,잠재 위험,56.31,1,37.6194554358209,127.06106917313431,67
1135056000,서울특별시 노원구 월계1동,잠재 위험,56.31,2,37.623732525,127.05350404999999,8
1135056000,서울특별시 노원구 월계1동,잠재 위험,56.31,3,37.628814543333334,127.05857981666666,6
1130554500,서울특별시 강북구 송중동,잠재 위험,55.94,1,37.61695707695313,127.03211953984376,128
1174052500,서울특별시 강동구 상일제1동,잠재 위험,55.67,1,37.54768902911111,127.17092641999997,45
1174052500,서울특별시 강동구 상일제1동,잠재 위험,55.67,2,37.55054312,127.16002304000001,5
1174052500,서울특별시 강동구 상일제1동,잠재 위험,55.67,3,37.54590128,127.16391935,2
1135063000,서울특별시 노원구 상계1동,잠재 위험,55.62,1,37.67551034866666,127.05483224000001,105
1135063000,서울특별시 노원구 상계1동,잠재 위험,55.62,2,37.683045095000004,127.0575404,6
1135063000,서울특별시 노원구 상계1동,잠재 위험,55.62,3,37.687538,127.0546343,4
1121577000,서울특별시 광진구 중곡4동,잠재 위험,55.17,1,37.558653355822784,127.0900722113924,79
1121577000,서울특별시 광진구 중곡4동,잠재 위험,55.17,2,37.56903449285715,127.08699175714285,7
1147053000,서울특별시 양천구 목3동,잠재 위험,55.04,1,37.54791042392157,126.86541516862745,51
1147053000,서울특별시 양천구 목3동,잠재 위험,55.04,2,37.541615425,126.8651822111111,18
1156065000,서울특별시 영등포구 신길3동,잠재 위험,53.88,1,37.50600043076923,126.90315574615384,26
1156065000,서울특별시 영등포구 신길3동,잠재 위험,53.88,2,37.506848379545445,126.90904916363637,22
1168067500,서울특별시 강남구 개포3동,잠재 위험,53.53,1,37.49291846,127.07374546999999,10
1168067500,서울특별시 강남구 개포3동,잠재 위험,53.53,2,37.494237479999995,127.07811666,5
1168067500,서울특별시 강남구 개포3동,잠재 위험,53.53,3,37.4911679,127.07962984000001,5
1126062000,서울특별시 중랑구 묵1동,잠재 위험,53.37,1,37.61442205582279,127.0803037,79
1126062000,서울특별시 중랑구 묵1동,잠재 위험,53.37,2,37.61843566,127.08679595999999,5
1126062000,서울특별시 중랑구 묵1동,잠재 위험,53.37,3,37.60671988,127.08068268,5
1132051100,서울특별시 도봉구 창1동,잠재 위험,52.86,1,37.64768746242424,127.03646036666666,33
1132051100,서울특별시 도봉구 창1동,잠재 위험,52.86,2,37.648778092307694,127.04863358461537,13
1132051100,서울특별시 도봉구 창1동,잠재 위험,52.86,3,37.64907367749999,127.04473790000002,12
1150055000,서울특별시 강서구 화곡2동,잠재 위험,52.45,1,37.53216207860465,126.85448612325582,43
1138053000,서울특별시 은평구 불광2동,잠재 위험,52.4,1,37.622517345862065,126.9213406413793,29
1138053000,서울특별시 은평구 불광2동,잠재 위험,52.4,2,37.62542025392857,126.9288851642857,28
1138053000,서울특별시 은평구 불광2동,잠재 위험,52.4,3,37.621866714285716,126.92660007142857,7
1130563500,서울특별시 강북구 수유3동,잠재 위험,52.32,1,37.63985574075861,127.02402267172413,145
1154568000,서울특별시 금천구 시흥2동,잠재 위험,52.32,1,37.45012280954545,126.91685017727272,22
1130563500,서울특별시 강북구 수유3동,잠재 위험,52.32,2,37.6448847,127.024639375,4
1154568000,서울특별시 금천구 시흥2동,잠재 위험,52.32,2,37.45328808,126.92053112,5
1130563500,서울특별시 강북구 수유3동,잠재 위험,52.32,3,37.640569355,127.017735175,4
1154568000,서울특별시 금천구 시흥2동,잠재 위험,52.32,3,37.447637,126.91910096666668,3
1117063000,서울특별시 용산구 이촌1동,잠재 위험,52.21,1,37.519200296470586,126.97788140882349,34
1117063000,서울특별시 용산구 이촌1동,잠재 위험,52.21,2,37.52116103428572,126.9685988142857,14
1117063000,서울특별시 용산구 이촌1동,잠재 위험,52.21,3,37.5181007,126.97037813333333,3
1120058000,서울특별시 성동구 응봉동,잠재 위험,52.17,1,37.55173544571429,127.03210801785715,28
1120058000,서울특별시 성동구 응봉동,잠재 위험,52.17,2,37.552999740000004,127.03715131999999,5
1129076000,서울특별시 성북구 장위1동,잠재 위험,52.01,1,37.614546981111125,127.0436575174603,63
1129076000,서울특별시 성북구 장위1동,잠재 위험,52.01,2,37.6168427,127.04891456666667,3
1123075000,서울특별시 동대문구 이문2동,잠재 위험,51.48,1,37.60234254833334,127.06263716666666,18
1123075000,서울특별시 동대문구 이문2동,잠재 위험,51.48,2,37.600987598461536,127.06715764615385,13
1123075000,서울특별시 동대문구 이문2동,잠재 위험,51.48,3,37.6001391,127.0708084,2
1168066000,서울특별시 강남구 개포1동,잠재 위험,50.72,1,37.48358215363637,127.05736601818184,11
1168066000,서울특별시 강남구 개포1동,잠재 위험,50.72,2,37.477727977,127.06477691999999,10
1168066000,서울특별시 강남구 개포1동,잠재 위험,50.72,3,37.478276324999996,127.058116425,4
1126063000,서울특별시 중랑구 묵2동,잠재 위험,50.43,1,37.61068648268657,127.07565695671641,67
1129052500,서울특별시 성북구 성북동,잠재 위험,49.11,1,37.58924000705883,127.00512680000001,17
1129052500,서울특별시 성북구 성북동,잠재 위험,49.11,2,37.59191772,127.01126131111111,9
1129052500,서울특별시 성북구 성북동,잠재 위험,49.11,3,37.595094024999995,127.001371425,8
1120072000,서울특별시 성동구 송정동,잠재 위험,48.9,1,37.55017589999999,127.06691087272726,11
1120072000,서울특별시 성동구 송정동,잠재 위험,48.9,2,37.55584407166667,127.07088771666666,6
1120072000,서울특별시 성동구 송정동,잠재 위험,48.9,3,37.549756716666664,127.05658493333333,6
1129072500,서울특별시 성북구 월곡2동,잠재 위험,48.61,1,37.60428205294118,127.04241713725492,51
1129072500,서울특별시 성북구 월곡2동,잠재 위험,48.61,2,37.60651876833334,127.04929270833334,12
1153075000,서울특별시 구로구 개봉2동,잠재 위험,47.94,1,37.49314015348837,126.85398921860464,43
1153075000,서울특별시 구로구 개봉2동,잠재 위험,47.94,2,37.491311100000004,126.86118224285713,7
1123061000,서울특별시 동대문구 답십리2동,잠재 위험,47.49,1,37.56893519170731,127.05924307560976,41
1123061000,서울특별시 동대문구 답십리2동,잠재 위험,47.49,2,37.5702500311111,127.06345494444443,9
1123061000,서울특별시 동대문구 답십리2동,잠재 위험,47.49,3,37.573731466666665,127.06346070000001,3
1147068000,서울특별시 양천구 신정7동,잠재 위험,47.16,1,37.50873396684211,126.86493265526317,38
1147068000,서울특별시 양천구 신정7동,잠재 위험,47.16,2,37.514782165,126.86193759999999,10
1147068000,서울특별시 양천구 신정7동,잠재 위험,47.16,3,37.51198071666666,126.85852091666668,6
1171056600,서울특별시 송파구 오륜동,잠재 위험,47.11,1,37.514033885,127.13548139999999,6
1171056600,서울특별시 송파구 오륜동,잠재 위험,47.11,2,37.51300945666667,127.13229496666666,6
1171056600,서울특별시 송파구 오륜동,잠재 위험,47.11,3,37.50949182,127.13703783999999,5
1171051000,서울특별시 송파구 풍납1동,잠재 위험,46.66,1,37.536707533199994,127.11850940399998,25
1171051000,서울특별시 송파구 풍납1동,잠재 위험,46.66,2,37.537373301666655,127.12197950000001,12
1132051400,서울특별시 도봉구 창4동,잠재 위험,46.38,1,37.65279796235294,127.04985201764705,17
1132051400,서울특별시 도봉구 창4동,잠재 위험,46.38,2,37.64484452000001,127.0535446923077,13
1132051400,서울특별시 도봉구 창4동,잠재 위험,46.38,3,37.649843928,127.05175013,10
1162062500,서울특별시 관악구 인헌동,잠재 위험,45.7,1,37.47354224935897,126.96587661794871,78
1132068100,서울특별시 도봉구 쌍문4동,잠재 위험,45.61,1,37.657171283870966,127.03121057096776,31
1132068100,서울특별시 도봉구 쌍문4동,잠재 위험,45.61,2,37.651647625,127.03166689,10
1138057000,서울특별시 은평구 대조동,잠재 위험,45.0,1,37.6121206200885,126.9238758619469,113
1120064500,서울특별시 성동구 옥수동,잠재 위험,44.88,1,37.54243968071429,127.01462517499999,56
1135059500,서울특별시 노원구 공릉1동,잠재 위험,44.52,1,37.62242281180328,127.07484382295083,122
1135059500,서울특별시 노원구 공릉1동,잠재 위험,44.52,2,37.62960132250001,127.0667031,4
1135059500,서울특별시 노원구 공릉1동,잠재 위험,44.52,3,37.6301336,127.07010866666667,3
1135058000,서울특별시 노원구 월계3동,잠재 위험,43.84,1,37.63137256071428,127.06084576428569,14
1135058000,서울특별시 노원구 월계3동,잠재 위험,43.84,2,37.616873575,127.06731090833334,12
1135058000,서울특별시 노원구 월계3동,잠재 위험,43.84,3,37.62034475,127.067581725,4
1153074000,서울특별시 구로구 개봉1동,잠재 위험,43.73,1,37.50057677114285,126.85112148428574,70
1153074000,서울특별시 구로구 개봉1동,잠재 위험,43.73,2,37.499589126000004,126.84558909,10
1153074000,서울특별시 구로구 개봉1동,잠재 위험,43.73,3,37.501768379999994,126.84082221999999,5
1123057000,서울특별시 동대문구 전농2동,잠재 위험,42.4,1,37.57852147952381,127.05895185714287,21
1123057000,서울특별시 동대문구 전농2동,잠재 위험,42.4,2,37.578366053,127.06557088,10
1123057000,서울특별시 동대문구 전농2동,잠재 위험,42.4,3,37.582746344,127.05953812,5
1162071500,서울특별시 관악구 난향동,잠재 위험,42.37,1,37.46306293166666,126.91948335833335,12
1162071500,서울특별시 관악구 난향동,잠재 위험,42.37,2,37.45941003,126.92143041999998,10
1162071500,서울특별시 관악구 난향동,잠재 위험,42.37,3,37.463333976,126.91550114000002,5
1162054500,서울특별시 관악구 청림동,잠재 위험,42.19,1,37.488543695000004,126.95944759166667,24
1162054500,서울특별시 관악구 청림동,잠재 위험,42.19,2,37.49044205,126.9572652,2
1159065000,서울특별시 동작구 사당4동,잠재 위험,40.73,1,37.48166099470588,126.97197512058823,34
1135071000,서울특별시 노원구 상계9동,잠재 위험,39.76,1,37.66371502076923,127.0645235,13
1135071000,서울특별시 노원구 상계9동,잠재 위험,39.76,2,37.668162649230766,127.0589439153846,13
1135071000,서울특별시 노원구 상계9동,잠재 위험,39.76,3,37.66659266,127.0657791,3
1174053000,서울특별시 강동구 명일1동,잠재 위험,39.12,1,37.55095287984127,127.14525429682537,63
1174053000,서울특별시 강동구 명일1동,잠재 위험,39.12,2,37.54591905666667,127.14494926666669,12
1159064000,서울특별시 동작구 사당3동,잠재 위험,37.4,1,37.486059649999994,126.97034725882352,17
1159064000,서울특별시 동작구 사당3동,잠재 위험,37.4,2,37.485635200000004,126.97738005,10
1159064000,서울특별시 동작구 사당3동,잠재 위험,37.4,3,37.490441167499995,126.971221975,8
1174056000,서울특별시 강동구 고덕2동,잠재 위험,37.39,1,37.56045072368421,127.16906231578947,19
1174056000,서울특별시 강동구 고덕2동,잠재 위험,37.39,2,37.561672613,127.16203421,10
1174056000,서울특별시 강동구 고덕2동,잠재 위험,37.39,3,37.56983736666667,127.15804346666668,3
1135069500,서울특별시 노원구 상계6·7동,잠재 위험,37.09,1,37.6511112791954,127.06033963218388,87
1135069500,서울특별시 노원구 상계6·7동,잠재 위험,37.09,2,37.654020858,127.06658468,5
1135069500,서울특별시 노원구 상계6·7동,잠재 위험,37.09,3,37.64001255,127.0573508,3
1135072000,서울특별시 노원구 상계10동,잠재 위험,37.08,1,37.65939988428571,127.06063931428574,21
1135072000,서울특별시 노원구 상계10동,잠재 위험,37.08,2,37.663431380000006,127.06063978000002,5
1135062500,서울특별시 노원구 중계2·3동,잠재 위험,36.43,1,37.64366532090909,127.0668580787879,66
1135062500,서울특별시 노원구 중계2·3동,잠재 위험,36.43,2,37.63869745285715,127.06220151428572,7
1121584000,서울특별시 광진구 자양3동,잠재 위험,36.08,1,37.533504693913045,127.07169965869566,46
1121584000,서울특별시 광진구 자양3동,잠재 위험,36.08,2,37.537060685,127.0756100375,8
1129071500,서울특별시 성북구 월곡1동,잠재 위험,34.4,1,37.606440941176466,127.03448515294116,34
1135070000,서울특별시 노원구 상계8동,잠재 위험,34.4,1,37.66693494424242,127.05474808484847,33
1129071500,서울특별시 성북구 월곡1동,잠재 위험,34.4,2,37.60693490526315,127.03837148421053,19
1135070000,서울특별시 노원구 상계8동,잠재 위험,34.4,2,37.66248803333334,127.05212869999998,3
1129071500,서울특별시 성북구 월곡1동,잠재 위험,34.4,3,37.61125335,127.03847925,2
1135070000,서울특별시 노원구 상계8동,잠재 위험,34.4,3,37.66186879,127.05766093333334,3
1174051500,서울특별시 강동구 강일동,잠재 위험,34.29,1,37.564972648275855,127.1748951724138,29
1174051500,서울특별시 강동구 강일동,잠재 위험,34.29,2,37.5594515725,127.17288064166667,12
1174051500,서울특별시 강동구 강일동,잠재 위험,34.29,3,37.57572838571429,127.16684740000001,7
1174069000,서울특별시 강동구 둔촌1동,잠재 위험,33.14,1,37.52524066666667,127.13694033333333,3
1121581000,서울특별시 광진구 광장동,잠재 위험,32.72,1,37.54460775327868,127.10337855081966,61
1121581000,서울특별시 광진구 광장동,잠재 위험,32.72,2,37.55466675555556,127.11172488888889,9
1121581000,서울특별시 광진구 광장동,잠재 위험,32.72,3,37.5496927,127.10586405000001,2
1168075000,서울특별시 강남구 수서동,잠재 위험,32.67,1,37.491294980625,127.0996302625,16
1168075000,서울특별시 강남구 수서동,잠재 위험,32.67,2,37.488463446923085,127.10354823846153,13
1168075000,서울특별시 강남구 수서동,잠재 위험,32.67,3,37.48697428333333,127.09816308333332,6
1120057000,서울특별시 성동구 행당2동,잠재 위험,32.58,1,37.55648397647059,127.02953522941176,17
1120057000,서울특별시 성동구 행당2동,잠재 위험,32.58,2,37.55968292,127.03004082,5
1120057000,서울특별시 성동구 행당2동,잠재 위험,32.58,3,37.554132851999995,127.03204366,5
1168067000,서울특별시 강남구 개포2동,잠재 위험,32.27,1,37.48357022894737,127.06202334210529,19
1168067000,서울특별시 강남구 개포2동,잠재 위험,32.27,2,37.48846639375,127.06756541250002,16
1168067000,서울특별시 강남구 개포2동,잠재 위험,32.27,3,37.484894535,127.07005174999999,6
1171072000,서울특별시 송파구 잠실7동,잠재 위험,28.78,1,37.507127260000004,127.07328774,5
1171072000,서울특별시 송파구 잠실7동,잠재 위험,28.78,2,37.508562633333334,127.07169866666668,3
1147067000,서울특별시 양천구 신정6동,잠재 위험,27.56,1,37.52128716533333,126.86907443333334,15
1147067000,서울특별시 양천구 신정6동,잠재 위험,27.56,2,37.51667569999999,126.86973975,4
1147067000,서울특별시 양천구 신정6동,잠재 위험,27.56,3,37.5145342,126.86545805,2
