adm_cd,avg_living_pop,avg_65plus_pop,ratio_65plus
1111051500,17111.950668905847,2502.4397591295647,0.1462
1111053000,24380.171084916303,3005.77456885917,0.1233
1111054000,5642.42306522016,796.863309279476,0.1412
1111055000,14020.04685466703,2510.230755422125,0.179
1111056000,17933.322739377254,3698.616681719907,0.2062
1111057000,6648.619520151019,1311.8331497361717,0.1973
1111058000,7397.103535607715,1170.1885276746725,0.1582
1111060000,6755.103400309316,886.930191257278,0.1313
1111061500,60814.318296752186,7845.950606049855,0.129
1111063000,16731.66463918304,2978.6459043577147,0.178
1111064000,23960.691169241265,3044.529362509097,0.1271
1111065000,30889.457359597887,3244.1322330240178,0.105
1111067000,8308.679958988356,1632.5578742449054,0.1965
1111068000,9194.736002965794,1897.975434989083,0.2064
1111069000,4884.762183615357,832.4218563591703,0.1704
1111070000,7470.542700827875,1411.0469195232897,0.1889
1111071000,12303.921020160116,2185.225551901383,0.1776
1114052000,28119.382141411934,1994.9233746997818,0.0709
1114054000,25755.292134088428,3373.1595001455603,0.131
1114055000,35906.43353352438,2623.228180385735,0.0731
1114057000,12153.139233851893,1324.2605741903203,0.109
1114058000,11937.947420724164,1291.9016048398835,0.1082
1114059000,23507.327372798398,2692.1210488173215,0.1145
1114060500,17605.66403422489,2452.6150853256913,0.1393
1114061500,22105.17975656841,2860.1417191229984,0.1294
1114062500,14970.516963600801,2540.318138000364,0.1697
1114063500,14294.875971815865,2997.088321552038,0.2097
1114064500,11356.272358333334,2045.3704629093886,0.1801
1114065000,8620.230053511645,1378.2933479803492,0.1599
1114066500,10319.342309061134,1876.7434221160843,0.1819
1114067000,13256.68761775837,2052.3095493358805,0.1548
1114068000,8729.322891183312,1228.7490772075344,0.1408
1117051000,13036.441091475617,2125.787067248908,0.1631
1117052000,12016.042008906477,1805.433999863537,0.1503
1117053000,16443.4758525746,2122.1943377820235,0.1291
1117055500,22521.445837663756,2856.8123933406114,0.1268
1117056000,20585.214410935227,2115.7637070687774,0.1028
1117057000,15633.997158342432,2593.2277789210334,0.1659
1117058000,9449.209983578967,1508.2128873726347,0.1596
1117059000,8695.826796761281,1497.297835180131,0.1722
1117062500,49583.57488022198,4829.694196761281,0.0974
1117063000,25334.571485352983,4346.969511381004,0.1716
1117064000,7919.82139576965,1446.4608692776565,0.1826
1117065000,11360.02216768559,1368.5052855895196,0.1205
1117066000,11118.824287327147,1495.8366618176856,0.1345
1117068500,31191.74626393741,3716.950056632096,0.1192
1117069000,15366.174932214339,2365.7027003093162,0.154
1117070000,10512.523640029112,1568.5558826965066,0.1492
1120052000,14534.091110744179,2202.49883224163,0.1515
1120053500,29088.811688045855,3863.696117749272,0.1328
1120054000,21345.928078247816,3522.4917827419945,0.165
1120055000,23833.173650989254,2242.8618224337065,0.0941
1120056000,21960.699960598617,2709.424596624818,0.1234
1120057000,18918.9002334607,3148.2671186681223,0.1664
1120058000,10688.700817367177,1739.7344921579331,0.1628
1120059000,14845.85357933952,2431.0080342521833,0.1637
1120061500,20526.929472834792,3542.4412228984716,0.1726
1120062000,12237.907716693959,2120.4637340520376,0.1733
1120064500,27393.87469389556,4521.972262054222,0.1651
1120065000,18726.54938922853,2139.5499565684136,0.1143
1120066000,20283.362014292212,2127.2578874545125,0.1049
1120067000,19358.39417939411,2418.577985007278,0.1249
1120069000,33936.46627424491,3085.3858889828966,0.0909
1120072000,9965.082251009826,1333.1168366448326,0.1338
1120079000,19715.98499276747,2950.0624583151384,0.1496
1121571000,40073.37182522744,3123.493144423217,0.0779
1121573000,21318.41127562773,2346.5815465429405,0.1101
1121574000,15344.050650327512,2207.2949459970887,0.1439
1121575000,18425.96791088064,2747.8947237627367,0.1491
1121576000,15127.837971497453,2611.2048172034206,0.1726
1121577000,24682.064336359643,4591.249837255949,0.186
1121578000,15181.689166175402,1912.677391639374,0.126
1121581000,35564.514818276926,4186.841956532024,0.1177
1121582000,24601.61977249818,3286.877600964338,0.1336
1121583000,21198.555853002184,3306.403670533115,0.156
1121584000,23916.718999445053,3390.9091812954875,0.1418
1121584700,26321.649089628823,3726.8281502638283,0.1416
1121585000,24103.10804341339,3023.186238127729,0.1254
1121586000,20746.476275827874,3296.8305890738716,0.1589
1121587000,30647.017348362446,4051.9684738991996,0.1322
1123053600,41281.53746358261,7328.853993104075,0.1775
1123054500,32148.903746106258,6811.598322298035,0.2119
1123056000,31248.205501055312,5190.466498107715,0.1661
1123057000,16113.840690629155,2714.244489620119,0.1684
1123060000,22437.41779495997,3432.4577773471615,0.153
1123061000,21908.082358333337,4102.735141020743,0.1873
1123065000,34900.448211963245,5356.223806586609,0.1535
1123066000,28041.11711257278,4275.656488227802,0.1525
1123070500,19930.690733151383,4973.3989054858075,0.2495
1123071000,20417.245588073147,2511.3377082514558,0.123
1123072000,16853.215535789666,2366.2993762463607,0.1404
1123073000,19813.019673253275,3020.31653742722,0.1524
1123074000,24447.81622449054,2754.488285234716,0.1127
1123075000,14384.538511280933,2787.8994825964337,0.1938
1126052000,20570.34478422489,3708.180873735444,0.1803
1126054000,16820.687932478166,3222.6878618176856,0.1916
1126055000,11329.59713820051,1965.6051496270013,0.1735
1126056500,26894.28781298217,4739.498548007641,0.1762
1126057000,18334.636637918484,3684.2315432405385,0.2009
1126057500,20259.765043986536,3694.125077356259,0.1823
1126058000,17558.17922378093,2886.527750554949,0.1644
1126059000,25610.85729102984,3846.78138845524,0.1502
1126060000,15212.699963746361,2844.6167333879184,0.187
1126061000,25722.057506231806,5217.39667231623,0.2028
1126062000,25699.056480221978,4716.780066921397,0.1835
1126063000,18689.70919220342,3351.4275933133185,0.1793
1126065500,39001.98964354076,6874.533817239811,0.1763
1126066000,11800.39107544301,2483.275078672236,0.2104
1126068000,34117.48501199054,5702.457419768923,0.1671
1126069000,17518.435489283114,3492.7875381459244,0.1994
1129052500,20914.934138191413,3525.054484861718,0.1685
1129055500,25803.272455613172,3471.621916229986,0.1345
1129057500,24854.671472298036,2946.759608533479,0.1186
1129058000,12871.115863400655,2659.684565675036,0.2066
1129059000,14156.808172507279,2267.768046797671,0.1602
1129060000,25598.238840010916,2766.106627674673,0.1081
1129061000,15832.443631040756,2548.261281513828,0.161
1129062000,14065.53738746361,2349.3496001728527,0.167
1129063000,19540.72780680495,3552.8186724344982,0.1818
1129064000,15895.445164419578,2223.6844046852257,0.1399
1129065000,18254.475577438137,3675.4528335061864,0.2013
1129066000,35486.48089476892,4777.761677210699,0.1346
1129068500,18130.58290179221,3006.555851846798,0.1658
1129070500,38404.497028193226,6253.5697850072775,0.1628
1129071500,24519.044510944324,3940.636862709243,0.1607
1129072500,22489.33422693777,3824.6147932769286,0.1701
1129076000,21419.81247430859,3758.5039636008005,0.1755
1129077000,12013.191241675764,2589.971102783843,0.2156
1129078000,7843.090877283478,1347.9563883096798,0.1719
1129081000,26996.273093668122,5322.886767621906,0.1972
1130553400,22770.979631277292,4908.052179921761,0.2155
1130553500,22686.1015860353,4615.114671397379,0.2034
1130554500,34755.38376391921,6790.237492840247,0.1954
1130555500,26638.844303411573,5671.982101391922,0.2129
1130557500,20914.261374545124,3370.574956340975,0.1612
1130559000,17716.590576046216,3344.244106459243,0.1888
1130560000,12471.754511162662,2955.4419520014553,0.237
1130560600,14862.428252917933,3735.860888507452,0.2514
1130561000,17171.10721133552,3664.2417507732894,0.2134
1130562000,17855.115679830786,4002.0966563682678,0.2241
1130563000,28044.15502562773,4800.554801774017,0.1712
1130564500,18846.512726200875,4188.258317767467,0.2222
1130566000,27487.59176390102,6058.986049781659,0.2204
1132051100,20841.47360988901,4091.150922780204,0.1963
1132051200,28783.500465602257,5382.667810462154,0.187
1132051300,10418.915853684497,2141.1646479712517,0.2055
1132051400,28040.58989808952,5256.330353429767,0.1875
1132051500,19799.71595458515,3738.9988501546577,0.1888
1132052100,18209.179920796945,5013.498656240903,0.2753
1132052200,18978.20082731077,4364.810066712154,0.23
1132066000,16787.34311258188,3448.8998279748907,0.2054
1132067000,17173.629270796944,3433.7780517285296,0.1999
1132068000,16303.375669022926,3221.971277037846,0.1976
1132068100,13343.072403538938,2529.6847465793307,0.1896
1132069000,23286.223624099348,4681.1953170123725,0.201
1132070000,11518.123357505458,2868.03656330968,0.249
1132071000,20830.431556268195,4601.8162944141195,0.2209
1135056000,22607.62126290939,3874.2972399563323,0.1714
1135057000,19527.938141557497,4292.933724681587,0.2198
1135058000,24376.8894316139,4866.467614819869,0.1996
1135059500,42540.079120387556,7351.850752874819,0.1728
1135060000,44405.83573444324,5821.984570178311,0.1311
1135061100,25107.853067913027,4437.278403065866,0.1767
1135061200,16557.09030708697,2791.5819270924308,0.1686
1135061900,20659.476818476676,2200.632945228546,0.1065
1135062100,25306.155190793306,2940.028188073144,0.1162
1135062400,16317.689073089521,3451.4373796215427,0.2115
1135062500,32067.042414546944,6089.555850891557,0.1899
1135063000,36622.26370186499,7836.565772416303,0.214
1135064000,28718.76017918486,4958.605626118996,0.1727
1135066500,20247.313470278383,4836.144977802038,0.2389
1135067000,18435.056280312954,4131.477100618631,0.2241
1135069500,46573.7072772107,7774.2390469341335,0.1669
1135070000,17917.84658955604,2719.8182317230717,0.1518
1135071000,17517.009994832606,3160.862609725255,0.1804
1135072000,13228.348074435953,2153.464312154294,0.1628
1138051000,33370.442422698325,6152.445218358806,0.1844
1138052000,28346.81518919214,6135.4077555131,0.2164
1138053000,21150.16103408843,4282.772237763828,0.2025
1138055100,20400.30039787118,3730.3508898653567,0.1829
1138055200,22475.767424717975,3799.270070332969,0.169
1138056000,24985.566268759096,4686.49460117358,0.1876
1138057000,45274.094156304585,7648.960024426856,0.1689
1138058000,23725.89768798217,3759.4730123453423,0.1585
1138059000,16015.274069168487,2364.5461081331873,0.1476
1138060000,24526.93995143741,4740.4375045123725,0.1933
1138062500,41354.666299290395,7157.541577510917,0.1731
1138063100,23429.801948298762,4117.409183296943,0.1757
1138063200,13127.520922216157,2461.9691683315136,0.1875
1138064000,14520.903209097525,2614.544590347525,0.1801
1138065000,12301.046922671034,1861.372930558588,0.1513
1138069000,59346.46403803676,9114.819660325691,0.1536
1141052000,16227.594305467614,2849.9868003184138,0.1756
1141055500,39859.254532405386,4238.639587181587,0.1063
1141056500,40306.01384503275,4961.969575727801,0.1231
1141058500,55890.64782097889,4537.029667367176,0.0812
1141061500,37604.97562077875,4998.703627401746,0.1329
1141062000,23991.49598943777,4798.782081814046,0.2
1141064000,15098.187601746726,3291.643812827511,0.218
1141065500,9991.29853919214,1884.5818329694323,0.1886
1141066000,15356.879070223798,3104.9994259916307,0.2022
1141068500,23004.485255758733,4150.866896488355,0.1804
1141069000,8708.78155525837,1229.976655867904,0.1412
1141070000,19685.477738546215,2881.931675400291,0.1464
1141071000,14165.389575209243,2292.852569768923,0.1619
1141072000,34243.129165547674,6004.1390758096795,0.1753
1144055500,26593.72401048035,3204.483966084425,0.1205
1144056500,38646.720583833696,5277.944233460698,0.1366
1144058500,16510.600007259825,2517.494481195415,0.1525
1144059000,26983.24340280204,3613.32638044032,0.1339
1144060000,23094.217557951237,2345.4958602347165,0.1016
1144061000,15822.81942121543,1851.5011067958515,0.117
1144063000,17235.209232914847,2397.2997433860987,0.1391
1144065500,27136.42342051492,3010.834886790393,0.111
1144066000,72219.99523757277,5355.960651046215,0.0742
1144068000,21840.68979393195,2386.775495924309,0.1093
1144069000,19577.071356268192,2794.563554212154,0.1427
1144070000,16561.48209690724,2541.7864374038822,0.1535
1144071000,18049.390376874093,1986.2632542121544,0.11
1144072000,21216.484890529475,2726.112781113537,0.1285
1144073000,35297.73804084789,5058.682283642649,0.1433
1144074000,48367.47423058588,4808.836682596434,0.0994
1147051000,42870.00673852803,4667.830233133188,0.1089
1147052000,22972.4306863992,3477.3610748362444,0.1514
1147053000,18188.28850635917,2937.7081833151383,0.1615
1147054000,17780.84169724345,2379.833521006186,0.1338
1147055000,38057.33165444869,4688.344440602256,0.1232
1147056000,14810.767849972708,3063.435864774381,0.2068
1147057000,13309.033811672125,2355.973694969068,0.177
1147058000,13177.970783378822,2365.499797370815,0.1795
1147059000,11476.665743440684,2006.3154535480348,0.1748
1147060000,10922.500595351165,1836.4822230713246,0.1681
1147061000,4538.290980913392,789.6996803129549,0.174
1147061100,14984.316421697597,2981.497687099709,0.199
1147062000,16895.198604539666,2313.6300114537844,0.1369
1147063000,13757.287120342067,1911.7282372452692,0.139
1147064000,41062.23792291667,6694.070152119723,0.163
1147065000,32786.199703447965,5251.68051922307,0.1602
1147067000,19833.740795151018,2722.1982398380637,0.1373
1147068000,21393.757527410846,3858.195044359534,0.1803
1150051000,30366.73511988719,3540.2093332332606,0.1166
1150052000,22241.202547188863,2907.892090929767,0.1307
1150053000,15571.739886726711,2517.0915914028383,0.1616
1150053500,39189.47567228894,7109.976235498544,0.1814
1150054000,46851.944928038574,7859.593817003275,0.1678
1150055000,12594.508730658661,2200.2186385280206,0.1747
1150056000,18668.345160443958,3444.1522289756185,0.1845
1150057000,17574.439415120087,3227.5518507005095,0.1837
1150059000,28065.713025063684,4580.633921097162,0.1632
1150059100,20497.32443356077,3116.766786035298,0.1521
1150059300,30529.988739583332,4776.6310268558955,0.1565
1150060300,48742.907279594256,4516.266270023653,0.0927
1150060400,15128.464224390465,3912.914746897744,0.2586
1150060500,11164.589147965715,2227.809496431397,0.1995
1150061100,34822.930178729985,4333.052801200874,0.1244
1150061500,33328.73688546215,4779.283317503639,0.1434
1150062000,33902.75301526565,4165.384161954148,0.1229
1150063000,33242.86333125,5063.309422625546,0.1523
1150064000,26655.536378811863,4629.3179735716885,0.1737
1150064100,16596.665958888283,3394.3670752365356,0.2045
1153051000,33254.114388591704,4192.71071444687,0.1261
1153052000,16513.782375900653,2232.255315711426,0.1352
1153053000,33585.084387145194,5633.946887372635,0.1678
1153054000,40532.880133906474,3626.2873328056767,0.0895
1153055000,18325.849555049128,3416.487735271106,0.1864
1153056000,32968.492714101165,4577.988151200873,0.1389
1153059500,10887.980900272927,1346.7333129912663,0.1237
1153072000,22783.32093191412,3632.6275245087336,0.1594
1153073000,16032.628506741266,2931.8390653748183,0.1829
1153074000,30284.285036371908,5825.7158697234345,0.1924
1153075000,23533.94490225619,4578.831354221252,0.1946
1153076000,15898.875291402837,3174.210986017103,0.1997
1153077000,16257.277668868268,2700.26644382278,0.1661
1153078000,50778.61916205422,7854.807056177219,0.1547
1153079000,22631.43286820415,3763.184099317685,0.1663
1154551000,59631.84010732351,3999.683328548035,0.0671
1154561000,36832.598681568415,4724.969075272926,0.1283
1154562000,13870.039688064046,2467.2318329694326,0.1779
1154563000,19958.48331496543,3317.74247584607,0.1662
1154564000,11733.975483997452,1985.3849527747452,0.1692
1154567000,27669.93434606987,4624.217237127002,0.1671
1154568000,15046.64887930313,2756.5012764465064,0.1832
1154569000,10021.295290947963,1725.4523329785297,0.1722
1154570000,11341.830258360627,2289.8619529657935,0.2019
1154571000,11641.797945360262,2426.687538746361,0.2084
1156051500,18768.452896697596,2917.14806790393,0.1554
1156053500,51348.78656822234,5810.593926610262,0.1132
1156054000,93270.06469324054,9036.388916512009,0.0969
1156055000,24251.10245242904,3271.46560272016,0.1349
1156056000,36911.76791366448,4274.1826815411205,0.1158
1156058500,14553.181141848618,2437.512299490538,0.1675
1156060500,39329.845250127364,5265.164814665211,0.1339
1156061000,19079.381020978894,2306.8722648653566,0.1209
1156062000,27863.03904405932,2743.1205906113537,0.0985
1156063000,18149.07932561863,3091.6258873271468,0.1703
1156065000,13156.240946870452,2292.544791011645,0.1743
1156066000,7753.095597780204,1454.797708224163,0.1876
1156067000,9563.664175836973,1640.6313714792575,0.1715
1156068000,20313.144230422124,2933.6535816957785,0.1444
1156069000,16334.187482305313,2270.2097667849343,0.139
1156070000,15762.187729839885,2937.4721191229983,0.1864
1156071000,18554.97286062591,3012.793836672125,0.1624
1156072000,24247.349746706695,3949.6103588700876,0.1629
1159051000,35370.00496595706,4549.3291629912665,0.1286
1159052000,17415.078061299126,2758.814510980713,0.1584
1159053000,44183.68962699236,6750.38880021834,0.1528
1159054000,21163.379192922126,3336.1516587336246,0.1576
1159055000,17468.826805558587,3073.22790356623,0.1759
1159056000,21982.10437570961,3746.1581743722704,0.1704
1159060500,33071.73378086791,4560.818757296215,0.1379
1159062000,24198.17524979076,3605.1541042394465,0.149
1159063000,31975.63239058406,5763.3944871542935,0.1802
1159064000,19250.112833478895,3636.1954359352258,0.1889
1159065000,13370.790363700873,2343.2259742449055,0.1752
1159065100,10963.656239501455,1799.9684904475982,0.1642
1159066000,40182.49084142104,5923.690210471252,0.1474
1159067000,18946.606059406844,2962.591142157933,0.1564
1159068000,24106.56096040757,3752.6463051310047,0.1557
1162052500,17629.598517085153,2769.600128893741,0.1571
1162054500,10975.948538891922,1932.3668952056041,0.1761
1162056500,22517.847515784208,3937.564237445415,0.1749
1162057500,23301.193497298034,3308.356880522198,0.142
1162058500,23846.39826717613,2227.451328202329,0.0934
1162059500,38630.95023064956,4904.462437445415,0.127
1162060500,27867.89031624818,4614.3973875,0.1656
1162061500,15435.624998926492,2185.2285665756913,0.1416
1162062500,24060.166476746723,3356.890719687045,0.1395
1162063000,23502.143721333698,3655.3536718067685,0.1555
1162064500,21962.26465947962,2838.9414381368265,0.1293
1162065500,16479.486770931428,2430.6020041809065,0.1475
1162066500,17286.036222825693,2380.1647770014556,0.1377
1162068500,20395.733948107714,3042.2805653748183,0.1492
1162069500,28049.543419659753,2870.7564094068416,0.1023
1162071500,10284.57194959971,1757.3841886553857,0.1709
1162072500,27869.517329967246,3294.026232432678,0.1182
1162073500,33142.9762985262,3279.3544463791845,0.0989
1162074500,19728.925018040394,4392.0578913391555,0.2226
1162076500,20691.3613338246,3498.4839667394467,0.1691
1162077500,17118.1405580877,3185.8016895378455,0.1861
1165051000,31679.67913289665,4202.66294922671,0.1327
1165052000,45367.83642166121,4393.038067585517,0.0968
1165053000,63930.75533474345,7184.4748995815135,0.1124
1165053100,41268.405588591704,4263.1593687318045,0.1033
1165054000,32349.752668513465,3661.4454791211792,0.1132
1165055000,4660.658328156841,687.2405418486171,0.1475
1165056000,32378.783705140104,3247.5183505276564,0.1003
1165057000,17626.17588595342,2143.113136062591,0.1216
1165058000,24626.15734282205,3431.203368868268,0.1393
1165058100,43214.64422140648,5860.455373671761,0.1356
1165059000,18043.304618377002,2800.9729806313685,0.1552
1165060000,20088.88629003821,2940.202514683406,0.1464
1165061000,20857.15121563944,3409.4775113374944,0.1635
1165062000,18605.790418322416,3120.372244405022,0.1677
1165062100,26533.261214374088,4018.5142460243815,0.1515
1165065100,53479.37225641375,6937.866401328239,0.1297
1165065200,37949.57669062045,4196.839685516739,0.1106
1165066000,24939.321029758008,3579.338193249636,0.1435
1168051000,35963.997325373,3985.0438124999996,0.1108
1168052100,42868.56836743086,3944.9923473071326,0.092
1168053100,44651.9663463155,4241.784720023654,0.095
1168054500,42275.0262341794,5223.195712609171,0.1236
1168056500,42014.29996853165,4671.048713655386,0.1112
1168058000,39421.93147239811,3195.859209106623,0.0811
1168059000,40386.30151106259,3980.7268076874093,0.0986
1168060000,28996.301204175765,2811.886928129549,0.097
1168061000,49537.61308098617,5214.054374808952,0.1053
1168063000,39609.06265113719,2945.3882008278747,0.0744
1168064000,104733.01428008551,7347.337727820233,0.0702
1168065000,53853.47190156477,4608.123061490175,0.0856
1168065500,35286.71084738901,4922.0320650564045,0.1395
1168065600,29735.736960098253,4007.652062963974,0.1348
1168066000,8906.178183888282,1522.9245543031295,0.171
1168067000,28987.261837991267,4659.319259843523,0.1607
1168069000,16234.874714656113,2275.561648389738,0.1402
1168070000,45815.695023253276,6610.751747161572,0.1443
1168072000,24718.475383660847,4385.0099269923585,0.1774
1168073000,15524.29730672307,3009.168430594978,0.1938
1168074000,16436.81113606259,2491.7300902565503,0.1516
1168075000,23146.060091621177,4938.008321988718,0.2133
1171051000,14998.438631668485,2841.857576683042,0.1895
1171052000,35933.32599102984,5835.024000836973,0.1624
1171053100,12114.592558988355,2151.7112989537845,0.1776
1171053200,17209.451604321326,3204.635264101164,0.1862
1171054000,12224.412068058587,2412.639628047671,0.1974
1171055000,14703.954537236172,3105.927327783843,0.2112
1171056100,17557.038882268924,2556.761485098253,0.1456
1171056200,36209.294554676126,4194.429472962154,0.1158
1171056600,19022.090966375545,3426.6442549399567,0.1801
1171057000,36943.8370367631,6088.1748097343525,0.1648
1171058000,29267.059570205605,3808.2068764828964,0.1301
1171059000,17957.4426165393,2740.1686041848616,0.1526
1171060000,28762.250384052037,3808.9607650109174,0.1324
1171061000,29541.930494095708,3822.625104548763,0.1294
1171062000,37120.457974899924,4958.93770062773,0.1336
1171063100,29674.105563800946,4531.973043950145,0.1527
1171063200,26614.01008169578,4338.798345851528,0.163
1171064100,20638.69756047125,2923.03367224345,0.1416
1171064200,42160.59860149199,4299.129005203785,0.102
1171064600,32972.39020745997,4732.093190611354,0.1435
1171064700,42972.958097671035,3875.5431315047304,0.0902
1171065000,35451.96605090065,4580.464244204876,0.1292
1171067000,31394.147520542214,3552.259849918122,0.1132
1171068000,45423.212906231805,6017.779650554949,0.1325
1171069000,20181.715677256187,2806.9397476528384,0.1391
1171071000,40721.40901150837,4849.648031149927,0.1191
1171072000,9979.880373471617,2082.6442506277294,0.2087
1174051500,50166.899701173585,7754.642119022926,0.1546
1174052000,39391.86688953784,6201.044894859899,0.1574
1174053000,26564.59564433224,4893.907665247452,0.1842
1174054000,16201.897632741993,2668.8250278475252,0.1647
1174055000,24840.775157851163,3083.377391375546,0.1241
1174056000,20918.10757072179,3317.3879527292574,0.1586
1174057000,26698.52102357525,4692.694975739273,0.1758
1174058000,14650.602848890101,2300.5798509825327,0.157
1174059000,14552.535687236172,2108.3056290938866,0.1449
1174060000,31473.582160362083,5748.372139992722,0.1826
1174061000,44256.855752947595,7585.224603548035,0.1714
1174062000,27338.726918540757,4675.765876519286,0.171
1174064000,24035.003233942865,3983.451243349709,0.1657
1174065000,24390.48805433042,4287.980993813682,0.1758
1174066000,26909.407121160846,4434.6919130276565,0.1648
1174068500,55432.44200322052,10487.472963082242,0.1892
1174069000,4976.974860635008,854.8863443777293,0.1718
1174070000,27149.04412963064,5328.052656177219,0.1963
