adm_cd,adm_nm,fire_count,fire_death,fire_injury,fire_damage,avg_living_pop,avg_65plus_pop,ratio_65plus,multi_use_cnt,old_bldg_ratio,avg_floors,cntr_dist_avg,dispatch_delay_avg,fire_rate_per_10k
1111053000,서울특별시 종로구 사직동,35.666666666666664,0.6666666666666666,1.3333333333333333,35672.666666666664,24380.171084916303,3005.77456885917,0.1233,0.0,0.3906,2.58,1.341121495327103,3.412461059190031,14.6294
1111054000,서울특별시 종로구 삼청동,10.0,0.0,0.6666666666666666,40586.333333333336,5642.42306522016,796.863309279476,0.1412,0.0,0.3906,2.58,1.61,4.043333333333333,17.7229
1111055000,서울특별시 종로구 부암동,19.333333333333332,0.6666666666666666,0.0,41276.333333333336,14020.04685466703,2510.230755422125,0.179,1.0,0.3906,2.58,1.9363636363636365,4.834770114942529,13.7898
1111056000,서울특별시 종로구 평창동,36.333333333333336,0.0,1.6666666666666667,121648.66666666667,17933.322739377254,3698.616681719907,0.2062,0.0,0.3906,2.58,1.9490740740740744,4.959327217125383,20.2602
1111057000,서울특별시 종로구 무악동,8.666666666666666,0.0,0.0,22513.666666666668,6648.619520151019,1311.8331497361717,0.1973,0.0,0.3906,2.58,2.873076923076923,5.22948717948718,13.0353
1111058000,서울특별시 종로구 교남동,8.333333333333334,0.0,0.3333333333333333,14197.0,7397.103535607715,1170.1885276746723,0.1582,1.0,0.3906,2.58,2.2840000000000003,4.954,11.2657
1111060000,서울특별시 종로구 가회동,11.666666666666666,0.0,0.0,9041.333333333334,6755.103400309316,886.930191257278,0.1313,0.0,0.3906,2.58,1.3088235294117647,3.5261904761904765,17.2709
1111061500,서울특별시 종로구 종로1·2·3·4가동,138.66666666666666,3.6666666666666665,8.333333333333334,356239.6666666667,60814.318296752186,7845.950606049855,0.129,0.0,0.3906,2.58,1.0827956989247312,3.000240384615384,22.8016
1111063000,서울특별시 종로구 종로5·6가동,37.666666666666664,2.3333333333333335,3.0,170108.0,16731.66463918304,2978.6459043577147,0.178,0.0,0.3906,2.58,1.5339285714285715,3.2250737463126846,22.5122
1111064000,서울특별시 종로구 이화동,28.666666666666668,0.0,1.3333333333333333,95484.66666666667,23960.691169241265,3044.529362509097,0.1271,0.0,0.3906,2.58,1.1974683544303797,3.13953488372093,11.964
1111067000,서울특별시 종로구 창신1동,28.333333333333332,0.0,0.0,67962.33333333333,8308.679958988356,1632.5578742449054,0.1965,0.0,0.3906,2.58,1.4505882352941175,3.990588235294117,34.1009
1111068000,서울특별시 종로구 창신2동,15.333333333333334,0.0,0.6666666666666666,15516.666666666666,9194.736002965794,1897.975434989083,0.2064,0.0,0.3906,2.58,1.8695652173913044,4.523188405797101,16.6762
1111069000,서울특별시 종로구 창신3동,9.333333333333334,0.0,0.3333333333333333,12905.666666666666,4884.762183615357,832.4218563591703,0.1704,0.0,0.3906,2.58,2.0142857142857142,4.803571428571429,19.107
1111070000,서울특별시 종로구 숭인1동,10.0,0.3333333333333333,0.6666666666666666,55034.333333333336,7470.542700827875,1411.0469195232895,0.1889,0.0,0.3906,2.58,1.4666666666666666,3.7127777777777777,13.3859
1111071000,서울특별시 종로구 숭인2동,25.333333333333332,0.0,1.0,193806.33333333334,12303.921020160116,2185.225551901383,0.1776,0.0,0.3906,2.58,1.0935483870967742,3.2342105263157896,20.5896
1111051500,서울특별시 종로구 청운효자동,20.666666666666668,0.0,2.3333333333333335,26207.333333333332,17111.950668905847,2502.4397591295647,0.1462,0.0,0.3906,2.58,1.0833333333333333,3.22741935483871,12.0773
1111065000,서울특별시 종로구 혜화동,45.666666666666664,0.0,2.3333333333333335,58560.333333333336,30889.457359597887,3244.1322330240178,0.105,1.0,0.3906,2.58,1.3536764705882351,3.5745742092457418,14.7839
1114052000,서울특별시 중구 소공동,30.333333333333332,0.3333333333333333,3.0,143166.33333333334,28119.38214141193,1994.9233746997816,0.0709,0.0,0.5778,3.2,1.589010989010989,3.758241758241758,10.7873
1114054000,서울특별시 중구 회현동,39.666666666666664,0.3333333333333333,2.3333333333333335,531674.0,25755.292134088428,3373.1595001455603,0.131,0.0,0.5778,3.2,1.3608695652173912,3.537394957983193,15.4014
1114055000,서울특별시 중구 명동,54.333333333333336,0.3333333333333333,4.0,966838.6666666666,35906.43353352438,2623.228180385735,0.0731,0.0,0.5778,3.2,1.3614906832298137,3.317280163599182,15.1319
1114057000,서울특별시 중구 필동,28.333333333333332,0.0,0.0,56456.666666666664,12153.139233851893,1324.2605741903203,0.109,0.0,0.5778,3.2,1.4894736842105265,3.263137254901961,23.3136
1114058000,서울특별시 중구 장충동,17.666666666666668,0.0,1.3333333333333333,249412.0,11937.947420724164,1291.9016048398837,0.1082,0.0,0.5778,3.2,1.271698113207547,3.349685534591195,14.7987
1114059000,서울특별시 중구 광희동,50.0,0.0,10.666666666666666,473591.6666666667,23507.3273727984,2692.121048817321,0.1145,0.0,0.5778,3.2,1.20709219858156,2.968777777777778,21.27
1114060500,서울특별시 중구 을지로동,42.666666666666664,1.0,2.6666666666666665,705782.0,17605.66403422489,2452.615085325692,0.1393,0.0,0.5778,3.2,1.525,3.218880208333333,24.2346
1114065000,서울특별시 중구 신당5동,21.666666666666668,0.0,0.3333333333333333,105378.33333333333,8620.230053511645,1378.2933479803492,0.1599,0.0,0.5778,3.2,1.0158730158730158,3.0320512820512824,25.1347
1114067000,서울특별시 중구 황학동,33.0,0.6666666666666666,2.3333333333333335,98994.33333333333,13256.68761775837,2052.3095493358805,0.1548,0.0,0.5778,3.2,1.0787878787878789,3.226094276094276,24.8931
1114068000,서울특별시 중구 중림동,16.0,0.0,0.6666666666666666,16208.666666666666,8729.322891183312,1228.7490772075344,0.1408,0.0,0.5778,3.2,1.8,3.8375,18.329
1114061500,서울특별시 중구 신당동,41.0,0.3333333333333333,2.6666666666666665,24059269.0,22105.17975656841,2860.1417191229984,0.1294,1.0,0.5778,3.2,0.8918367346938776,2.468563685636856,18.5477
1114062500,서울특별시 중구 다산동,29.0,0.3333333333333333,1.6666666666666667,131052.0,14970.5169636008,2540.318138000364,0.1697,0.0,0.5778,3.2,0.9848101265822784,3.011877394636015,19.3714
1114063500,서울특별시 중구 약수동,15.666666666666666,0.0,0.3333333333333333,60757.666666666664,14294.875971815864,2997.088321552038,0.2097,0.0,0.5778,3.2,1.0097560975609756,2.753900709219858,10.9596
1114064500,서울특별시 중구 청구동,15.0,0.0,4.666666666666667,192567.66666666666,11356.272358333334,2045.3704629093888,0.1801,0.0,0.5778,3.2,1.1377777777777778,2.914074074074074,13.2086
1114066500,서울특별시 중구 동화동,13.0,0.0,0.6666666666666666,8191.333333333333,10319.342309061134,1876.7434221160845,0.1819,0.0,0.5778,3.2,1.094871794871795,2.958119658119658,12.5977
1117051000,서울특별시 용산구 후암동,27.0,0.3333333333333333,1.0,44780.666666666664,13036.441091475615,2125.787067248908,0.1631,1.0,0.7379,2.75,1.047945205479452,2.9705761316872428,20.7112
1117052000,서울특별시 용산구 용산2가동,20.333333333333332,0.0,0.3333333333333333,45965.666666666664,12016.042008906476,1805.433999863537,0.1503,0.0,0.7379,2.75,1.5262295081967212,4.617213114754098,16.9218
1117053000,서울특별시 용산구 남영동,38.333333333333336,0.3333333333333333,2.3333333333333335,43470.666666666664,16443.4758525746,2122.1943377820235,0.1291,0.0,0.7379,2.75,1.252212389380531,2.8146376811594203,23.3122
1117057000,서울특별시 용산구 원효로2동,19.0,0.0,1.0,37169.333333333336,15633.997158342432,2593.2277789210334,0.1659,0.0,0.7379,2.75,1.3660714285714286,3.957309941520468,12.153
1117058000,서울특별시 용산구 효창동,13.333333333333334,0.0,0.3333333333333333,7225.0,9449.209983578969,1508.212887372635,0.1596,0.0,0.7379,2.75,2.269230769230769,4.418333333333334,14.1105
1117059000,서울특별시 용산구 용문동,11.666666666666666,0.0,0.3333333333333333,4573.0,8695.826796761281,1497.297835180131,0.1722,0.0,0.7379,2.75,1.5771428571428572,4.167619047619048,13.4164
1117063000,서울특별시 용산구 이촌1동,19.0,0.0,1.3333333333333333,62405.0,25334.571485352983,4346.969511381004,0.1716,0.0,0.7379,2.75,2.3857142857142857,4.865497076023392,7.4996
1117064000,서울특별시 용산구 이촌2동,8.666666666666666,0.0,0.0,22262.333333333332,7919.82139576965,1446.4608692776565,0.1826,0.0,0.7379,2.75,1.7333333333333334,4.946794871794872,10.943
1117065000,서울특별시 용산구 이태원1동,40.666666666666664,0.0,0.3333333333333333,35700.0,11360.02216768559,1368.5052855895196,0.1205,0.0,0.7379,2.75,0.957843137254902,2.6812841530054645,35.7981
1117066000,서울특별시 용산구 이태원2동,20.0,0.0,1.0,39372.666666666664,11118.824287327148,1495.8366618176856,0.1345,0.0,0.7379,2.75,1.5233333333333334,4.173333333333334,17.9875
1117069000,서울특별시 용산구 서빙고동,19.0,0.0,0.3333333333333333,28287.333333333332,15366.17493221434,2365.702700309316,0.154,0.0,0.7379,2.75,1.4358490566037734,4.304970760233918,12.3648
1117070000,서울특별시 용산구 보광동,33.333333333333336,0.0,1.0,31025.666666666668,10512.523640029112,1568.5558826965066,0.1492,0.0,0.7379,2.75,1.4010309278350517,4.053333333333333,31.7082
1117055500,서울특별시 용산구 청파동,37.666666666666664,0.3333333333333333,0.6666666666666666,50530.0,22521.44583766376,2856.8123933406114,0.1268,0.0,0.7379,2.75,2.245132743362832,4.2938053097345135,16.7248
1117056000,서울특별시 용산구 원효로1동,28.0,0.0,1.3333333333333333,37975.666666666664,20585.214410935227,2115.7637070687774,0.1028,0.0,0.7379,2.75,1.7511904761904762,3.7888888888888888,13.602
1117062500,서울특별시 용산구 한강로동,52.0,0.3333333333333333,0.3333333333333333,60484.0,49583.57488022198,4829.694196761281,0.0974,0.0,0.7379,2.75,1.2972222222222225,3.034294871794872,10.4873
1117068500,서울특별시 용산구 한남동,68.33333333333333,0.0,0.6666666666666666,122710.66666666667,31191.74626393741,3716.950056632096,0.1192,3.0,0.7379,2.75,1.4989949748743718,4.069756097560975,21.9075
1120052000,서울특별시 성동구 왕십리2동,14.333333333333334,0.0,0.0,35391.0,14534.09111074418,2202.49883224163,0.1515,0.0,0.75,3.32,1.335714285714286,3.3472868217054264,9.8619
1120054000,서울특별시 성동구 마장동,43.666666666666664,0.0,2.6666666666666665,439711.0,21345.928078247816,3522.4917827419945,0.165,0.0,0.75,3.32,1.545801526717557,3.84529262086514,20.4567
1120055000,서울특별시 성동구 사근동,40.0,0.0,2.0,41194.333333333336,23833.17365098925,2242.8618224337065,0.0941,0.0,0.75,3.32,1.43109243697479,3.203781512605042,16.7833
1120056000,서울특별시 성동구 행당1동,25.0,0.0,0.3333333333333333,22892.333333333332,21960.699960598617,2709.424596624818,0.1234,0.0,0.75,3.32,1.2529411764705882,3.061555555555556,11.384
1120057000,서울특별시 성동구 행당2동,9.333333333333334,0.0,0.6666666666666666,16695.0,18918.9002334607,3148.2671186681223,0.1664,0.0,0.75,3.32,1.707142857142857,3.519642857142857,4.9333
1120058000,서울특별시 성동구 응봉동,11.0,0.0,1.0,29025.666666666668,10688.700817367177,1739.7344921579331,0.1628,0.0,0.75,3.32,2.0303030303030303,4.11010101010101,10.2912
1120059000,서울특별시 성동구 금호1가동,7.0,0.0,0.0,5769.666666666667,14845.85357933952,2431.0080342521837,0.1637,0.0,0.75,3.32,0.9823529411764704,2.6063492063492064,4.7151
1120062000,서울특별시 성동구 금호4가동,15.5,0.5,0.0,29883.5,12237.90771669396,2120.4637340520376,0.1733,0.0,0.75,3.32,1.3333333333333333,3.565591397849462,12.6656
1120065000,서울특별시 성동구 성수1가1동,33.0,0.6666666666666666,2.0,55263.0,18726.54938922853,2139.5499565684136,0.1143,0.0,0.75,3.32,2.198989898989899,4.586026936026936,17.622
1120066000,서울특별시 성동구 성수1가2동,35.0,0.3333333333333333,1.0,46410.666666666664,20283.36201429221,2127.2578874545125,0.1049,0.0,0.75,3.32,1.9457142857142855,3.948412698412698,17.2555
1120067000,서울특별시 성동구 성수2가1동,44.0,0.0,1.3333333333333333,247976.33333333334,19358.39417939411,2418.577985007278,0.1249,0.0,0.75,3.32,1.234959349593496,3.151641414141414,22.7292
1120069000,서울특별시 성동구 성수2가3동,55.333333333333336,0.0,1.0,285754.6666666667,33936.46627424491,3085.3858889828966,0.0909,0.0,0.75,3.32,1.7439759036144578,3.943131313131313,16.305
1120072000,서울특별시 성동구 송정동,12.0,0.0,0.0,18395.333333333332,9965.082251009826,1333.1168366448326,0.1338,0.0,0.75,3.32,2.305555555555556,4.57962962962963,12.042
1120079000,서울특별시 성동구 용답동,39.333333333333336,0.0,3.0,83828.0,19715.98499276747,2950.0624583151384,0.1496,0.0,0.75,3.32,2.9135593220338984,4.025498575498576,19.95
1120053500,서울특별시 성동구 왕십리도선동,26.666666666666668,0.0,0.0,37419.0,29088.81168804585,3863.696117749272,0.1328,0.0,0.75,3.32,1.257746478873239,3.19875,9.1673
1120061500,서울특별시 성동구 금호2·3가동,24.666666666666668,0.0,1.3333333333333333,74870.66666666667,20526.929472834792,3542.441222898472,0.1726,0.0,0.75,3.32,1.281081081081081,3.5695945945945944,12.0167
1120064500,서울특별시 성동구 옥수동,19.666666666666668,0.0,0.0,31406.333333333332,27393.87469389556,4521.972262054222,0.1651,0.0,0.75,3.32,2.515254237288136,5.100847457627118,7.1792
1121571000,서울특별시 광진구 화양동,66.33333333333333,0.0,1.0,116313.33333333333,40073.37182522744,3123.493144423217,0.0779,2.0,0.6359,3.27,1.3823232323232322,3.6001683501683504,16.553
1121573000,서울특별시 광진구 군자동,29.333333333333332,0.0,2.0,51928.0,21318.41127562773,2346.5815465429405,0.1101,0.0,0.6359,3.27,1.266279069767442,3.462835249042145,13.7596
1121574000,서울특별시 광진구 중곡1동,18.666666666666668,0.0,0.6666666666666666,158908.0,15344.050650327512,2207.2949459970887,0.1439,0.0,0.6359,3.27,1.5714285714285714,3.980357142857143,12.1654
1121575000,서울특별시 광진구 중곡2동,24.333333333333332,0.0,0.6666666666666666,60654.666666666664,18425.96791088064,2747.8947237627367,0.1491,0.0,0.6359,3.27,1.3833333333333333,3.200913242009132,13.206
1121576000,서울특별시 광진구 중곡3동,20.0,0.0,1.0,52264.666666666664,15127.837971497453,2611.2048172034206,0.1726,0.0,0.6359,3.27,1.0666666666666669,2.8951977401129945,13.2207
1121577000,서울특별시 광진구 중곡4동,29.333333333333332,0.6666666666666666,2.0,91216.0,24682.064336359643,4591.249837255949,0.186,0.0,0.6359,3.27,1.4783132530120482,3.671212121212122,11.8845
1121578000,서울특별시 광진구 능동,14.666666666666666,0.0,1.6666666666666667,34064.0,15181.689166175402,1912.677391639374,0.126,0.0,0.6359,3.27,1.2048780487804878,3.328030303030303,9.6608
1121585000,서울특별시 광진구 구의1동,30.666666666666668,0.0,0.6666666666666666,69897.33333333333,24103.10804341339,3023.186238127729,0.1254,0.0,0.6359,3.27,1.276470588235294,3.481340579710145,12.7231
1121586000,서울특별시 광진구 구의2동,27.666666666666668,0.0,0.0,24198.333333333332,20746.476275827878,3296.830589073872,0.1589,0.0,0.6359,3.27,1.5132530120481926,3.7309236947791167,13.3356
1121587000,서울특별시 광진구 구의3동,26.0,0.0,0.3333333333333333,33515.666666666664,30647.01734836245,4051.9684738992,0.1322,0.0,0.6359,3.27,1.796153846153846,4.238247863247863,8.4837
1121581000,서울특별시 광진구 광장동,26.0,0.0,1.0,139318.0,35564.514818276926,4186.841956532024,0.1177,0.0,0.6359,3.27,2.578205128205128,4.82457264957265,7.3107
1121582000,서울특별시 광진구 자양1동,30.333333333333332,0.0,1.6666666666666667,57032.666666666664,24601.61977249818,3286.877600964338,0.1336,0.0,0.6359,3.27,1.97,4.186446886446886,12.3298
1121583000,서울특별시 광진구 자양2동,26.333333333333332,0.0,0.6666666666666666,53044.0,21198.555853002184,3306.403670533115,0.156,0.0,0.6359,3.27,2.4063291139240506,5.150843881856541,12.4222
1121584000,서울특별시 광진구 자양3동,19.0,0.0,0.3333333333333333,75271.33333333333,23916.718999445053,3390.9091812954875,0.1418,0.0,0.6359,3.27,2.085964912280702,4.274853801169591,7.9442
1121584700,서울특별시 광진구 자양4동,40.666666666666664,0.3333333333333333,1.3333333333333333,138971.66666666666,26321.649089628823,3726.828150263828,0.1416,0.0,0.6359,3.27,1.7508620689655172,3.580054644808743,15.4499
1123071000,서울특별시 동대문구 회기동,19.333333333333332,0.0,3.0,50566.666666666664,20417.245588073147,2511.337708251456,0.123,9.0,0.6955,3.25,1.1448275862068966,3.297126436781609,9.4691
1123072000,서울특별시 동대문구 휘경1동,20.0,0.0,1.0,27735.0,16853.215535789666,2366.2993762463607,0.1404,0.0,0.6955,3.25,1.4345454545454546,3.0816666666666666,11.8672
1123073000,서울특별시 동대문구 휘경2동,22.666666666666668,0.3333333333333333,0.3333333333333333,91786.66666666667,19813.019673253275,3020.31653742722,0.1524,0.0,0.6955,3.25,1.1523076923076925,3.377450980392157,11.4403
1123070500,서울특별시 동대문구 청량리동,24.666666666666668,0.6666666666666666,2.3333333333333335,172951.33333333334,19930.690733151383,4973.398905485808,0.2495,1.0,0.6955,3.25,1.1768115942028985,3.295045045045045,12.3762
1123053600,서울특별시 동대문구 용신동,49.0,0.0,2.6666666666666665,202766.33333333334,41281.53746358261,7328.853993104075,0.1775,0.0,0.6955,3.25,1.214074074074074,3.1776643990929707,11.8697
1123054500,서울특별시 동대문구 제기동,57.333333333333336,0.6666666666666666,4.666666666666667,1365856.0,32148.903746106254,6811.598322298035,0.2119,2.0,0.6955,3.25,1.41812865497076,3.455910852713178,17.8337
1123056000,서울특별시 동대문구 전농1동,34.666666666666664,1.6666666666666667,3.3333333333333335,68397.0,31248.205501055312,5190.466498107715,0.1661,0.0,0.6955,3.25,1.075,3.15625,11.094
1123057000,서울특별시 동대문구 전농2동,12.333333333333334,1.0,0.6666666666666666,214023.33333333334,16113.840690629157,2714.244489620119,0.1684,0.0,0.6955,3.25,1.6324324324324324,3.877027027027027,7.6539
1123061000,서울특별시 동대문구 답십리2동,20.333333333333332,0.3333333333333333,1.0,34928.666666666664,21908.082358333337,4102.735141020743,0.1873,0.0,0.6955,3.25,1.6508196721311477,3.8131147540983608,9.2812
1123065000,서울특별시 동대문구 장안1동,53.0,1.6666666666666667,3.6666666666666665,227646.0,34900.448211963245,5356.223806586609,0.1535,0.0,0.6955,3.25,1.1085106382978724,2.7450733752620544,15.1861
1123066000,서울특별시 동대문구 장안2동,34.333333333333336,0.0,1.3333333333333333,249187.66666666666,28041.11711257278,4275.656488227802,0.1525,0.0,0.6955,3.25,1.546601941747573,3.6194174757281554,12.2439
1123074000,서울특별시 동대문구 이문1동,24.333333333333332,0.3333333333333333,0.3333333333333333,25159.0,24447.81622449054,2754.488285234716,0.1127,0.0,0.6955,3.25,1.4541666666666666,3.643287037037037,9.9532
1123075000,서울특별시 동대문구 이문2동,11.666666666666666,0.0,1.3333333333333333,17867.0,14384.538511280933,2787.8994825964337,0.1938,0.0,0.6955,3.25,2.0885714285714285,4.504761904761905,8.1106
1123060000,서울특별시 동대문구 답십리1동,17.333333333333332,0.0,0.3333333333333333,60786.666666666664,22437.41779495997,3432.457777347161,0.153,0.0,0.6955,3.25,1.2884615384615383,3.324679487179487,7.7252
1126052000,서울특별시 중랑구 면목2동,30.333333333333332,0.6666666666666666,0.6666666666666666,59492.0,20570.34478422489,3708.180873735444,0.1803,0.0,0.5997,3.26,1.9868131868131869,3.86941391941392,14.7461
1126054000,서울특별시 중랑구 면목4동,20.666666666666668,0.0,0.3333333333333333,5220.666666666667,16820.687932478166,3222.6878618176856,0.1916,0.0,0.5997,3.26,1.1540983606557378,3.625,12.2865
1126055000,서울특별시 중랑구 면목5동,12.333333333333334,0.0,0.3333333333333333,8014.333333333333,11329.59713820051,1965.6051496270013,0.1735,0.0,0.5997,3.26,1.7216216216216218,3.8157657657657658,10.8859
1126057000,서울특별시 중랑구 면목7동,25.666666666666668,1.0,3.0,56575.666666666664,18334.636637918484,3684.2315432405385,0.2009,0.0,0.5997,3.26,1.5266666666666666,3.899122807017544,13.999
1126058000,서울특별시 중랑구 상봉1동,21.333333333333332,1.0,3.3333333333333335,63302.333333333336,17558.17922378093,2886.527750554949,0.1644,0.0,0.5997,3.26,1.5359375,3.376822916666667,12.1501
1126059000,서울특별시 중랑구 상봉2동,42.666666666666664,0.0,2.3333333333333335,52042.333333333336,25610.85729102984,3846.78138845524,0.1502,0.0,0.5997,3.26,1.6828125,3.487109375,16.6596
1126060000,서울특별시 중랑구 중화1동,20.0,0.0,1.0,33150.666666666664,15212.69996374636,2844.6167333879184,0.187,0.0,0.5997,3.26,0.9925925925925926,2.9791666666666665,13.1469
1126061000,서울특별시 중랑구 중화2동,46.0,0.0,3.3333333333333335,51555.666666666664,25722.05750623181,5217.39667231623,0.2028,0.0,0.5997,3.26,1.1595419847328243,3.1851581508515814,17.8835
1126062000,서울특별시 중랑구 묵1동,30.333333333333332,0.3333333333333333,1.6666666666666667,62452.333333333336,25699.056480221974,4716.780066921397,0.1835,0.0,0.5997,3.26,1.71,3.418315018315018,11.8033
1126063000,서울특별시 중랑구 묵2동,22.333333333333332,0.0,1.6666666666666667,44050.333333333336,18689.70919220342,3351.4275933133185,0.1793,0.0,0.5997,3.26,1.603030303030303,3.439800995024876,11.9495
1126066000,서울특별시 중랑구 망우3동,24.333333333333332,0.0,2.0,31968.666666666668,11800.39107544301,2483.275078672236,0.2104,0.0,0.5997,3.26,1.2347222222222225,3.209360730593607,20.6208
1126068000,서울특별시 중랑구 신내1동,30.0,0.0,1.3333333333333333,18718.333333333332,34117.48501199054,5702.457419768923,0.1671,0.0,0.5997,3.26,1.475,3.556481481481481,8.7931
1126069000,서울특별시 중랑구 신내2동,16.666666666666668,0.3333333333333333,0.6666666666666666,29512.0,17518.435489283114,3492.7875381459244,0.1994,0.0,0.5997,3.26,0.9723404255319148,2.5789115646258507,9.5138
1126056500,서울특별시 중랑구 면목본동,44.666666666666664,0.0,2.3333333333333335,64910.666666666664,26894.28781298217,4739.498548007641,0.1762,0.0,0.5997,3.26,1.82089552238806,3.958830845771145,16.6082
1126057500,서울특별시 중랑구 면목3·8동,34.0,0.0,2.0,26905.0,20259.765043986536,3694.125077356259,0.1823,0.0,0.5997,3.26,1.7431372549019608,3.9361111111111113,16.782
1126065500,서울특별시 중랑구 망우본동,50.0,0.0,2.6666666666666665,69340.0,39001.98964354076,6874.533817239811,0.1763,0.0,0.5997,3.26,1.2090909090909092,3.222222222222222,12.8199
1129058000,서울특별시 성북구 돈암1동,7.333333333333333,0.0,0.3333333333333333,6705.666666666667,12871.115863400655,2659.684565675036,0.2066,0.0,0.6333,2.79,1.3045454545454545,2.860606060606061,5.6975
1129059000,서울특별시 성북구 돈암2동,9.0,0.0,0.0,26001.0,14156.80817250728,2267.768046797671,0.1602,0.0,0.6333,2.79,1.7222222222222223,3.885802469135802,6.3574
1129060000,서울특별시 성북구 안암동,29.666666666666668,0.0,2.3333333333333335,98945.0,25598.23884001092,2766.106627674673,0.1081,0.0,0.6333,2.79,2.248314606741573,3.8318181818181816,11.5893
1129061000,서울특별시 성북구 보문동,18.0,0.0,1.0,16799.333333333332,15832.443631040756,2548.261281513828,0.161,0.0,0.6333,2.79,1.312962962962963,2.939506172839506,11.3691
1129062000,서울특별시 성북구 정릉1동,10.333333333333334,0.0,0.6666666666666666,26653.666666666668,14065.53738746361,2349.3496001728527,0.167,0.0,0.6333,2.79,1.2464285714285714,2.7091397849462364,7.3466
1129063000,서울특별시 성북구 정릉2동,20.666666666666668,0.0,0.6666666666666666,47627.333333333336,19540.72780680495,3552.8186724344982,0.1818,0.0,0.6333,2.79,1.382258064516129,3.236290322580645,10.5762
1129064000,서울특별시 성북구 정릉3동,24.666666666666668,0.3333333333333333,1.0,114208.33333333333,15895.445164419578,2223.6844046852257,0.1399,0.0,0.6333,2.79,2.324324324324324,4.453153153153154,15.5181
1129065000,서울특별시 성북구 정릉4동,21.666666666666668,0.3333333333333333,4.333333333333333,77071.33333333333,18254.475577438137,3675.4528335061855,0.2013,0.0,0.6333,2.79,2.067692307692308,4.065384615384615,11.8692
1129066000,서울특별시 성북구 길음1동,16.333333333333332,0.0,11.666666666666666,70040.0,35486.48089476892,4777.761677210699,0.1346,0.0,0.6333,2.79,1.375,3.4360544217687075,4.6027
1129068500,서울특별시 성북구 길음2동,16.333333333333332,0.3333333333333333,0.6666666666666666,31953.333333333332,18130.58290179221,3006.555851846798,0.1658,0.0,0.6333,2.79,1.5739130434782609,3.230952380952381,9.0087
1129071500,서울특별시 성북구 월곡1동,19.0,0.0,1.0,71022.0,24519.044510944324,3940.636862709243,0.1607,0.0,0.6333,2.79,1.6660714285714284,3.5055555555555555,7.7491
1129072500,서울특별시 성북구 월곡2동,22.666666666666668,0.0,1.0,51754.0,22489.33422693777,3824.6147932769286,0.1701,0.0,0.6333,2.79,2.025,4.186274509803922,10.0789
1129076000,서울특별시 성북구 장위1동,22.333333333333332,0.3333333333333333,1.3333333333333333,55747.666666666664,21419.81247430859,3758.503963600801,0.1755,0.0,0.6333,2.79,1.9388059701492537,3.999751243781095,10.4265
1129077000,서울특별시 성북구 장위2동,14.666666666666666,0.3333333333333333,0.3333333333333333,26877.666666666668,12013.191241675764,2589.971102783843,0.2156,0.0,0.6333,2.79,1.5727272727272728,3.4212121212121214,12.2088
1129078000,서울특별시 성북구 장위3동,10.333333333333334,0.3333333333333333,0.3333333333333333,26474.666666666668,7843.090877283478,1347.9563883096798,0.1719,0.0,0.6333,2.79,1.331034482758621,2.8080645161290323,13.1751
1129052500,서울특별시 성북구 성북동,22.0,0.0,0.0,51910.333333333336,20914.934138191413,3525.054484861718,0.1685,0.0,0.6333,2.79,1.9484375,4.172727272727272,10.5188
1129055500,서울특별시 성북구 삼선동,32.0,0.0,2.0,33588.666666666664,25803.27245561317,3471.621916229986,0.1345,0.0,0.6333,2.79,1.3045454545454545,2.8510416666666667,12.4015
1129057500,서울특별시 성북구 동선동,39.333333333333336,0.0,2.6666666666666665,80864.33333333333,24854.67147229804,2946.759608533479,0.1186,0.0,0.6333,2.79,1.121551724137931,2.9169491525423727,15.8253
1129070500,서울특별시 성북구 종암동,37.0,0.0,2.0,68866.66666666667,38404.497028193226,6253.5697850072775,0.1628,0.0,0.6333,2.79,1.2844660194174755,2.8121621621621617,9.6343
1129081000,서울특별시 성북구 석관동,37.0,0.0,1.6666666666666667,61830.666666666664,26996.27309366812,5322.886767621906,0.1972,0.0,0.6333,2.79,1.5171171171171172,3.209009009009009,13.7056
1130559500,서울특별시 강북구 번1동,33.666666666666664,0.0,1.3333333333333333,78263.66666666667,,,,0.0,0.7607,2.91,1.297029702970297,3.4745,
1130560300,서울특별시 강북구 번2동,21.333333333333332,0.0,0.3333333333333333,22765.333333333332,,,,0.0,0.7607,2.91,1.18,3.13828125,
1130560800,서울특별시 강북구 번3동,17.666666666666668,0.0,0.6666666666666666,92362.66666666667,,,,0.0,0.7607,2.91,1.3849056603773586,3.2729559748427675,
1130561500,서울특별시 강북구 수유1동,27.0,0.6666666666666666,0.6666666666666666,58906.0,,,,0.0,0.7607,2.91,1.8703703703703705,3.683744855967078,
1130562500,서울특별시 강북구 수유2동,27.0,0.0,1.3333333333333333,31579.333333333332,,,,0.0,0.7607,2.91,1.3333333333333333,3.189662447257384,
1130563500,서울특별시 강북구 수유3동,51.0,0.0,2.6666666666666665,82044.33333333333,,,,0.0,0.7607,2.91,1.6781456953642384,3.498233995584989,
1130553400,서울특별시 강북구 삼양동,28.0,0.6666666666666666,1.6666666666666667,40125.333333333336,22770.97963127729,4908.052179921761,0.2155,0.0,0.7607,2.91,1.277215189873418,3.660515873015873,12.2964
1130553500,서울특별시 강북구 미아동,34.0,0.3333333333333333,0.6666666666666666,27615.666666666668,22686.1015860353,4615.114671397379,0.2034,2.0,0.7607,2.91,1.3544554455445543,3.3953333333333338,14.9871
1130554500,서울특별시 강북구 송중동,43.0,1.6666666666666667,3.6666666666666665,84246.66666666667,34755.38376391921,6790.237492840247,0.1954,0.0,0.7607,2.91,1.1983471074380163,3.276377952755906,12.3722
1130555500,서울특별시 강북구 송천동,40.666666666666664,0.0,1.0,43529.333333333336,26638.844303411573,5671.982101391922,0.2129,0.0,0.7607,2.91,1.1584745762711863,3.268169398907104,15.2659
1130557500,서울특별시 강북구 삼각산동,18.0,0.0,0.3333333333333333,85065.0,20914.261374545124,3370.574956340975,0.1612,0.0,0.7607,2.91,0.997560975609756,3.0200617283950617,8.6066
1130564500,서울특별시 강북구 우이동,25.333333333333332,0.3333333333333333,2.3333333333333335,26113.333333333332,18846.512726200875,4188.258317767467,0.2222,0.0,0.7607,2.91,2.0723684210526314,4.449561403508772,13.4419
1130566000,서울특별시 강북구 인수동,38.0,1.0,1.6666666666666667,54094.333333333336,27487.59176390102,6058.986049781659,0.2204,0.0,0.7607,2.91,1.2490740740740742,3.2717261904761905,13.8244
1132066000,서울특별시 도봉구 쌍문1동,33.333333333333336,0.0,1.0,41463.0,16787.34311258188,3448.8998279748907,0.2054,0.0,0.65,4.79,1.976842105263158,3.7803333333333335,19.8562
1132067000,서울특별시 도봉구 쌍문2동,25.0,0.0,1.6666666666666667,41270.666666666664,17173.629270796944,3433.7780517285296,0.1999,0.0,0.65,4.79,1.5493333333333337,2.9144444444444444,14.5572
1132068000,서울특별시 도봉구 쌍문3동,26.0,0.0,0.6666666666666666,14310.666666666666,16303.375669022926,3221.971277037846,0.1976,0.0,0.65,4.79,1.277027027027027,2.8487179487179484,15.9476
1132068100,서울특별시 도봉구 쌍문4동,13.666666666666666,0.0,1.3333333333333333,12001.0,13343.072403538938,2529.6847465793307,0.1896,0.0,0.65,4.79,1.5439024390243905,3.143495934959349,10.2425
1132069000,서울특별시 도봉구 방학1동,50.0,1.0,12.0,88245.33333333333,23286.223624099348,4681.1953170123725,0.201,0.0,0.65,4.79,1.1851851851851851,2.2864444444444443,21.4719
1132070000,서울특별시 도봉구 방학2동,36.666666666666664,0.3333333333333333,0.6666666666666666,67470.0,11518.123357505458,2868.03656330968,0.249,0.0,0.65,4.79,1.6220183486238533,3.2562121212121213,31.8339
1132071000,서울특별시 도봉구 방학3동,21.0,0.0,1.6666666666666667,152742.66666666666,20830.431556268195,4601.81629441412,0.2209,0.0,0.65,4.79,1.9,3.5476190476190474,10.0814
1132051100,서울특별시 도봉구 창1동,24.666666666666668,0.0,2.0,35639.333333333336,20841.47360988901,4091.150922780204,0.1963,0.0,0.65,4.79,1.4555555555555555,3.053603603603604,11.8354
1132051200,서울특별시 도봉구 창2동,35.333333333333336,0.0,1.6666666666666667,94929.66666666667,28783.500465602257,5382.667810462154,0.187,0.0,0.65,4.79,1.6849056603773584,3.4099056603773583,12.2756
1132051300,서울특별시 도봉구 창3동,20.333333333333332,0.6666666666666666,0.6666666666666666,23382.666666666668,10418.915853684495,2141.164647971252,0.2055,0.0,0.65,4.79,1.778333333333333,2.899726775956284,19.5158
1132051400,서울특별시 도봉구 창4동,19.333333333333332,0.3333333333333333,0.3333333333333333,48673.666666666664,28040.58989808952,5256.330353429767,0.1875,0.0,0.65,4.79,1.8327586206896551,3.5683908045977013,6.8948
1132051500,서울특별시 도봉구 창5동,27.333333333333332,0.3333333333333333,1.6666666666666667,35095.333333333336,19799.71595458515,3738.9988501546577,0.1888,0.0,0.65,4.79,1.474390243902439,3.0414634146341464,13.8049
1132052100,서울특별시 도봉구 도봉1동,46.0,0.6666666666666666,1.6666666666666667,119041.33333333333,18209.179920796945,5013.498656240903,0.2753,0.0,0.65,4.79,2.0277372262773725,3.778140096618357,25.262
1132052200,서울특별시 도봉구 도봉2동,28.666666666666668,0.0,1.0,36806.333333333336,18978.20082731077,4364.810066712154,0.23,0.0,0.65,4.79,1.7988372093023255,3.5360465116279074,15.105
1135056000,서울특별시 노원구 월계1동,29.666666666666668,0.0,0.6666666666666666,41914.333333333336,22607.62126290939,3874.297239956332,0.1714,0.0,0.646,3.44,1.6584269662921347,3.219850187265917,13.1224
1135057000,서울특별시 노원구 월계2동,16.0,0.0,0.6666666666666666,24387.666666666668,19527.938141557497,4292.933724681587,0.2198,0.0,0.646,3.44,1.1906976744186046,2.714236111111111,8.1934
1135058000,서울특별시 노원구 월계3동,12.666666666666666,0.0,0.6666666666666666,13988.0,24376.8894316139,4866.467614819869,0.1996,0.0,0.646,3.44,2.107894736842105,3.407456140350877,5.1962
1135060000,서울특별시 노원구 공릉2동,38.0,0.0,1.3333333333333333,75912.0,44405.83573444324,5821.984570178311,0.1311,0.0,0.646,3.44,1.6026315789473684,3.6811403508771927,8.5574
1135061100,서울특별시 노원구 하계1동,24.666666666666668,0.3333333333333333,2.6666666666666665,47269.666666666664,25107.853067913027,4437.278403065866,0.1767,0.0,0.646,3.44,1.036764705882353,2.664189189189189,9.8243
1135061200,서울특별시 노원구 하계2동,12.666666666666666,0.0,0.6666666666666666,20016.0,16557.09030708697,2791.5819270924308,0.1686,0.0,0.646,3.44,1.318421052631579,3.1824561403508773,7.6503
1135061900,서울특별시 노원구 중계본동,18.666666666666668,0.0,2.0,78336.0,20659.47681847668,2200.632945228546,0.1065,0.0,0.646,3.44,2.1785714285714284,4.305357142857143,9.0354
1135062100,서울특별시 노원구 중계1동,16.666666666666668,0.0,0.6666666666666666,35549.0,25306.155190793303,2940.028188073144,0.1162,0.0,0.646,3.44,1.374,3.010204081632653,6.586
1135062400,서울특별시 노원구 중계4동,26.333333333333332,0.3333333333333333,1.0,26312.666666666668,16317.68907308952,3451.4373796215427,0.2115,0.0,0.646,3.44,1.1782051282051282,3.2367088607594936,16.1379
1135063000,서울특별시 노원구 상계1동,40.0,0.0,1.0,88698.0,36622.26370186499,7836.565772416303,0.214,0.0,0.646,3.44,1.4990909090909093,3.3223611111111118,10.9223
1135064000,서울특별시 노원구 상계2동,35.666666666666664,0.3333333333333333,2.0,39600.666666666664,28718.76017918486,4958.605626118996,0.1727,0.0,0.646,3.44,1.3891089108910892,3.317601246105919,12.4193
1135067000,서울특별시 노원구 상계5동,20.666666666666668,0.3333333333333333,1.6666666666666667,41200.0,18435.056280312954,4131.477100618631,0.2241,0.0,0.646,3.44,1.4983870967741937,3.631720430107527,11.2105
1135070000,서울특별시 노원구 상계8동,13.0,0.0,0.3333333333333333,24220.666666666668,17917.84658955604,2719.818231723072,0.1518,0.0,0.646,3.44,2.269230769230769,3.825877192982456,7.2553
1135071000,서울특별시 노원구 상계9동,10.0,0.0,0.0,4975.666666666667,17517.009994832606,3160.862609725255,0.1804,0.0,0.646,3.44,2.213793103448276,3.81,5.7087
1135072000,서울특별시 노원구 상계10동,9.333333333333334,0.3333333333333333,0.3333333333333333,8487.333333333334,13228.348074435951,2153.464312154294,0.1628,0.0,0.646,3.44,2.492857142857143,4.268452380952381,7.0556
1135066500,서울특별시 노원구 상계3·4동,32.666666666666664,0.3333333333333333,2.0,90481.33333333333,20247.313470278383,4836.144977802038,0.2389,0.0,0.646,3.44,2.3316326530612246,4.954421768707483,16.1338
1135069500,서울특별시 노원구 상계6·7동,34.0,0.0,1.0,37836.0,46573.7072772107,7774.239046934133,0.1669,0.0,0.646,3.44,2.1465346534653467,4.042156862745098,7.3003
1135062500,서울특별시 노원구 중계2·3동,24.333333333333332,0.6666666666666666,1.3333333333333333,62788.666666666664,32067.042414546944,6089.555850891557,0.1899,0.0,0.646,3.44,1.2972222222222225,3.240972222222222,7.5883
1135059500,서울특별시 노원구 공릉1동,43.333333333333336,0.0,1.6666666666666667,111847.33333333333,42540.07912038756,7351.850752874819,0.1728,0.0,0.646,3.44,1.525984251968504,3.273205128205128,10.1865
1138051000,서울특별시 은평구 녹번동,33.666666666666664,0.6666666666666666,1.6666666666666667,78661.0,33370.442422698325,6152.445218358806,0.1844,0.0,0.5835,3.41,1.4042105263157896,3.1126666666666667,10.0888
1138052000,서울특별시 은평구 불광1동,38.0,1.0,4.333333333333333,89794.33333333333,28346.81518919214,6135.4077555131,0.2164,0.0,0.5835,3.41,2.3701754385964917,4.288839285714286,13.4054
1138055100,서울특별시 은평구 갈현1동,27.0,0.6666666666666666,1.6666666666666667,169239.66666666666,20400.30039787118,3730.3508898653567,0.1829,0.0,0.5835,3.41,1.049367088607595,2.9755144032921814,13.2351
1138055200,서울특별시 은평구 갈현2동,31.333333333333332,0.3333333333333333,0.6666666666666666,46699.666666666664,22475.76742471797,3799.270070332969,0.169,0.0,0.5835,3.41,1.556989247311828,3.718996415770609,13.9409
1138056000,서울특별시 은평구 구산동,23.333333333333332,0.0,0.6666666666666666,33708.0,24985.566268759096,4686.49460117358,0.1876,0.0,0.5835,3.41,1.2227272727272729,2.935238095238095,9.3387
1138057000,서울특별시 은평구 대조동,37.666666666666664,0.6666666666666666,2.6666666666666665,537032.3333333334,45274.094156304585,7648.960024426856,0.1689,0.0,0.5835,3.41,2.226785714285714,3.671976401179941,8.3197
1138058000,서울특별시 은평구 응암1동,22.666666666666668,0.0,1.0,319044.6666666667,23725.89768798217,3759.4730123453423,0.1585,0.0,0.5835,3.41,1.4106060606060604,3.3115196078431373,9.5536
1138059000,서울특별시 은평구 응암2동,16.0,0.0,0.0,14839.666666666666,16015.274069168488,2364.5461081331878,0.1476,0.0,0.5835,3.41,2.027083333333333,4.337588652482269,9.9905
1138063100,서울특별시 은평구 신사1동,31.666666666666668,0.6666666666666666,1.0,37621.0,23429.80194829876,4117.409183296943,0.1757,0.0,0.5835,3.41,2.089010989010989,3.76701754385965,13.5156
1138063200,서울특별시 은평구 신사2동,18.0,0.0,1.3333333333333333,31209.333333333332,13127.520922216156,2461.9691683315136,0.1875,0.0,0.5835,3.41,2.2962962962962963,4.115123456790124,13.7117
1138064000,서울특별시 은평구 증산동,20.0,0.0,0.6666666666666666,47496.0,14520.903209097523,2614.544590347525,0.1801,0.0,0.5835,3.41,2.13,3.4733333333333336,13.7732
1138065000,서울특별시 은평구 수색동,17.0,0.0,0.0,15090.333333333334,12301.046922671034,1861.372930558588,0.1513,0.0,0.5835,3.41,1.2936170212765956,3.799019607843137,13.82
1138069000,서울특별시 은평구 진관동,34.0,0.3333333333333333,0.3333333333333333,72743.33333333333,59346.46403803676,9114.819660325693,0.1536,1.0,0.5835,3.41,2.090816326530612,3.702970297029703,5.7291
1138053000,서울특별시 은평구 불광2동,24.0,0.3333333333333333,3.0,49870.666666666664,21150.16103408843,4282.772237763828,0.2025,0.0,0.5835,3.41,1.6428571428571428,3.676525821596244,11.3474
1138060000,서울특별시 은평구 응암3동,35.333333333333336,0.0,0.3333333333333333,67494.33333333333,24526.93995143741,4740.4375045123725,0.1933,0.0,0.5835,3.41,2.4778846153846152,3.920754716981132,14.4059
1138062500,서울특별시 은평구 역촌동,43.0,0.3333333333333333,3.0,129725.33333333333,41354.6662992904,7157.541577510917,0.1731,0.0,0.5835,3.41,1.209322033898305,2.829586563307493,10.3979
1141052000,서울특별시 서대문구 천연동,26.0,0.3333333333333333,0.6666666666666666,50254.0,16227.594305467614,2849.9868003184138,0.1756,0.0,0.6647,2.75,2.0896103896103897,4.771367521367521,16.0221
1141062000,서울특별시 서대문구 홍제1동,25.666666666666668,0.0,2.0,128233.0,23991.49598943777,4798.782081814046,0.2,0.0,0.6647,2.75,2.235064935064935,4.226406926406926,10.6982
1141064000,서울특별시 서대문구 홍제3동,24.0,0.6666666666666666,1.0,74646.33333333333,15098.187601746726,3291.643812827511,0.218,0.0,0.6647,2.75,1.2818181818181815,3.796527777777778,15.8959
1141065500,서울특별시 서대문구 홍제2동,10.0,0.0,0.3333333333333333,39412.666666666664,9991.29853919214,1884.5818329694323,0.1886,0.0,0.6647,2.75,2.43,4.485,10.0087
1141066000,서울특별시 서대문구 홍은1동,33.333333333333336,0.0,0.0,47194.0,15356.879070223798,3104.9994259916307,0.2022,0.0,0.6647,2.75,1.2623529411764705,3.3503367003367,21.7058
1141068500,서울특별시 서대문구 홍은2동,51.666666666666664,0.0,1.3333333333333333,146432.33333333334,23004.485255758733,4150.866896488355,0.1804,0.0,0.6647,2.75,2.527272727272728,4.024086021505377,22.4594
1141069000,서울특별시 서대문구 남가좌1동,18.0,0.0,0.6666666666666666,26857.333333333332,8708.78155525837,1229.976655867904,0.1412,0.0,0.6647,2.75,2.1481481481481484,4.3195512820512825,20.6688
1141070000,서울특별시 서대문구 남가좌2동,30.333333333333332,1.0,1.0,36641.333333333336,19685.47773854621,2881.931675400291,0.1464,0.0,0.6647,2.75,1.6076923076923078,4.092307692307692,15.409
1141071000,서울특별시 서대문구 북가좌1동,13.333333333333334,0.0,1.0,8351.333333333334,14165.389575209245,2292.852569768923,0.1619,0.0,0.6647,2.75,1.3375,3.8375,9.4126
1141072000,서울특별시 서대문구 북가좌2동,45.333333333333336,0.3333333333333333,3.0,51974.333333333336,34243.129165547674,6004.13907580968,0.1753,0.0,0.6647,2.75,1.04,2.9465686274509806,13.2387
1141056500,서울특별시 서대문구 충현동,44.666666666666664,0.0,1.3333333333333333,2600092.3333333335,40306.01384503275,4961.969575727801,0.1231,0.0,0.6647,2.75,1.6537190082644628,3.980597014925373,11.0819
1141055500,서울특별시 서대문구 북아현동,19.666666666666668,0.3333333333333333,1.6666666666666667,33147.666666666664,39859.254532405386,4238.639587181587,0.1063,0.0,0.6647,2.75,1.3272727272727274,3.7186440677966095,4.934
1141058500,서울특별시 서대문구 신촌동,113.33333333333333,0.3333333333333333,3.3333333333333335,286425.0,55890.64782097889,4537.029667367176,0.0812,1.0,0.6647,2.75,2.433529411764706,4.179400196656833,20.2777
1141061500,서울특별시 서대문구 연희동,76.66666666666667,0.6666666666666666,4.333333333333333,89505.0,37604.97562077875,4998.703627401746,0.1329,0.0,0.6647,2.75,1.486635944700461,3.2331159420289857,20.3874
1144059000,서울특별시 마포구 용강동,25.333333333333332,0.3333333333333333,1.3333333333333333,444929.0,26983.24340280204,3613.32638044032,0.1339,0.0,0.6235,3.22,1.0592592592592591,2.753508771929825,9.3885
1144060000,서울특별시 마포구 대흥동,30.0,0.0,2.0,204871.0,23094.21755795124,2345.4958602347165,0.1016,1.0,0.6235,3.22,1.3111111111111111,3.316481481481482,12.9903
1144061000,서울특별시 마포구 염리동,11.666666666666666,0.0,1.3333333333333333,29906.0,15822.81942121543,1851.5011067958517,0.117,1.0,0.6235,3.22,1.68,3.832857142857143,7.3733
1144063000,서울특별시 마포구 신수동,16.666666666666668,0.0,0.3333333333333333,23176.0,17235.209232914847,2397.2997433860987,0.1391,0.0,0.6235,3.22,0.9043478260869564,2.410333333333333,9.6701
1144066000,서울특별시 마포구 서교동,138.0,1.0,2.3333333333333335,295798.0,72219.99523757277,5355.960651046215,0.0742,7.0,0.6235,3.22,1.1980343980343982,3.2832122679580307,19.1083
1144068000,서울특별시 마포구 합정동,35.666666666666664,0.0,0.3333333333333333,73560.33333333333,21840.68979393195,2386.775495924309,0.1093,0.0,0.6235,3.22,1.4168316831683168,3.37196261682243,16.3304
1144069000,서울특별시 마포구 망원1동,26.666666666666668,0.0,2.3333333333333335,52711.666666666664,19577.071356268192,2794.563554212154,0.1427,0.0,0.6235,3.22,1.975,4.177291666666667,13.6214
1144070000,서울특별시 마포구 망원2동,24.0,0.0,0.3333333333333333,16718.666666666668,16561.48209690724,2541.7864374038822,0.1535,0.0,0.6235,3.22,2.4027777777777777,5.051851851851852,14.4915
1144071000,서울특별시 마포구 연남동,32.0,0.3333333333333333,1.6666666666666667,40076.333333333336,18049.390376874093,1986.2632542121544,0.11,2.0,0.6235,3.22,2.098958333333333,4.251736111111112,17.7291
1144072000,서울특별시 마포구 성산1동,23.666666666666668,0.6666666666666666,0.3333333333333333,50776.333333333336,21216.484890529475,2726.112781113537,0.1285,0.0,0.6235,3.22,2.047887323943662,4.5330985915492965,11.1548
1144073000,서울특별시 마포구 성산2동,39.666666666666664,0.0,2.3333333333333335,62966.0,35297.73804084789,5058.682283642649,0.1433,0.0,0.6235,3.22,1.3398230088495575,3.5315126050420167,11.2377
1144074000,서울특별시 마포구 상암동,43.666666666666664,0.3333333333333333,2.3333333333333335,475901.3333333333,48367.47423058588,4808.836682596434,0.0994,6.0,0.6235,3.22,2.1703125,4.61412213740458,9.0281
1144058500,서울특별시 마포구 도화동,20.666666666666668,0.0,1.0,49123.333333333336,16510.600007259825,2517.494481195415,0.1525,1.0,0.6235,3.22,1.1152542372881356,3.8123655913978496,12.5172
1144065500,서울특별시 마포구 서강동,37.0,0.0,0.6666666666666666,45767.0,27136.42342051492,3010.834886790393,0.111,0.0,0.6235,3.22,1.1990476190476191,2.8560060060060057,13.6348
1144056500,서울특별시 마포구 공덕동,41.0,1.0,5.333333333333333,100272.0,38646.720583833696,5277.944233460698,0.1366,0.0,0.6235,3.22,1.1669642857142857,3.333739837398374,10.6089
1144055500,서울특별시 마포구 아현동,14.0,0.0,1.0,86910.66666666667,26593.72401048035,3204.483966084425,0.1205,0.0,0.6235,3.22,1.4,3.6821428571428574,5.2644
1147051000,서울특별시 양천구 목1동,26.666666666666668,0.0,2.0,48198.0,42870.00673852803,4667.830233133188,0.1089,0.0,0.6145,3.1,1.3532467532467534,3.21,6.2204
1147052000,서울특별시 양천구 목2동,24.0,0.0,0.0,14858.333333333334,22972.4306863992,3477.3610748362444,0.1514,0.0,0.6145,3.1,1.990277777777778,4.1352112676056345,10.4473
1147053000,서울특별시 양천구 목3동,23.0,0.0,0.0,22562.666666666668,18188.28850635917,2937.7081833151383,0.1615,0.0,0.6145,3.1,2.302941176470588,4.431400966183575,12.6455
1147054000,서울특별시 양천구 목4동,21.333333333333332,0.0,0.0,31370.0,17780.84169724345,2379.833521006186,0.1338,0.0,0.6145,3.1,1.909375,4.20390625,11.9979
1147056000,서울특별시 양천구 신월1동,26.0,0.0,0.3333333333333333,50905.666666666664,14810.767849972708,3063.435864774381,0.2068,0.0,0.6145,3.1,1.6513157894736843,3.577136752136752,17.5548
1147057000,서울특별시 양천구 신월2동,21.333333333333332,0.3333333333333333,2.0,64736.333333333336,13309.033811672123,2355.973694969068,0.177,0.0,0.6145,3.1,1.707936507936508,3.908333333333333,16.0292
1147058000,서울특별시 양천구 신월3동,26.666666666666668,0.0,0.0,27955.333333333332,13177.970783378822,2365.499797370815,0.1795,0.0,0.6145,3.1,1.709090909090909,4.034583333333333,20.2358
1147059000,서울특별시 양천구 신월4동,18.333333333333332,0.0,0.3333333333333333,48433.666666666664,11476.665743440684,2006.3154535480348,0.1748,0.0,0.6145,3.1,1.6781818181818182,3.8254545454545457,15.9744
1147060000,서울특별시 양천구 신월5동,16.666666666666668,0.3333333333333333,1.6666666666666667,22428.0,10922.500595351165,1836.4822230713248,0.1681,0.0,0.6145,3.1,2.0877551020408163,4.290666666666667,15.259
1147061000,서울특별시 양천구 신월6동,10.333333333333334,0.3333333333333333,0.6666666666666666,35303.666666666664,4538.290980913392,789.6996803129549,0.174,0.0,0.6145,3.1,1.929032258064516,4.191935483870967,22.7692
1147061100,서울특별시 양천구 신월7동,26.333333333333332,0.3333333333333333,1.0,35457.333333333336,14984.316421697597,2981.497687099709,0.199,0.0,0.6145,3.1,1.7139240506329114,4.218987341772152,17.5739
1147062000,서울특별시 양천구 신정1동,20.666666666666668,0.0,0.6666666666666666,85316.33333333333,16895.198604539666,2313.6300114537844,0.1369,0.0,0.6145,3.1,1.3688524590163935,3.6314516129032257,12.2323
1147063000,서울특별시 양천구 신정2동,14.333333333333334,0.0,1.0,125952.66666666667,13757.287120342067,1911.7282372452687,0.139,0.0,0.6145,3.1,1.832558139534884,4.273809523809524,10.4187
1147064000,서울특별시 양천구 신정3동,35.666666666666664,0.3333333333333333,1.6666666666666667,57294.0,41062.23792291667,6694.070152119723,0.163,0.0,0.6145,3.1,1.56734693877551,4.05202492211838,8.686
1147067000,서울특별시 양천구 신정6동,9.333333333333334,0.0,0.0,46740.666666666664,19833.740795151018,2722.198239838064,0.1373,0.0,0.6145,3.1,2.142857142857143,4.198809523809524,4.7058
1147068000,서울특별시 양천구 신정7동,19.666666666666668,0.0,0.3333333333333333,43715.333333333336,21393.75752741085,3858.195044359534,0.1803,0.0,0.6145,3.1,1.9677966101694917,3.9045197740113,9.1927
1147055000,서울특별시 양천구 목5동,19.0,0.0,0.6666666666666666,47546.333333333336,38057.33165444869,4688.344440602256,0.1232,0.0,0.6145,3.1,1.3925925925925926,3.3883040935672515,4.9925
1147065000,서울특별시 양천구 신정4동,45.666666666666664,0.0,3.6666666666666665,73716.66666666667,32786.199703447965,5251.68051922307,0.1602,0.0,0.6145,3.1,1.8022727272727272,3.9138686131386864,13.9286
1150051000,서울특별시 강서구 염창동,35.666666666666664,0.0,1.0,127507.33333333333,30366.73511988719,3540.2093332332606,0.1166,1.0,0.4572,3.62,1.8786407766990287,3.5729559748427677,11.7453
1150052000,서울특별시 강서구 등촌1동,36.333333333333336,0.0,1.6666666666666667,66974.66666666667,22241.202547188863,2907.892090929767,0.1307,0.0,0.4572,3.62,0.9536082474226804,2.7253086419753085,16.336
1150053000,서울특별시 강서구 등촌2동,21.0,0.6666666666666666,0.6666666666666666,24865.0,15571.739886726711,2517.0915914028383,0.1616,0.0,0.4572,3.62,1.9555555555555555,4.255291005291005,13.486
1150053500,서울특별시 강서구 등촌3동,32.666666666666664,0.3333333333333333,1.0,55529.666666666664,39189.47567228894,7109.976235498544,0.1814,0.0,0.4572,3.62,1.76734693877551,3.498453608247423,8.3356
1150059000,서울특별시 강서구 화곡본동,49.0,0.0,1.6666666666666667,40026.666666666664,28065.713025063684,4580.633921097162,0.1632,0.0,0.4572,3.62,1.0954887218045113,2.8017123287671235,17.459
1150055000,서울특별시 강서구 화곡2동,14.333333333333334,0.0,0.3333333333333333,42111.0,12594.50873065866,2200.2186385280206,0.1747,0.0,0.4572,3.62,2.378571428571429,4.925581395348837,11.3806
1150056000,서울특별시 강서구 화곡3동,19.666666666666668,0.0,0.0,16911.666666666668,18668.34516044396,3444.1522289756185,0.1845,0.0,0.4572,3.62,1.7338983050847456,3.781638418079096,10.5348
1150057000,서울특별시 강서구 화곡4동,24.0,1.0,1.6666666666666667,18237.666666666668,17574.439415120087,3227.551850700509,0.1837,0.0,0.4572,3.62,3.020833333333333,6.193518518518519,13.6562
1150059100,서울특별시 강서구 화곡6동,36.0,0.3333333333333333,1.0,21764.333333333332,20497.32443356077,3116.766786035298,0.1521,0.0,0.4572,3.62,1.7592592592592593,3.6580246913580248,17.5633
1150059300,서울특별시 강서구 화곡8동,30.666666666666668,0.3333333333333333,0.6666666666666666,22495.666666666668,30529.98873958333,4776.631026855896,0.1565,0.0,0.4572,3.62,1.7439560439560438,4.382971014492754,10.0448
1150060300,서울특별시 강서구 가양1동,57.0,0.3333333333333333,5.333333333333333,138451.33333333334,48742.907279594256,4516.266270023653,0.0927,0.0,0.4572,3.62,2.7040935672514617,4.1533138401559455,11.694
1150060400,서울특별시 강서구 가양2동,18.0,0.0,0.6666666666666666,53970.666666666664,15128.464224390464,3912.914746897744,0.2586,0.0,0.4572,3.62,2.375925925925926,3.2203703703703703,11.8981
1150060500,서울특별시 강서구 가양3동,12.0,0.3333333333333333,1.3333333333333333,10577.666666666666,11164.589147965717,2227.809496431397,0.1995,0.0,0.4572,3.62,1.0742857142857145,2.524537037037037,10.7483
1150061100,서울특별시 강서구 발산1동,35.0,0.0,0.6666666666666666,87827.0,34822.930178729985,4333.052801200874,0.1244,0.0,0.4572,3.62,1.5892156862745097,3.808899676375405,10.0508
1150062000,서울특별시 강서구 공항동,36.333333333333336,0.0,3.6666666666666665,82139.33333333333,33902.75301526565,4165.384161954148,0.1229,1.0,0.4572,3.62,3.28411214953271,5.557339449541284,10.7169
1150063000,서울특별시 강서구 방화1동,38.333333333333336,0.0,1.0,47817.0,33242.86333125,5063.309422625546,0.1523,0.0,0.4572,3.62,1.7333333333333334,4.004970760233918,11.5313
1150064000,서울특별시 강서구 방화2동,42.0,0.3333333333333333,1.3333333333333333,129220.0,26655.536378811863,4629.3179735716885,0.1737,0.0,0.4572,3.62,2.007317073170732,3.936772486772487,15.7566
1150064100,서울특별시 강서구 방화3동,20.0,0.3333333333333333,2.6666666666666665,24538.666666666668,16596.665958888283,3394.367075236536,0.2045,0.0,0.4572,3.62,1.7482758620689656,3.916944444444445,12.0506
1150054000,서울특별시 강서구 화곡1동,66.33333333333333,0.3333333333333333,3.3333333333333335,117823.0,46851.944928038574,7859.593817003275,0.1678,0.0,0.4572,3.62,1.894472361809045,4.154017094017094,14.1581
1150061500,서울특별시 강서구 우장산동,26.333333333333332,0.0,1.0,19687.0,33328.73688546215,4779.283317503639,0.1434,0.0,0.4572,3.62,1.4506849315068493,3.304430379746836,7.9011
1153051000,서울특별시 구로구 신도림동,34.0,0.3333333333333333,0.0,101057.66666666667,33254.114388591704,4192.71071444687,0.1261,0.0,0.5993,3.43,1.0638297872340423,3.001960784313725,10.2243
1153052000,서울특별시 구로구 구로1동,17.333333333333332,0.3333333333333333,0.0,25633.666666666668,16513.782375900653,2232.255315711426,0.1352,0.0,0.5993,3.43,2.1538461538461537,4.494551282051282,10.4963
1153054000,서울특별시 구로구 구로3동,55.0,0.0,2.3333333333333335,126091.33333333333,40532.88013390648,3626.2873328056767,0.0895,0.0,0.5993,3.43,1.1244897959183675,3.5508130081300817,13.5692
1153055000,서울특별시 구로구 구로4동,38.666666666666664,0.0,1.0,104501.0,18325.849555049128,3416.487735271106,0.1864,0.0,0.5993,3.43,1.3379310344827586,3.869252873563218,21.0995
1153056000,서울특별시 구로구 구로5동,36.666666666666664,0.0,0.3333333333333333,27958.333333333332,32968.492714101165,4577.988151200873,0.1389,0.0,0.5993,3.43,1.5827272727272728,3.8868181818181817,11.1217
1153072000,서울특별시 구로구 고척1동,30.666666666666668,0.3333333333333333,1.3333333333333333,77384.0,22783.32093191412,3632.6275245087336,0.1594,0.0,0.5993,3.43,1.294186046511628,2.9007246376811597,13.4601
1153073000,서울특별시 구로구 고척2동,22.666666666666668,0.0,0.3333333333333333,45838.0,16032.628506741266,2931.8390653748183,0.1829,0.0,0.5993,3.43,1.0435483870967743,3.0767156862745098,14.1378
1153075000,서울특별시 구로구 개봉2동,17.333333333333332,0.0,0.0,38140.666666666664,23533.94490225619,4578.831354221252,0.1946,0.0,0.5993,3.43,2.253846153846154,4.406209150326798,7.3652
1153076000,서울특별시 구로구 개봉3동,24.666666666666668,0.3333333333333333,0.6666666666666666,70089.0,15898.875291402836,3174.210986017103,0.1997,0.0,0.5993,3.43,2.589189189189189,4.483108108108108,15.5147
1153077000,서울특별시 구로구 오류1동,23.666666666666668,0.0,0.0,80572.66666666667,16257.277668868268,2700.26644382278,0.1661,0.0,0.5993,3.43,1.8366197183098592,4.214084507042253,14.5576
1153080000,서울특별시 구로구 항동,6.666666666666667,0.0,0.3333333333333333,22766.666666666668,,,,0.0,0.5993,3.43,2.87,5.525833333333333,
1153079000,서울특별시 구로구 수궁동,27.333333333333332,0.0,0.0,22397.666666666668,22631.43286820415,3763.184099317685,0.1663,0.0,0.5993,3.43,1.3094594594594595,3.2853658536585364,12.0776
1153059500,서울특별시 구로구 가리봉동,26.333333333333332,0.6666666666666666,0.6666666666666666,19928.666666666668,10887.980900272927,1346.7333129912663,0.1237,0.0,0.5993,3.43,1.5746835443037976,4.0270042194092825,24.1857
1153053000,서울특별시 구로구 구로2동,68.33333333333333,0.0,4.333333333333333,211769.66666666666,33585.084387145194,5633.946887372635,0.1678,0.0,0.5993,3.43,1.1659574468085103,3.261138211382113,20.3463
1153074000,서울특별시 구로구 개봉1동,29.0,0.3333333333333333,0.6666666666666666,147782.66666666666,30284.285036371908,5825.7158697234345,0.1924,0.0,0.5993,3.43,1.388372093023256,3.6371647509578544,9.5759
1154551000,서울특별시 금천구 가산동,85.66666666666667,0.0,3.6666666666666665,401115.3333333333,59631.84010732351,3999.683328548035,0.0671,7.0,0.6476,3.1,2.377647058823529,4.800972762645914,14.3659
1154561000,서울특별시 금천구 독산1동,65.66666666666667,0.3333333333333333,3.3333333333333335,229982.66666666666,36832.598681568415,4724.969075272926,0.1283,0.0,0.6476,3.1,1.5244791666666666,3.587478849407784,17.8284
1154562000,서울특별시 금천구 독산2동,27.0,0.3333333333333333,1.0,40915.0,13870.039688064046,2467.2318329694326,0.1779,0.0,0.6476,3.1,1.09125,3.5261316872427986,19.4664
1154563000,서울특별시 금천구 독산3동,41.666666666666664,0.3333333333333333,0.3333333333333333,90427.66666666667,19958.48331496543,3317.74247584607,0.1662,0.0,0.6476,3.1,1.6432,3.95,20.8767
1154564000,서울특별시 금천구 독산4동,21.333333333333332,0.0,1.3333333333333333,20439.666666666668,11733.975483997452,1985.3849527747448,0.1692,0.0,0.6476,3.1,1.1346153846153846,3.0921875,18.1808
1154567000,서울특별시 금천구 시흥1동,53.666666666666664,1.0,3.6666666666666665,291954.3333333333,27669.93434606987,4624.217237127002,0.1671,0.0,0.6476,3.1,1.352258064516129,3.722083333333333,19.3953
1154568000,서울특별시 금천구 시흥2동,11.666666666666666,0.3333333333333333,0.6666666666666666,24672.0,15046.64887930313,2756.5012764465064,0.1832,0.0,0.6476,3.1,2.3857142857142857,5.457142857142857,7.7537
1154569000,서울특별시 금천구 시흥3동,17.0,0.0,1.0,203930.33333333334,10021.295290947965,1725.4523329785295,0.1722,0.0,0.6476,3.1,2.23921568627451,4.923856209150327,16.9639
1154570000,서울특별시 금천구 시흥4동,20.0,0.3333333333333333,2.3333333333333335,51083.333333333336,11341.830258360627,2289.861952965793,0.2019,0.0,0.6476,3.1,1.975,4.722777777777778,17.6338
1154571000,서울특별시 금천구 시흥5동,22.0,0.0,1.0,47365.333333333336,11641.797945360262,2426.687538746361,0.2084,0.0,0.6476,3.1,1.5030303030303032,4.407828282828283,18.8974
1156054000,서울특별시 영등포구 여의동,64.0,1.0,4.666666666666667,255026.33333333334,93270.06469324054,9036.388916512007,0.0969,0.0,0.554,3.37,1.5789473684210529,3.501041666666667,6.8618
1156055000,서울특별시 영등포구 당산1동,31.666666666666668,0.3333333333333333,2.0,44995.0,24251.10245242904,3271.46560272016,0.1349,0.0,0.554,3.37,1.7673684210526317,3.494736842105264,13.0578
1156056000,서울특별시 영등포구 당산2동,33.666666666666664,0.0,3.0,127352.33333333333,36911.76791366448,4274.1826815411205,0.1158,0.0,0.554,3.37,1.225,3.3348184818481847,9.1208
1156061000,서울특별시 영등포구 양평1동,29.0,0.3333333333333333,1.6666666666666667,107635.66666666667,19079.381020978894,2306.872264865357,0.1209,0.0,0.554,3.37,2.291954022988506,4.09515503875969,15.1997
1156062000,서울특별시 영등포구 양평2동,42.333333333333336,0.0,2.6666666666666665,97886.66666666667,27863.03904405932,2743.1205906113537,0.0985,0.0,0.554,3.37,1.4447154471544714,3.747883597883598,15.1934
1156063000,서울특별시 영등포구 신길1동,26.0,0.0,0.6666666666666666,42981.0,18149.07932561863,3091.6258873271468,0.1703,0.0,0.554,3.37,1.0708333333333333,3.3211538461538463,14.3258
1156065000,서울특별시 영등포구 신길3동,16.0,0.3333333333333333,0.6666666666666666,35331.666666666664,13156.240946870452,2292.544791011645,0.1743,0.0,0.554,3.37,2.120833333333333,3.873263888888889,12.1615
1156066000,서울특별시 영등포구 신길4동,9.666666666666666,0.0,1.0,8767.666666666666,7753.095597780204,1454.797708224163,0.1876,0.0,0.554,3.37,1.5655172413793104,4.102873563218391,12.4681
1156067000,서울특별시 영등포구 신길5동,16.333333333333332,0.0,1.0,42118.333333333336,9563.664175836971,1640.6313714792575,0.1715,0.0,0.554,3.37,1.1545454545454543,2.5846938775510204,17.0785
1156068000,서울특별시 영등포구 신길6동,18.666666666666668,0.3333333333333333,2.6666666666666665,48276.666666666664,20313.144230422124,2933.6535816957785,0.1444,0.0,0.554,3.37,1.4214285714285713,3.218154761904762,9.1895
1156069000,서울특별시 영등포구 신길7동,11.333333333333334,0.0,0.3333333333333333,13409.0,16334.187482305311,2270.2097667849343,0.139,0.0,0.554,3.37,1.224242424242424,3.458333333333333,6.9384
1156070000,서울특별시 영등포구 대림1동,21.0,0.0,1.3333333333333333,38791.333333333336,15762.187729839883,2937.4721191229983,0.1864,0.0,0.554,3.37,1.2666666666666666,3.3343915343915342,13.323
1156071000,서울특별시 영등포구 대림2동,35.0,0.0,1.6666666666666667,45514.0,18554.97286062591,3012.793836672125,0.1624,0.0,0.554,3.37,1.6123809523809525,3.5082539682539684,18.8629
1156072000,서울특별시 영등포구 대림3동,41.666666666666664,0.3333333333333333,2.3333333333333335,150615.66666666666,24247.34974670669,3949.610358870088,0.1629,0.0,0.554,3.37,1.370731707317073,3.5249333333333333,17.184
1156051500,서울특별시 영등포구 영등포본동,28.0,1.0,1.0,39764.333333333336,18768.4528966976,2917.14806790393,0.1554,0.0,0.554,3.37,1.4904761904761905,3.893253968253968,14.9187
1156053500,서울특별시 영등포구 영등포동,78.33333333333333,1.0,15.333333333333334,1166355.0,51348.78656822234,5810.593926610262,0.1132,0.0,0.554,3.37,1.2394736842105265,3.366808510638298,15.2551
1156058500,서울특별시 영등포구 도림동,24.0,0.3333333333333333,6.333333333333333,172981.33333333334,14553.181141848618,2437.512299490538,0.1675,0.0,0.554,3.37,2.1194444444444445,4.090277777777778,16.4912
1156060500,서울특별시 영등포구 문래동,47.666666666666664,0.3333333333333333,2.0,491215.6666666667,39329.84525012736,5265.164814665211,0.1339,0.0,0.554,3.37,1.6635714285714287,3.612121212121212,12.1197
1159052000,서울특별시 동작구 노량진2동,22.0,0.3333333333333333,1.6666666666666667,37073.333333333336,17415.078061299126,2758.814510980713,0.1584,0.0,0.5743,2.8,1.553846153846154,3.8484848484848486,12.6327
1159053000,서울특별시 동작구 상도1동,41.0,1.0,1.0,37275.333333333336,44183.68962699236,6750.38880021834,0.1528,1.0,0.5743,2.8,1.7059322033898303,3.927777777777778,9.2794
1159054000,서울특별시 동작구 상도2동,20.333333333333332,0.0,0.3333333333333333,27919.0,21163.37919292213,3336.151658733625,0.1576,0.0,0.5743,2.8,1.8229508196721311,4.850273224043716,9.6078
1159055000,서울특별시 동작구 상도3동,26.666666666666668,0.6666666666666666,1.0,43455.333333333336,17468.826805558587,3073.22790356623,0.1759,0.0,0.5743,2.8,1.0904761904761906,3.566025641025641,15.2653
1159056000,서울특별시 동작구 상도4동,29.0,0.3333333333333333,2.3333333333333335,39092.0,21982.10437570961,3746.1581743722704,0.1704,0.0,0.5743,2.8,1.622093023255814,4.696743295019157,13.1925
1159062000,서울특별시 동작구 사당1동,35.0,0.0,3.0,62346.333333333336,24198.17524979076,3605.1541042394474,0.149,0.0,0.5743,2.8,2.507619047619048,4.757852564102564,14.4639
1159064000,서울특별시 동작구 사당3동,12.666666666666666,0.0,0.0,9945.333333333334,19250.112833478892,3636.1954359352258,0.1889,0.0,0.5743,2.8,2.2657894736842104,4.275438596491228,6.58
1159065000,서울특별시 동작구 사당4동,11.666666666666666,0.0,0.3333333333333333,26047.0,13370.790363700871,2343.225974244905,0.1752,0.0,0.5743,2.8,2.085714285714286,4.041904761904762,8.7255
1159065100,서울특별시 동작구 사당5동,11.333333333333334,0.0,0.3333333333333333,8341.333333333334,10963.656239501455,1799.9684904475982,0.1642,0.0,0.5743,2.8,1.478125,3.420588235294117,10.3372
1159066000,서울특별시 동작구 대방동,36.333333333333336,0.0,3.3333333333333335,95384.33333333333,40182.49084142104,5923.690210471252,0.1474,0.0,0.5743,2.8,1.9384615384615385,3.842048929663608,9.0421
1159067000,서울특별시 동작구 신대방1동,28.666666666666668,0.3333333333333333,3.3333333333333335,19229.333333333332,18946.606059406844,2962.591142157933,0.1564,0.0,0.5743,2.8,1.76046511627907,4.27422480620155,15.1302
1159068000,서울특별시 동작구 신대방2동,22.666666666666668,0.6666666666666666,1.3333333333333333,51812.666666666664,24106.56096040757,3752.6463051310047,0.1557,0.0,0.5743,2.8,1.3692307692307693,3.4509803921568625,9.4027
1159060500,서울특별시 동작구 흑석동,34.0,0.3333333333333333,3.0,56519.0,33071.73378086791,4560.818757296215,0.1379,0.0,0.5743,2.8,2.626470588235294,4.974257425742574,10.2807
1159051000,서울특별시 동작구 노량진1동,47.333333333333336,0.6666666666666666,2.3333333333333335,49279.666666666664,35370.00496595706,4549.3291629912665,0.1286,0.0,0.5743,2.8,1.3558823529411763,3.6119718309859152,13.3823
1159063000,서울특별시 동작구 사당2동,39.666666666666664,0.3333333333333333,2.0,64005.666666666664,31975.63239058406,5763.3944871542935,0.1802,0.0,0.5743,2.8,3.481512605042017,5.298039215686274,12.4053
1162052500,서울특별시 관악구 보라매동,26.333333333333332,0.3333333333333333,2.3333333333333335,80194.0,17629.598517085153,2769.600128893741,0.1571,0.0,0.5979,3.15,1.5430379746835443,3.572995780590717,14.937
1162054500,서울특별시 관악구 청림동,8.666666666666666,0.0,1.0,17221.666666666668,10975.948538891922,1932.366895205604,0.1761,0.0,0.5979,3.15,2.207692307692308,4.379487179487179,7.8961
1162057500,서울특별시 관악구 행운동,40.0,0.0,1.6666666666666667,95507.33333333333,23301.193497298034,3308.356880522198,0.142,0.0,0.5979,3.15,2.595833333333333,4.197916666666667,17.1665
1162058500,서울특별시 관악구 낙성대동,37.0,0.0,2.3333333333333335,97722.33333333333,23846.39826717613,2227.451328202329,0.0934,0.0,0.5979,3.15,1.6504587155963304,3.557878787878788,15.516
1162061500,서울특별시 관악구 중앙동,25.333333333333332,0.3333333333333333,0.3333333333333333,15734.333333333334,15435.624998926492,2185.2285665756917,0.1416,0.0,0.5979,3.15,1.561842105263158,3.7844298245614034,16.4122
1162062500,서울특별시 관악구 인헌동,26.333333333333332,0.0,1.0,82364.33333333333,24060.166476746723,3356.890719687045,0.1395,0.0,0.5979,3.15,2.662025316455696,5.035021097046413,10.9448
1162063000,서울특별시 관악구 남현동,30.666666666666668,0.3333333333333333,1.3333333333333333,66117.33333333333,23502.143721333698,3655.353671806769,0.1555,0.0,0.5979,3.15,3.4554347826086955,5.265398550724638,13.0485
1162064500,서울특별시 관악구 서원동,47.666666666666664,0.3333333333333333,3.0,110649.0,21962.26465947962,2838.9414381368265,0.1293,0.0,0.5979,3.15,1.8944055944055944,4.36537558685446,21.7039
1162065500,서울특별시 관악구 신원동,22.666666666666668,0.6666666666666666,1.6666666666666667,56123.0,16479.486770931428,2430.6020041809065,0.1475,0.0,0.5979,3.15,1.9955882352941172,4.231862745098039,13.7545
1162066500,서울특별시 관악구 서림동,29.333333333333332,0.3333333333333333,2.0,125245.0,17286.036222825693,2380.164777001456,0.1377,0.0,0.5979,3.15,2.5318181818181817,4.385823754789272,16.9694
1162068500,서울특별시 관악구 신사동,34.666666666666664,0.6666666666666666,0.6666666666666666,28303.666666666668,20395.733948107714,3042.2805653748183,0.1492,15.0,0.5979,3.15,1.575728155339806,3.8165064102564106,16.997
1162069500,서울특별시 관악구 신림동,56.0,0.0,4.333333333333333,93671.0,28049.543419659756,2870.7564094068416,0.1023,9.0,0.5979,3.15,1.2333333333333334,3.205456349206349,19.9647
1162071500,서울특별시 관악구 난향동,9.666666666666666,0.3333333333333333,0.0,16114.0,10284.57194959971,1757.3841886553855,0.1709,0.0,0.5979,3.15,2.179310344827586,4.939080459770114,9.3992
1162072500,서울특별시 관악구 조원동,36.333333333333336,0.0,2.6666666666666665,40460.333333333336,27869.51732996725,3294.026232432678,0.1182,0.0,0.5979,3.15,2.012844036697248,3.735932721712538,13.0369
1162073500,서울특별시 관악구 대학동,46.0,0.6666666666666666,1.6666666666666667,97222.33333333333,33142.9762985262,3279.3544463791845,0.0989,0.0,0.5979,3.15,2.7507246376811594,4.923550724637681,13.8793
1162060500,서울특별시 관악구 은천동,36.0,0.0,2.0,47519.0,27867.89031624818,4614.3973875,0.1656,0.0,0.5979,3.15,1.2222222222222223,2.990432098765432,12.9181
1162056500,서울특별시 관악구 성현동,22.333333333333332,0.0,0.6666666666666666,31426.0,22517.847515784208,3937.564237445415,0.1749,0.0,0.5979,3.15,1.5059701492537314,3.654726368159204,9.9181
1162059500,서울특별시 관악구 청룡동,40.666666666666664,0.0,1.3333333333333333,69650.33333333333,38630.95023064956,4904.462437445415,0.127,0.0,0.5979,3.15,1.4677685950413222,3.324453551912568,10.527
1162077500,서울특별시 관악구 난곡동,22.0,0.3333333333333333,4.333333333333333,32956.0,17118.1405580877,3185.801689537845,0.1861,0.0,0.5979,3.15,1.3753846153846154,3.6255050505050495,12.8519
1162074500,서울특별시 관악구 삼성동,24.333333333333332,0.0,1.0,76019.0,19728.925018040394,4392.057891339156,0.2226,9.0,0.5979,3.15,3.510958904109589,5.581018518518518,12.3338
1162076500,서울특별시 관악구 미성동,28.666666666666668,0.3333333333333333,0.3333333333333333,74690.66666666667,20691.3613338246,3498.4839667394467,0.1691,0.0,0.5979,3.15,1.3283783783783782,2.9315891472868216,13.8544
1165051000,서울특별시 서초구 서초1동,32.0,0.0,1.3333333333333333,89182.66666666667,31679.67913289665,4202.66294922671,0.1327,0.0,0.4541,5.94,1.9864583333333328,3.756597222222222,10.1011
1165052000,서울특별시 서초구 서초2동,34.0,0.0,1.6666666666666667,118263.66666666667,45367.83642166121,4393.038067585517,0.0968,0.0,0.4541,5.94,1.5724489795918366,3.352450980392157,7.4943
1165053000,서울특별시 서초구 서초3동,62.666666666666664,0.0,1.6666666666666667,77788.0,63930.75533474345,7184.4748995815135,0.1124,0.0,0.4541,5.94,2.099465240641712,4.217996453900709,9.8023
1165053100,서울특별시 서초구 서초4동,36.666666666666664,0.0,7.0,174028.0,41268.4055885917,4263.1593687318045,0.1033,0.0,0.4541,5.94,2.220754716981132,4.141818181818182,8.8849
1165054000,서울특별시 서초구 잠원동,32.666666666666664,0.0,2.6666666666666665,94026.66666666667,32349.752668513465,3661.4454791211792,0.1132,0.0,0.4541,5.94,3.1316326530612244,5.251530612244898,10.098
1165055000,서울특별시 서초구 반포본동,10.0,0.0,2.0,35400.0,4660.658328156841,687.2405418486171,0.1475,0.0,0.4541,5.94,1.95,3.8458333333333337,21.4562
1165056000,서울특별시 서초구 반포1동,34.333333333333336,0.3333333333333333,1.6666666666666667,48118.0,32378.783705140104,3247.5183505276564,0.1003,0.0,0.4541,5.94,2.431372549019608,4.953398058252427,10.6037
1165057000,서울특별시 서초구 반포2동,8.666666666666666,0.0,0.6666666666666666,36211.0,17626.17588595342,2143.113136062591,0.1216,0.0,0.4541,5.94,3.3125,4.064666666666667,4.9169
1165058000,서울특별시 서초구 반포3동,18.333333333333332,0.0,0.0,27858.0,24626.15734282205,3431.203368868268,0.1393,0.0,0.4541,5.94,2.7370370370370374,4.87939393939394,7.4447
1165058100,서울특별시 서초구 반포4동,29.666666666666668,0.0,1.0,34255.333333333336,43214.64422140648,5860.455373671761,0.1356,0.0,0.4541,5.94,1.611904761904762,3.3722846441947563,6.865
1165059000,서울특별시 서초구 방배본동,22.666666666666668,0.3333333333333333,3.6666666666666665,78288.0,18043.304618377,2800.9729806313685,0.1552,0.0,0.4541,5.94,1.8196969696969696,3.444362745098039,12.5624
1165060000,서울특별시 서초구 방배1동,24.666666666666668,0.3333333333333333,1.0,26493.0,20088.88629003821,2940.202514683406,0.1464,0.0,0.4541,5.94,2.247297297297297,4.236486486486487,12.2788
1165061000,서울특별시 서초구 방배2동,26.333333333333332,0.3333333333333333,2.0,49671.0,20857.15121563944,3409.4775113374944,0.1635,0.0,0.4541,5.94,1.979746835443038,4.158974358974358,12.6256
1165062000,서울특별시 서초구 방배3동,20.666666666666668,0.0,2.6666666666666665,73720.0,18605.790418322416,3120.372244405022,0.1677,0.0,0.4541,5.94,1.781967213114754,3.9661290322580647,11.1077
1165062100,서울특별시 서초구 방배4동,24.0,0.0,1.0,103282.0,26533.261214374088,4018.5142460243815,0.1515,0.0,0.4541,5.94,2.323611111111111,4.116425120772948,9.0453
1165065100,서울특별시 서초구 양재1동,45.0,0.0,2.6666666666666665,70319.66666666667,53479.37225641375,6937.866401328239,0.1297,0.0,0.4541,5.94,3.0007407407407407,5.29358024691358,8.4145
1165065200,서울특별시 서초구 양재2동,52.666666666666664,0.0,2.6666666666666665,191995.0,37949.57669062045,4196.839685516739,0.1106,0.0,0.4541,5.94,1.7630872483221476,3.5880801687763717,13.8781
1165066000,서울특별시 서초구 내곡동,23.0,0.0,1.6666666666666667,130833.33333333333,24939.321029758008,3579.338193249636,0.1435,0.0,0.4541,5.94,4.044927536231884,6.170772946859904,9.2224
1168051000,서울특별시 강남구 신사동,64.66666666666667,0.0,1.6666666666666667,189333.66666666666,35963.997325373,3985.0438125,0.1108,15.0,0.5206,4.83,1.9938144329896907,4.492141623488774,17.9809
1168052100,서울특별시 강남구 논현1동,100.33333333333333,0.0,3.0,345229.3333333333,42868.56836743086,3944.9923473071326,0.092,0.0,0.5206,4.83,2.3880398671096343,4.915171650055371,23.4049
1168053100,서울특별시 강남구 논현2동,71.33333333333333,0.0,0.6666666666666666,190804.0,44651.9663463155,4241.784720023654,0.095,0.0,0.5206,4.83,1.4793103448275862,3.53716744913928,15.9754
1168058000,서울특별시 강남구 삼성1동,45.333333333333336,0.0,4.666666666666667,164937.0,39421.93147239811,3195.859209106623,0.0811,0.0,0.5206,4.83,1.3992248062015504,3.332716049382716,11.4995
1168059000,서울특별시 강남구 삼성2동,57.0,0.3333333333333333,4.0,294636.6666666667,40386.30151106259,3980.726807687409,0.0986,0.0,0.5206,4.83,2.117647058823529,4.214814814814815,14.1137
1168060000,서울특별시 강남구 대치1동,17.333333333333332,0.0,0.6666666666666666,40768.333333333336,28996.301204175765,2811.886928129549,0.097,0.0,0.5206,4.83,2.4745098039215687,4.721794871794872,5.9778
1168063000,서울특별시 강남구 대치4동,53.333333333333336,0.0,1.0,142497.66666666666,39609.06265113719,2945.3882008278747,0.0744,0.0,0.5206,4.83,1.731875,3.684375,13.4649
1168064000,서울특별시 강남구 역삼1동,156.0,0.0,7.0,565234.3333333334,104733.01428008552,7347.337727820233,0.0702,0.0,0.5206,4.83,1.6740343347639486,3.9146723646723647,14.895
1168065000,서울특별시 강남구 역삼2동,48.333333333333336,0.0,2.3333333333333335,142449.0,53853.47190156477,4608.123061490175,0.0856,0.0,0.5206,4.83,1.188095238095238,2.888735632183908,8.975
1168065500,서울특별시 강남구 도곡1동,19.0,0.0,0.6666666666666666,57268.0,35286.71084738901,4922.0320650564045,0.1395,0.0,0.5206,4.83,1.9649122807017545,3.971637426900585,5.3845
1168065600,서울특별시 강남구 도곡2동,20.0,0.0,0.0,115573.33333333333,29735.736960098253,4007.652062963974,0.1348,0.0,0.5206,4.83,2.025,4.488888888888889,6.7259
1168066000,서울특별시 강남구 개포1동,10.333333333333334,0.0,1.3333333333333333,488314.6666666667,8906.178183888282,1522.9245543031295,0.171,0.0,0.5206,4.83,1.8833333333333333,4.501075268817204,11.6024
1168069000,서울특별시 강남구 개포4동,26.333333333333332,0.3333333333333333,0.6666666666666666,82812.66666666667,16234.874714656113,2275.561648389738,0.1402,0.0,0.5206,4.83,1.0142857142857142,2.643670886075949,16.2202
1168072000,서울특별시 강남구 일원본동,12.333333333333334,0.0,0.3333333333333333,27319.0,24718.475383660847,4385.009926992359,0.1774,0.0,0.5206,4.83,1.4485714285714286,3.581531531531532,4.9895
1168073000,서울특별시 강남구 일원1동,20.666666666666668,0.0,1.3333333333333333,65374.333333333336,15524.29730672307,3009.168430594978,0.1938,0.0,0.5206,4.83,2.438709677419354,4.684677419354839,13.3125
1168067500,서울특별시 강남구 개포3동,9.333333333333334,0.0,0.6666666666666666,22769.333333333332,,,,0.0,0.5206,4.83,2.75,4.724404761904762,
1168075000,서울특별시 강남구 수서동,15.0,0.0,1.0,29533.333333333332,23146.060091621177,4938.008321988718,0.2133,0.0,0.5206,4.83,1.5466666666666666,3.817777777777778,6.4806
1168070000,서울특별시 강남구 세곡동,36.0,0.0,2.3333333333333335,254755.0,45815.69502325328,6610.751747161572,0.1443,0.0,0.5206,4.83,2.176190476190476,3.712808641975309,7.8576
1168054500,서울특별시 강남구 압구정동,67.33333333333333,0.0,2.0,222499.33333333334,42275.0262341794,5223.195712609171,0.1236,0.0,0.5206,4.83,1.51005291005291,3.3246699669967,15.9274
1168056500,서울특별시 강남구 청담동,70.0,0.0,1.6666666666666667,323581.6666666667,42014.29996853165,4671.048713655386,0.1112,4.0,0.5206,4.83,1.920873786407767,3.706825396825397,16.661
1168061000,서울특별시 강남구 대치2동,42.0,0.3333333333333333,0.6666666666666666,203497.66666666666,49537.61308098617,5214.054374808952,0.1053,0.0,0.5206,4.83,1.7338709677419355,3.4293333333333336,8.4784
1168067000,서울특별시 강남구 개포2동,16.0,0.0,0.0,39786.0,28987.261837991267,4659.319259843523,0.1607,0.0,0.5206,4.83,2.720833333333333,5.014236111111111,5.5197
1171051000,서울특별시 송파구 풍납1동,13.0,0.6666666666666666,0.6666666666666666,22118.666666666668,14998.438631668483,2841.857576683042,0.1895,0.0,0.4684,6.28,2.948717948717949,3.81965811965812,8.6676
1171052000,서울특별시 송파구 풍납2동,24.666666666666668,0.0,1.3333333333333333,37517.333333333336,35933.32599102984,5835.024000836973,0.1624,0.0,0.4684,6.28,2.4162162162162164,3.8979729729729726,6.8646
1171053100,서울특별시 송파구 거여1동,15.0,0.0,0.6666666666666666,17414.666666666668,12114.592558988355,2151.7112989537845,0.1776,0.0,0.4684,6.28,1.4590909090909092,2.7196296296296296,12.3818
1171053200,서울특별시 송파구 거여2동,18.0,0.0,0.0,22142.666666666668,17209.451604321326,3204.635264101164,0.1862,0.0,0.4684,6.28,1.1452830188679246,3.049074074074074,10.4594
1171054000,서울특별시 송파구 마천1동,24.333333333333332,0.0,0.3333333333333333,36607.333333333336,12224.412068058587,2412.639628047671,0.1974,0.0,0.4684,6.28,0.9846153846153848,2.7614155251141552,19.9055
1171055000,서울특별시 송파구 마천2동,29.666666666666668,0.0,0.3333333333333333,77577.0,14703.954537236172,3105.927327783843,0.2112,0.0,0.4684,6.28,1.2449438202247192,3.10936329588015,20.176
1171056100,서울특별시 송파구 방이1동,17.333333333333332,0.0,0.6666666666666666,17401.0,17557.038882268924,2556.761485098253,0.1456,0.0,0.4684,6.28,2.332692307692308,4.221474358974358,9.8726
1171056200,서울특별시 송파구 방이2동,54.333333333333336,0.0,4.0,297598.3333333333,36209.294554676126,4194.429472962154,0.1158,0.0,0.4684,6.28,2.9411042944785275,4.616053169734151,15.0054
1171056600,서울특별시 송파구 오륜동,21.0,0.3333333333333333,1.6666666666666667,89827.33333333333,19022.090966375545,3426.6442549399567,0.1801,0.0,0.4684,6.28,1.716129032258065,3.421957671957672,11.0398
1171057000,서울특별시 송파구 오금동,46.0,0.3333333333333333,3.3333333333333335,122990.33333333333,36943.8370367631,6088.1748097343525,0.1648,0.0,0.4684,6.28,1.4886363636363635,3.090096618357488,12.4513
1171058000,서울특별시 송파구 송파1동,37.0,0.0,1.3333333333333333,45240.333333333336,29267.059570205605,3808.206876482896,0.1301,0.0,0.4684,6.28,2.3181818181818183,4.168168168168168,12.6422
1171059000,서울특별시 송파구 송파2동,15.333333333333334,0.0,0.3333333333333333,10155.333333333334,17957.4426165393,2740.1686041848616,0.1526,0.0,0.4684,6.28,1.876086956521739,4.030072463768116,8.5387
1171060000,서울특별시 송파구 석촌동,47.333333333333336,0.0,1.6666666666666667,168076.0,28762.25038405204,3808.960765010917,0.1324,0.0,0.4684,6.28,1.833098591549296,3.5950704225352115,16.4568
1171061000,서울특별시 송파구 삼전동,44.0,0.0,3.0,74236.0,29541.930494095708,3822.625104548763,0.1294,2.0,0.4684,6.28,1.465079365079365,3.2460858585858587,14.8941
1171062000,서울특별시 송파구 가락본동,45.333333333333336,0.3333333333333333,1.0,151037.66666666666,37120.45797489992,4958.93770062773,0.1336,0.0,0.4684,6.28,1.7272058823529413,3.846691176470588,12.2125
1171063100,서울특별시 송파구 가락1동,23.0,0.0,0.3333333333333333,25887.666666666668,29674.105563800946,4531.973043950145,0.1527,0.0,0.4684,6.28,1.280952380952381,3.703864734299517,7.7509
1171063200,서울특별시 송파구 가락2동,31.0,0.6666666666666666,0.6666666666666666,116230.66666666667,26614.01008169578,4338.798345851528,0.163,0.0,0.4684,6.28,1.832258064516129,3.769175627240144,11.648
1171064100,서울특별시 송파구 문정1동,21.0,0.0,1.3333333333333333,17938.333333333332,20638.69756047125,2923.03367224345,0.1416,0.0,0.4684,6.28,2.4603174603174605,4.205291005291006,10.1751
1171064200,서울특별시 송파구 문정2동,45.0,0.0,1.6666666666666667,99023.66666666667,42160.59860149199,4299.129005203785,0.102,0.0,0.4684,6.28,2.3029629629629627,4.68604938271605,10.6735
1171065000,서울특별시 송파구 잠실본동,59.0,0.0,2.0,138440.66666666666,35451.96605090065,4580.464244204876,0.1292,0.0,0.4684,6.28,1.952542372881356,3.7739047619047614,16.6422
1171069000,서울특별시 송파구 잠실4동,6.0,0.0,0.0,15076.666666666666,20181.715677256187,2806.9397476528384,0.1391,0.0,0.4684,6.28,2.911111111111111,4.712745098039215,2.973
1171071000,서울특별시 송파구 잠실6동,18.666666666666668,0.3333333333333333,0.0,41707.333333333336,40721.40901150837,4849.648031149927,0.1191,0.0,0.4684,6.28,2.344642857142857,4.672619047619048,4.584
1171072000,서울특별시 송파구 잠실7동,4.333333333333333,0.0,0.3333333333333333,3900.6666666666665,9979.880373471617,2082.644250627729,0.2087,0.0,0.4684,6.28,1.7692307692307692,3.647435897435898,4.3421
1171067000,서울특별시 송파구 잠실2동,16.666666666666668,0.3333333333333333,1.6666666666666667,48758.0,31394.14752054221,3552.259849918122,0.1132,0.0,0.4684,6.28,1.86530612244898,4.185666666666666,5.3088
1171068000,서울특별시 송파구 잠실3동,18.0,0.0,0.0,25354.666666666668,45423.212906231805,6017.779650554949,0.1325,0.0,0.4684,6.28,1.7907407407407407,3.892901234567901,3.9627
1171064600,서울특별시 송파구 장지동,29.333333333333332,0.6666666666666666,1.6666666666666667,97895.0,32972.39020745997,4732.093190611354,0.1435,0.0,0.4684,6.28,2.7125,4.600378787878788,8.8963
1171064700,서울특별시 송파구 위례동,16.333333333333332,0.0,0.0,46095.0,42972.95809767104,3875.5431315047294,0.0902,0.0,0.4684,6.28,3.1816326530612247,4.858503401360544,3.8008
1174052600,서울특별시 강동구 상일제2동,10.0,0.0,0.0,31530.0,,,,0.0,0.5642,4.1,2.67,5.172777777777778,
1174052500,서울특별시 강동구 상일제1동,23.333333333333332,0.3333333333333333,0.6666666666666666,64422.666666666664,,,,0.0,0.5642,4.1,2.5628571428571427,4.993333333333333,
1174053000,서울특별시 강동구 명일1동,25.0,0.0,1.0,37455.666666666664,26564.59564433224,4893.907665247452,0.1842,0.0,0.5642,4.1,1.7486486486486488,3.589555555555555,9.411
1174054000,서울특별시 강동구 명일2동,14.0,0.0,0.0,32839.666666666664,16201.897632741991,2668.825027847525,0.1647,0.0,0.5642,4.1,1.4095238095238096,3.332936507936508,8.641
1174055000,서울특별시 강동구 고덕1동,18.333333333333332,1.0,0.6666666666666666,53342.666666666664,24840.775157851163,3083.377391375546,0.1241,0.0,0.5642,4.1,1.8285714285714283,3.520909090909091,7.3803
1174056000,서울특별시 강동구 고덕2동,15.0,0.3333333333333333,0.0,73225.66666666667,20918.10757072179,3317.387952729257,0.1586,0.0,0.5642,4.1,2.6955555555555555,4.378030303030303,7.1708
1174058000,서울특별시 강동구 암사2동,14.0,0.3333333333333333,0.0,63263.0,14650.6028488901,2300.5798509825327,0.157,0.0,0.5642,4.1,1.4105263157894736,2.7718253968253967,9.5559
1174059000,서울특별시 강동구 암사3동,15.666666666666666,0.0,3.6666666666666665,137085.33333333334,14552.535687236172,2108.305629093886,0.1449,0.0,0.5642,4.1,1.6444444444444444,3.818794326241135,10.7656
1174060000,서울특별시 강동구 천호1동,33.333333333333336,0.0,2.6666666666666665,58301.0,31473.582160362083,5748.372139992722,0.1826,0.0,0.5642,4.1,1.658,3.901666666666667,10.5909
1174062000,서울특별시 강동구 천호3동,38.666666666666664,0.0,3.6666666666666665,68117.0,27338.72691854076,4675.765876519286,0.171,0.0,0.5642,4.1,1.1280898876404497,2.465086206896552,14.1436
1174064000,서울특별시 강동구 성내1동,28.333333333333332,0.0,2.0,40949.333333333336,24035.003233942865,3983.451243349709,0.1657,0.0,0.5642,4.1,0.943939393939394,2.5827450980392155,11.7884
1174065000,서울특별시 강동구 성내2동,38.0,0.0,1.6666666666666667,43247.333333333336,24390.48805433042,4287.980993813682,0.1758,0.0,0.5642,4.1,1.3543859649122807,3.216812865497076,15.5798
1174066000,서울특별시 강동구 성내3동,31.666666666666668,0.0,1.0,40572.333333333336,26909.40712116085,4434.6919130276565,0.1648,0.0,0.5642,4.1,1.4610526315789474,3.0840350877192986,11.7679
1174069000,서울특별시 강동구 둔촌1동,3.5,0.0,0.0,869.0,4976.974860635008,854.8863443777293,0.1718,0.0,0.5642,4.1,2.5142857142857147,3.933333333333333,7.0324
1174070000,서울특별시 강동구 둔촌2동,32.0,0.3333333333333333,4.333333333333333,83700.33333333333,27149.04412963064,5328.052656177219,0.1963,0.0,0.5642,4.1,2.142708333333333,4.144618055555555,11.7868
1174057000,서울특별시 강동구 암사1동,42.666666666666664,0.0,0.3333333333333333,37883.666666666664,26698.52102357525,4692.694975739273,0.1758,0.0,0.5642,4.1,1.3858333333333337,3.7855643044619423,15.9809
1174061000,서울특별시 강동구 천호2동,62.333333333333336,1.0,5.0,105781.33333333333,44256.8557529476,7585.224603548035,0.1714,0.0,0.5642,4.1,1.4679347826086957,3.2172014260249555,14.0844
1174068500,서울특별시 강동구 길동,59.333333333333336,0.0,3.0,69221.33333333333,55432.44200322052,10487.472963082242,0.1892,2.0,0.5642,4.1,1.2290909090909092,2.895973782771536,10.7037
1153078000,서울특별시 구로구 오류2동,32.0,0.0,1.0,237706.66666666666,50778.61916205422,7854.807056177219,0.1547,0.0,0.5993,3.43,1.8333333333333333,4.233506944444445,6.3019
1174051500,서울특별시 강동구 강일동,24.0,0.3333333333333333,2.0,169184.33333333334,50166.89970117359,7754.642119022926,0.1546,0.0,0.5642,4.1,3.067142857142857,5.699999999999999,4.784
