adm_cd,adm_nm,sigungu_nm,fire_rate_per_10k,pred_fire_rate,risk_score,risk_grade,ratio_65plus,old_bldg_ratio,avg_floors,multi_use_cnt,multi_use_per_pop,avg_living_pop,avg_65plus_pop,fire_count,fire_injury,fire_damage
1117065000,서울특별시 용산구 이태원1동,용산구,35.7981,24.8323,10.0,매우높음,0.1205,0.7379,2.75,0.0,0.0,11360.02216768559,1368.5052855895196,40.66666666666666,0.3333333333333333,35700.0
1117070000,서울특별시 용산구 보광동,용산구,31.7082,23.0998,9.19,매우높음,0.1492,0.7379,2.75,0.0,0.0,10512.523640029112,1568.5558826965066,33.333333333333336,1.0,31025.666666666668
1132070000,서울특별시 도봉구 방학2동,도봉구,31.8339,22.5218,8.93,매우높음,0.249,0.65,4.79,0.0,0.0,11518.123357505458,2868.03656330968,36.66666666666666,0.6666666666666666,67470.0
1111067000,서울특별시 종로구 창신1동,종로구,34.1009,22.0887,8.72,매우높음,0.1965,0.3906,2.58,0.0,0.0,8308.679958988356,1632.5578742449054,28.33333333333333,0.0,67962.33333333333
1114065000,서울특별시 중구 신당5동,중구,25.1347,21.1344,8.28,매우높음,0.1599,0.5778,3.2,0.0,0.0,8620.230053511645,1378.2933479803492,21.666666666666668,0.3333333333333333,105378.33333333331
1132052100,서울특별시 도봉구 도봉1동,도봉구,25.262,19.9335,7.72,매우높음,0.2753,0.65,4.79,0.0,0.0,18209.179920796945,5013.498656240903,46.0,1.6666666666666667,119041.33333333331
1117066000,서울특별시 용산구 이태원2동,용산구,17.9875,19.902,7.71,매우높음,0.1345,0.7379,2.75,0.0,0.0,11118.824287327148,1495.8366618176856,20.0,1.0,39372.66666666666
1114060500,서울특별시 중구 을지로동,중구,24.2346,19.7728,7.65,매우높음,0.1393,0.5778,3.2,0.0,0.0,17605.66403422489,2452.615085325692,42.66666666666666,2.6666666666666665,705782.0
1114067000,서울특별시 중구 황학동,중구,24.8931,19.588,7.56,매우높음,0.1548,0.5778,3.2,0.0,0.0,13256.68761775837,2052.3095493358805,33.0,2.333333333333333,98994.33333333331
1111063000,서울특별시 종로구 종로5·6가동,종로구,22.5122,19.32,7.44,매우높음,0.178,0.3906,2.58,0.0,0.0,16731.66463918304,2978.6459043577147,37.66666666666666,3.0,170108.0
1111061500,서울특별시 종로구 종로1·2·3·4가동,종로구,22.8016,19.2775,7.42,매우높음,0.129,0.3906,2.58,0.0,0.0,60814.318296752186,7845.950606049855,138.66666666666666,8.333333333333334,356239.6666666667
1111071000,서울특별시 종로구 숭인2동,종로구,20.5896,19.2776,7.42,매우높음,0.1776,0.3906,2.58,0.0,0.0,12303.921020160116,2185.225551901383,25.33333333333333,1.0,193806.3333333333
1114057000,서울특별시 중구 필동,중구,23.3136,19.2284,7.39,매우높음,0.109,0.5778,3.2,0.0,0.0,12153.139233851893,1324.2605741903203,28.33333333333333,0.0,56456.66666666666
1117052000,서울특별시 용산구 용산2가동,용산구,16.9218,19.1314,7.35,매우높음,0.1503,0.7379,2.75,0.0,0.0,12016.042008906476,1805.433999863537,20.33333333333333,0.3333333333333333,45965.66666666666
1141069000,서울특별시 서대문구 남가좌1동,서대문구,20.6688,19.1454,7.35,매우높음,0.1412,0.6647,2.75,0.0,0.0,8708.78155525837,1229.976655867904,18.0,0.6666666666666666,26857.33333333333
1153059500,서울특별시 구로구 가리봉동,구로구,24.1857,18.9045,7.24,매우높음,0.1237,0.5993,3.43,0.0,0.0,10887.980900272927,1346.7333129912663,26.33333333333333,0.6666666666666666,19928.666666666668
1117053000,서울특별시 용산구 남영동,용산구,23.3122,18.7736,7.18,매우높음,0.1291,0.7379,2.75,0.0,0.0,16443.4758525746,2122.1943377820235,38.333333333333336,2.333333333333333,43470.66666666666
1117068500,서울특별시 용산구 한남동,용산구,21.9075,18.7789,7.18,매우높음,0.1192,0.7379,2.75,3.0,0.9617928969460983,31191.74626393741,3716.950056632096,68.33333333333333,0.6666666666666666,122710.66666666669
1111056000,서울특별시 종로구 평창동,종로구,20.2602,18.7188,7.16,매우높음,0.2062,0.3906,2.58,0.0,0.0,17933.322739377254,3698.616681719907,36.333333333333336,1.6666666666666667,121648.66666666669
1117051000,서울특별시 용산구 후암동,용산구,20.7112,18.6581,7.13,매우높음,0.1631,0.7379,2.75,1.0,0.7670805191256447,13036.441091475615,2125.787067248908,27.0,1.0,44780.66666666666
1120067000,서울특별시 성동구 성수2가1동,성동구,22.7292,18.6247,7.11,매우높음,0.1249,0.75,3.32,0.0,0.0,19358.39417939411,2418.577985007278,44.0,1.3333333333333333,247976.3333333333
1147061000,서울특별시 양천구 신월6동,양천구,22.7692,18.4801,7.05,매우높음,0.174,0.6145,3.1,0.0,0.0,4538.290980913392,789.6996803129549,10.333333333333334,0.6666666666666666,35303.666666666664
1114061500,서울특별시 중구 신당동,중구,18.5477,18.042,6.84,매우높음,0.1294,0.5778,3.2,1.0,0.4523826591832426,22105.17975656841,2860.1417191229984,41.0,2.6666666666666665,24059269.0
1141058500,서울특별시 서대문구 신촌동,서대문구,20.2777,18.0187,6.83,매우높음,0.0812,0.6647,2.75,1.0,0.1789208103658165,55890.64782097889,4537.029667367176,113.33333333333331,3.333333333333333,286425.0
1141068500,서울특별시 서대문구 홍은2동,서대문구,22.4594,18.0053,6.82,매우높음,0.1804,0.6647,2.75,0.0,0.0,23004.485255758733,4150.866896488355,51.66666666666666,1.3333333333333333,146432.33333333334
1154571000,서울특별시 금천구 시흥5동,금천구,18.8974,17.9207,6.79,매우높음,0.2084,0.6476,3.1,0.0,0.0,11641.797945360262,2426.687538746361,22.0,1.0,47365.333333333336
1120054000,서울특별시 성동구 마장동,성동구,20.4567,17.8698,6.76,매우높음,0.165,0.75,3.32,0.0,0.0,21345.928078247816,3522.4917827419945,43.66666666666666,2.6666666666666665,439711.0
1114059000,서울특별시 중구 광희동,중구,21.27,17.767,6.71,매우높음,0.1145,0.5778,3.2,0.0,0.0,23507.3273727984,2692.121048817321,50.0,10.666666666666666,473591.6666666667
1168052100,서울특별시 강남구 논현1동,강남구,23.4049,17.5281,6.6,매우높음,0.092,0.5206,4.83,0.0,0.0,42868.56836743086,3944.9923473071326,100.33333333333331,3.0,345229.3333333333
1162064500,서울특별시 관악구 서원동,관악구,21.7039,17.4786,6.58,매우높음,0.1293,0.5979,3.15,0.0,0.0,21962.26465947962,2838.9414381368265,47.66666666666666,3.0,110649.0
1111054000,서울특별시 종로구 삼청동,종로구,17.7229,17.4828,6.58,매우높음,0.1412,0.3906,2.58,0.0,0.0,5642.42306522016,796.863309279476,10.0,0.6666666666666666,40586.333333333336
1141066000,서울특별시 서대문구 홍은1동,서대문구,21.7058,17.4519,6.57,매우높음,0.2022,0.6647,2.75,0.0,0.0,15356.879070223798,3104.9994259916307,33.333333333333336,0.0,47194.0
1126066000,서울특별시 중랑구 망우3동,중랑구,20.6208,17.455,6.57,매우높음,0.2104,0.5997,3.26,0.0,0.0,11800.39107544301,2483.275078672236,24.33333333333333,2.0,31968.666666666668
1141061500,서울특별시 서대문구 연희동,서대문구,20.3874,17.4461,6.56,매우높음,0.1329,0.6647,2.75,0.0,0.0,37604.97562077875,4998.703627401746,76.66666666666667,4.333333333333333,89505.0
1132051300,서울특별시 도봉구 창3동,도봉구,19.5158,17.4223,6.55,매우높음,0.2055,0.65,4.79,0.0,0.0,10418.915853684495,2141.164647971252,20.33333333333333,0.6666666666666666,23382.666666666668
1154567000,서울특별시 금천구 시흥1동,금천구,19.3953,17.388,6.54,매우높음,0.1671,0.6476,3.1,0.0,0.0,27669.93434606987,4624.217237127002,53.66666666666666,3.6666666666666665,291954.3333333333
1165055000,서울특별시 서초구 반포본동,서초구,21.4562,17.2211,6.46,매우높음,0.1475,0.4541,5.94,0.0,0.0,4660.658328156841,687.2405418486171,10.0,2.0,35400.0
1114062500,서울특별시 중구 다산동,중구,19.3714,17.1262,6.42,매우높음,0.1697,0.5778,3.2,0.0,0.0,14970.5169636008,2540.318138000364,29.0,1.6666666666666667,131052.0
1154570000,서울특별시 금천구 시흥4동,금천구,17.6338,17.0613,6.39,매우높음,0.2019,0.6476,3.1,0.0,0.0,11341.830258360627,2289.861952965793,20.0,2.333333333333333,51083.333333333336
1132066000,서울특별시 도봉구 쌍문1동,도봉구,19.8562,16.9817,6.35,매우높음,0.2054,0.65,4.79,0.0,0.0,16787.34311258188,3448.8998279748907,33.333333333333336,1.0,41463.0
1171054000,서울특별시 송파구 마천1동,송파구,19.9055,16.9758,6.35,매우높음,0.1974,0.4684,6.28,0.0,0.0,12224.412068058587,2412.639628047671,24.33333333333333,0.3333333333333333,36607.333333333336
1154569000,서울특별시 금천구 시흥3동,금천구,16.9639,16.847,6.29,매우높음,0.1722,0.6476,3.1,0.0,0.0,10021.295290947965,1725.4523329785295,17.0,1.0,203930.3333333333
1144066000,서울특별시 마포구 서교동,마포구,19.1083,16.7356,6.23,매우높음,0.0742,0.6235,3.22,7.0,0.969260656549894,72219.99523757277,5355.960651046215,138.0,2.333333333333333,295798.0
1154562000,서울특별시 금천구 독산2동,금천구,19.4664,16.6874,6.21,매우높음,0.1779,0.6476,3.1,0.0,0.0,13870.039688064046,2467.2318329694326,27.0,1.0,40915.0
1114058000,서울특별시 중구 장충동,중구,14.7987,16.6886,6.21,매우높음,0.1082,0.5778,3.2,0.0,0.0,11937.947420724164,1291.9016048398837,17.666666666666668,1.3333333333333333,249412.0
1132069000,서울특별시 도봉구 방학1동,도봉구,21.4719,16.6843,6.21,매우높음,0.201,0.65,4.79,0.0,0.0,23286.223624099348,4681.1953170123725,50.0,12.0,88245.33333333333
1171055000,서울특별시 송파구 마천2동,송파구,20.176,16.6764,6.21,매우높음,0.2112,0.4684,6.28,0.0,0.0,14703.954537236172,3105.927327783843,29.666666666666668,0.3333333333333333,77577.0
1162069500,서울특별시 관악구 신림동,관악구,19.9647,16.6379,6.19,매우높음,0.1023,0.5979,3.15,9.0,3.208608377451147,28049.54341965976,2870.7564094068416,56.0,4.333333333333333,93671.0
1111060000,서울특별시 종로구 가회동,종로구,17.2709,16.5976,6.17,매우높음,0.1313,0.3906,2.58,0.0,0.0,6755.103400309316,886.930191257278,11.666666666666666,0.0,9041.333333333334
1154563000,서울특별시 금천구 독산3동,금천구,20.8767,16.5585,6.15,매우높음,0.1662,0.6476,3.1,0.0,0.0,19958.48331496543,3317.74247584607,41.66666666666666,0.3333333333333333,90427.66666666669
1168056500,서울특별시 강남구 청담동,강남구,16.661,16.4447,6.1,매우높음,0.1112,0.5206,4.83,4.0,0.9520568004217529,42014.29996853165,4671.048713655386,70.0,1.6666666666666667,323581.6666666667
1114068000,서울특별시 중구 중림동,중구,18.329,16.4405,6.1,매우높음,0.1408,0.5778,3.2,0.0,0.0,8729.322891183312,1228.7490772075344,16.0,0.6666666666666666,16208.666666666666
1154561000,서울특별시 금천구 독산1동,금천구,17.8284,16.4183,6.09,매우높음,0.1283,0.6476,3.1,0.0,0.0,36832.598681568415,4724.969075272926,65.66666666666667,3.333333333333333,229982.66666666663
1162066500,서울특별시 관악구 서림동,관악구,16.9694,16.4025,6.08,매우높음,0.1377,0.5979,3.15,0.0,0.0,17286.036222825693,2380.164777001456,29.33333333333333,2.0,125245.0
1168051000,서울특별시 강남구 신사동,강남구,17.9809,16.3799,6.07,매우높음,0.1108,0.5206,4.83,15.0,4.170837814354227,35963.997325373,3985.0438125,64.66666666666667,1.6666666666666667,189333.66666666663
1153055000,서울특별시 구로구 구로4동,구로구,21.0995,16.3831,6.07,매우높음,0.1864,0.5993,3.43,0.0,0.0,18325.849555049128,3416.487735271106,38.66666666666666,1.0,104501.0
1120065000,서울특별시 성동구 성수1가1동,성동구,17.622,16.3848,6.07,매우높음,0.1143,0.75,3.32,0.0,0.0,18726.54938922853,2139.5499565684136,33.0,2.0,55263.0
1123054500,서울특별시 동대문구 제기동,동대문구,17.8337,16.328,6.04,매우높음,0.2119,0.6955,3.25,2.0,0.6221051939421829,32148.90374610625,6811.598322298035,57.333333333333336,4.666666666666667,1365856.0
1111057000,서울특별시 종로구 무악동,종로구,13.0353,16.2573,6.01,매우높음,0.1973,0.3906,2.58,0.0,0.0,6648.619520151019,1311.8331497361717,8.666666666666666,0.0,22513.666666666668
1120079000,서울특별시 성동구 용답동,성동구,19.95,16.1472,5.96,매우높음,0.1496,0.75,3.32,0.0,0.0,19715.98499276747,2950.0624583151384,39.333333333333336,3.0,83828.0
1147059000,서울특별시 양천구 신월4동,양천구,15.9744,16.1169,5.95,매우높음,0.1748,0.6145,3.1,0.0,0.0,11476.665743440684,2006.3154535480348,18.33333333333333,0.3333333333333333,48433.66666666666
1120066000,서울특별시 성동구 성수1가2동,성동구,17.2555,16.0751,5.93,매우높음,0.1049,0.75,3.32,0.0,0.0,20283.36201429221,2127.2578874545125,35.0,1.0,46410.66666666666
1111070000,서울특별시 종로구 숭인1동,종로구,13.3859,16.0846,5.93,매우높음,0.1889,0.3906,2.58,0.0,0.0,7470.542700827875,1411.0469195232895,10.0,0.6666666666666666,55034.333333333336
1117055500,서울특별시 용산구 청파동,용산구,16.7248,16.0323,5.91,매우높음,0.1268,0.7379,2.75,0.0,0.0,22521.44583766376,2856.8123933406114,37.66666666666666,0.6666666666666666,50530.0
1147056000,서울특별시 양천구 신월1동,양천구,17.5548,16.0255,5.9,매우높음,0.2068,0.6145,3.1,0.0,0.0,14810.767849972708,3063.435864774381,26.0,0.3333333333333333,50905.66666666666
1141064000,서울특별시 서대문구 홍제3동,서대문구,15.8959,15.988,5.89,매우높음,0.218,0.6647,2.75,0.0,0.0,15098.187601746726,3291.643812827511,24.0,1.0,74646.33333333333
1111068000,서울특별시 종로구 창신2동,종로구,16.6762,15.9167,5.85,매우높음,0.2064,0.3906,2.58,0.0,0.0,9194.736002965794,1897.975434989083,15.333333333333334,0.6666666666666666,15516.666666666666
1111069000,서울특별시 종로구 창신3동,종로구,19.107,15.9055,5.85,매우높음,0.1704,0.3906,2.58,0.0,0.0,4884.762183615357,832.4218563591703,9.333333333333334,0.3333333333333333,12905.666666666666
1153053000,서울특별시 구로구 구로2동,구로구,20.3463,15.9067,5.85,매우높음,0.1678,0.5993,3.43,0.0,0.0,33585.084387145194,5633.946887372635,68.33333333333333,4.333333333333333,211769.66666666663
1114054000,서울특별시 중구 회현동,중구,15.4014,15.8831,5.84,매우높음,0.131,0.5778,3.2,0.0,0.0,25755.292134088428,3373.1595001455603,39.66666666666666,2.333333333333333,531674.0
1141052000,서울특별시 서대문구 천연동,서대문구,16.0221,15.7876,5.79,매우높음,0.1756,0.6647,2.75,0.0,0.0,16227.594305467614,2849.9868003184138,26.0,0.6666666666666666,50254.0
1120069000,서울특별시 성동구 성수2가3동,성동구,16.305,15.7361,5.77,매우높음,0.0909,0.75,3.32,0.0,0.0,33936.46627424491,3085.3858889828966,55.333333333333336,1.0,285754.6666666667
1114064500,서울특별시 중구 청구동,중구,13.2086,15.667,5.74,매우높음,0.1801,0.5778,3.2,0.0,0.0,11356.272358333334,2045.3704629093888,15.0,4.666666666666667,192567.66666666663
1156067000,서울특별시 영등포구 신길5동,영등포구,17.0785,15.6463,5.73,매우높음,0.1715,0.554,3.37,0.0,0.0,9563.664175836971,1640.6313714792575,16.333333333333332,1.0,42118.333333333336
1144071000,서울특별시 마포구 연남동,마포구,17.7291,15.6325,5.72,매우높음,0.11,0.6235,3.22,2.0,1.1080706651247978,18049.390376874093,1986.2632542121544,32.0,1.6666666666666667,40076.333333333336
1154551000,서울특별시 금천구 가산동,금천구,14.3659,15.5468,5.68,매우높음,0.0671,0.6476,3.1,7.0,1.1738695279906874,59631.84010732351,3999.683328548035,85.66666666666667,3.6666666666666665,401115.3333333333
1120055000,서울특별시 성동구 사근동,성동구,16.7833,15.4264,5.63,매우높음,0.0941,0.75,3.32,0.0,0.0,23833.17365098925,2242.8618224337065,40.0,2.0,41194.333333333336
1147057000,서울특별시 양천구 신월2동,양천구,16.0292,15.4056,5.62,매우높음,0.177,0.6145,3.1,0.0,0.0,13309.033811672123,2355.973694969068,21.33333333333333,2.0,64736.333333333336
1147061100,서울특별시 양천구 신월7동,양천구,17.5739,15.3342,5.58,매우높음,0.199,0.6145,3.1,0.0,0.0,14984.316421697597,2981.497687099709,26.33333333333333,1.0,35457.333333333336
1156058500,서울특별시 영등포구 도림동,영등포구,16.4912,15.33,5.58,매우높음,0.1675,0.554,3.37,0.0,0.0,14553.181141848618,2437.512299490538,24.0,6.333333333333333,172981.33333333334
1154564000,서울특별시 금천구 독산4동,금천구,18.1808,15.3318,5.58,매우높음,0.1692,0.6476,3.1,0.0,0.0,11733.975483997452,1985.3849527747448,21.33333333333333,1.3333333333333333,20439.666666666668
1147058000,서울특별시 양천구 신월3동,양천구,20.2358,15.2998,5.57,매우높음,0.1795,0.6145,3.1,0.0,0.0,13177.970783378822,2365.499797370815,26.666666666666668,0.0,27955.33333333333
1114055000,서울특별시 중구 명동,중구,15.1319,15.3126,5.57,매우높음,0.0731,0.5778,3.2,0.0,0.0,35906.43353352438,2623.228180385735,54.333333333333336,4.0,966838.6666666666
1162058500,서울특별시 관악구 낙성대동,관악구,15.516,15.2126,5.53,매우높음,0.0934,0.5979,3.15,0.0,0.0,23846.39826717613,2227.451328202329,37.0,2.333333333333333,97722.33333333331
1156071000,서울특별시 영등포구 대림2동,영등포구,18.8629,15.191,5.52,매우높음,0.1624,0.554,3.37,0.0,0.0,18554.97286062591,3012.793836672125,35.0,1.6666666666666667,45514.0
1141070000,서울특별시 서대문구 남가좌2동,서대문구,15.409,15.1841,5.51,높음,0.1464,0.6647,2.75,0.0,0.0,19685.47773854621,2881.931675400291,30.33333333333333,1.0,36641.333333333336
1156061000,서울특별시 영등포구 양평1동,영등포구,15.1997,15.1615,5.5,높음,0.1209,0.554,3.37,0.0,0.0,19079.381020978894,2306.872264865357,29.0,1.6666666666666667,107635.66666666669
1156072000,서울특별시 영등포구 대림3동,영등포구,17.184,15.1181,5.48,높음,0.1629,0.554,3.37,0.0,0.0,24247.34974670669,3949.610358870088,41.66666666666666,2.333333333333333,150615.66666666666
1135066500,서울특별시 노원구 상계3·4동,노원구,16.1338,15.1085,5.48,높음,0.2389,0.646,3.44,0.0,0.0,20247.313470278383,4836.144977802038,32.666666666666664,2.0,90481.33333333331
1132052200,서울특별시 도봉구 도봉2동,도봉구,15.105,15.0959,5.47,높음,0.23,0.65,4.79,0.0,0.0,18978.20082731077,4364.810066712154,28.666666666666668,1.0,36806.333333333336
1162057500,서울특별시 관악구 행운동,관악구,17.1665,15.092,5.47,높음,0.142,0.5979,3.15,0.0,0.0,23301.193497298034,3308.356880522198,40.0,1.6666666666666667,95507.33333333331
1126061000,서울특별시 중랑구 중화2동,중랑구,17.8835,14.9801,5.42,높음,0.2028,0.5997,3.26,0.0,0.0,25722.05750623181,5217.39667231623,46.0,3.333333333333333,51555.66666666666
1123070500,서울특별시 동대문구 청량리동,동대문구,12.3762,14.9954,5.42,높음,0.2495,0.6955,3.25,1.0,0.5017387572707988,19930.690733151383,4973.398905485808,24.666666666666668,2.333333333333333,172951.33333333334
1147060000,서울특별시 양천구 신월5동,양천구,15.259,14.9756,5.42,높음,0.1681,0.6145,3.1,0.0,0.0,10922.500595351165,1836.4822230713248,16.666666666666668,1.6666666666666667,22428.0
1111055000,서울특별시 종로구 부암동,종로구,13.7898,14.8903,5.38,높음,0.179,0.3906,2.58,1.0,0.7132643780481499,14020.04685466703,2510.230755422125,19.33333333333333,0.0,41276.333333333336
1121571000,서울특별시 광진구 화양동,광진구,16.553,14.8683,5.37,높음,0.0779,0.6359,3.27,2.0,0.49908453142466475,40073.37182522744,3123.493144423217,66.33333333333333,1.0,116313.33333333331
1168064000,서울특별시 강남구 역삼1동,강남구,14.895,14.7073,5.29,높음,0.0702,0.5206,4.83,0.0,0.0,104733.01428008552,7347.337727820233,156.0,7.0,565234.3333333334
1132067000,서울특별시 도봉구 쌍문2동,도봉구,14.5572,14.6788,5.28,높음,0.1999,0.65,4.79,0.0,0.0,17173.629270796944,3433.7780517285296,25.0,1.6666666666666667,41270.66666666666
1129064000,서울특별시 성북구 정릉3동,성북구,15.5181,14.673,5.27,높음,0.1399,0.6333,2.79,0.0,0.0,15895.445164419578,2223.6844046852257,24.666666666666668,1.0,114208.33333333331
1162068500,서울특별시 관악구 신사동,관악구,16.997,14.5841,5.23,높음,0.1492,0.5979,3.15,15.0,7.354479146552937,20395.733948107714,3042.2805653748183,34.666666666666664,0.6666666666666666,28303.666666666668
1153076000,서울특별시 구로구 개봉3동,구로구,15.5147,14.5623,5.22,높음,0.1997,0.5993,3.43,0.0,0.0,15898.875291402836,3174.210986017103,24.666666666666668,0.6666666666666666,70089.0
1168054500,서울특별시 강남구 압구정동,강남구,15.9274,14.5599,5.22,높음,0.1236,0.5206,4.83,0.0,0.0,42275.0262341794,5223.195712609171,67.33333333333333,2.0,222499.3333333333
1123065000,서울특별시 동대문구 장안1동,동대문구,15.1861,14.5055,5.2,높음,0.1535,0.6955,3.25,0.0,0.0,34900.448211963245,5356.223806586609,53.0,3.6666666666666665,227646.0
1130553500,서울특별시 강북구 미아동,강북구,14.9871,14.4749,5.18,높음,0.2034,0.7607,2.91,2.0,0.8815970396743369,22686.1015860353,4615.114671397379,34.0,0.6666666666666666,27615.666666666668
1111065000,서울특별시 종로구 혜화동,종로구,14.7839,14.4244,5.16,높음,0.105,0.3906,2.58,1.0,0.3237350492624574,30889.457359597887,3244.1322330240178,45.66666666666666,2.333333333333333,58560.333333333336
1141065500,서울특별시 서대문구 홍제2동,서대문구,10.0087,14.4091,5.15,높음,0.1886,0.6647,2.75,0.0,0.0,9991.29853919214,1884.5818329694323,10.0,0.3333333333333333,39412.66666666666
1126059000,서울특별시 중랑구 상봉2동,중랑구,16.6596,14.3787,5.14,높음,0.1502,0.5997,3.26,0.0,0.0,25610.85729102984,3846.78138845524,42.66666666666666,2.333333333333333,52042.333333333336
1117058000,서울특별시 용산구 효창동,용산구,14.1105,14.3581,5.13,높음,0.1596,0.7379,2.75,0.0,0.0,9449.209983578969,1508.212887372635,13.333333333333334,0.3333333333333333,7225.0
1171060000,서울특별시 송파구 석촌동,송파구,16.4568,14.3585,5.13,높음,0.1324,0.4684,6.28,0.0,0.0,28762.25038405204,3808.960765010917,47.333333333333336,1.6666666666666667,168076.0
1111058000,서울특별시 종로구 교남동,종로구,11.2657,14.331,5.12,높음,0.1582,0.3906,2.58,1.0,1.3518804964487283,7397.103535607715,1170.1885276746723,8.333333333333334,0.3333333333333333,14197.0
1171056200,서울특별시 송파구 방이2동,송파구,15.0054,14.2951,5.1,높음,0.1158,0.4684,6.28,0.0,0.0,36209.294554676126,4194.429472962154,54.333333333333336,4.0,297598.3333333333
1141056500,서울특별시 서대문구 충현동,서대문구,11.0819,14.2788,5.09,높음,0.1231,0.6647,2.75,0.0,0.0,40306.01384503275,4961.969575727801,44.66666666666666,1.3333333333333333,2600092.333333333
1150060400,서울특별시 강서구 가양2동,강서구,11.8981,14.2287,5.07,높음,0.2586,0.4572,3.62,0.0,0.0,15128.464224390464,3912.914746897744,18.0,0.6666666666666666,53970.66666666666
1162052500,서울특별시 관악구 보라매동,관악구,14.937,14.2368,5.07,높음,0.1571,0.5979,3.15,0.0,0.0,17629.598517085153,2769.600128893741,26.33333333333333,2.333333333333333,80194.0
1156062000,서울특별시 영등포구 양평2동,영등포구,15.1934,14.2032,5.06,높음,0.0985,0.554,3.37,0.0,0.0,27863.03904405932,2743.1205906113537,42.333333333333336,2.6666666666666665,97886.66666666669
1126056500,서울특별시 중랑구 면목본동,중랑구,16.6082,14.1618,5.04,높음,0.1762,0.5997,3.26,0.0,0.0,26894.28781298217,4739.498548007641,44.66666666666666,2.333333333333333,64910.66666666666
1117056000,서울특별시 용산구 원효로1동,용산구,13.602,14.1757,5.04,높음,0.1028,0.7379,2.75,0.0,0.0,20585.214410935227,2115.7637070687774,28.0,1.3333333333333333,37975.66666666666
1126057500,서울특별시 중랑구 면목3·8동,중랑구,16.782,14.146,5.03,높음,0.1823,0.5997,3.26,0.0,0.0,20259.765043986536,3694.125077356259,34.0,2.0,26905.0
1111064000,서울특별시 종로구 이화동,종로구,11.964,14.1574,5.03,높음,0.1271,0.3906,2.58,0.0,0.0,23960.691169241265,3044.529362509097,28.666666666666668,1.3333333333333333,95484.66666666669
1150059000,서울특별시 강서구 화곡본동,강서구,17.459,14.1335,5.02,높음,0.1632,0.4572,3.62,0.0,0.0,28065.713025063684,4580.633921097162,49.0,1.6666666666666667,40026.66666666666
1135062400,서울특별시 노원구 중계4동,노원구,16.1379,14.1209,5.02,높음,0.2115,0.646,3.44,0.0,0.0,16317.68907308952,3451.4373796215427,26.33333333333333,1.0,26312.666666666668
1150059100,서울특별시 강서구 화곡6동,강서구,17.5633,14.0789,5.0,높음,0.1521,0.4572,3.62,0.0,0.0,20497.32443356077,3116.766786035298,36.0,1.0,21764.33333333333
1111053000,서울특별시 종로구 사직동,종로구,14.6294,14.0496,4.98,높음,0.1233,0.3906,2.58,0.0,0.0,24380.171084916303,3005.77456885917,35.666666666666664,1.3333333333333333,35672.666666666664
1150052000,서울특별시 강서구 등촌1동,강서구,16.336,14.0491,4.98,높음,0.1307,0.4572,3.62,0.0,0.0,22241.202547188863,2907.892090929767,36.333333333333336,1.6666666666666667,66974.66666666667
1138055100,서울특별시 은평구 갈현1동,은평구,13.2351,13.9763,4.95,높음,0.1829,0.5835,3.41,0.0,0.0,20400.30039787118,3730.3508898653567,27.0,1.6666666666666667,169239.66666666666
1168066000,서울특별시 강남구 개포1동,강남구,11.6024,13.9389,4.93,높음,0.171,0.5206,4.83,0.0,0.0,8906.178183888282,1522.9245543031295,10.333333333333334,1.3333333333333333,488314.6666666667
1162065500,서울특별시 관악구 신원동,관악구,13.7545,13.9232,4.93,높음,0.1475,0.5979,3.15,0.0,0.0,16479.486770931428,2430.6020041809065,22.666666666666668,1.6666666666666667,56123.0
1129078000,서울특별시 성북구 장위3동,성북구,13.1751,13.94,4.93,높음,0.1719,0.6333,2.79,0.0,0.0,7843.090877283478,1347.9563883096798,10.333333333333334,0.3333333333333333,26474.666666666668
1130555500,서울특별시 강북구 송천동,강북구,15.2659,13.9417,4.93,높음,0.2129,0.7607,2.91,0.0,0.0,26638.844303411573,5671.982101391922,40.66666666666666,1.0,43529.333333333336
1156051500,서울특별시 영등포구 영등포본동,영등포구,14.9187,13.8549,4.89,높음,0.1554,0.554,3.37,0.0,0.0,18768.4528966976,2917.14806790393,28.0,1.0,39764.333333333336
1162061500,서울특별시 관악구 중앙동,관악구,16.4122,13.8372,4.89,높음,0.1416,0.5979,3.15,0.0,0.0,15435.624998926492,2185.228566575692,25.33333333333333,0.3333333333333333,15734.333333333334
1144060000,서울특별시 마포구 대흥동,마포구,12.9903,13.8497,4.89,높음,0.1016,0.6235,3.22,1.0,0.4330088246075712,23094.21755795124,2345.4958602347165,30.0,2.0,204871.0
1171065000,서울특별시 송파구 잠실본동,송파구,16.6422,13.834,4.88,높음,0.1292,0.4684,6.28,0.0,0.0,35451.96605090065,4580.464244204876,59.0,2.0,138440.66666666666
1159055000,서울특별시 동작구 상도3동,동작구,15.2653,13.8268,4.88,높음,0.1759,0.5743,2.8,0.0,0.0,17468.826805558587,3073.22790356623,26.666666666666668,1.0,43455.333333333336
1117064000,서울특별시 용산구 이촌2동,용산구,10.943,13.8058,4.87,높음,0.1826,0.7379,2.75,0.0,0.0,7919.82139576965,1446.4608692776565,8.666666666666666,0.0,22262.33333333333
1168069000,서울특별시 강남구 개포4동,강남구,16.2202,13.7905,4.86,높음,0.1402,0.5206,4.83,0.0,0.0,16234.874714656113,2275.561648389738,26.33333333333333,0.6666666666666666,82812.66666666667
1162076500,서울특별시 관악구 미성동,관악구,13.8544,13.7883,4.86,높음,0.1691,0.5979,3.15,0.0,0.0,20691.3613338246,3498.4839667394467,28.666666666666668,0.3333333333333333,74690.66666666667
1171061000,서울특별시 송파구 삼전동,송파구,14.8941,13.7519,4.85,높음,0.1294,0.4684,6.28,2.0,0.6770038269502133,29541.930494095708,3822.625104548763,44.0,3.0,74236.0
1141072000,서울특별시 서대문구 북가좌2동,서대문구,13.2387,13.7288,4.84,높음,0.1753,0.6647,2.75,0.0,0.0,34243.129165547674,6004.13907580968,45.333333333333336,3.0,51974.333333333336
1144068000,서울특별시 마포구 합정동,마포구,16.3304,13.7221,4.83,높음,0.1093,0.6235,3.22,0.0,0.0,21840.68979393195,2386.775495924309,35.666666666666664,0.3333333333333333,73560.33333333333
1129077000,서울특별시 성북구 장위2동,성북구,12.2088,13.7266,4.83,높음,0.2156,0.6333,2.79,0.0,0.0,12013.191241675764,2589.971102783843,14.666666666666666,0.3333333333333333,26877.666666666668
1174065000,서울특별시 강동구 성내2동,강동구,15.5798,13.6848,4.82,높음,0.1758,0.5642,4.1,0.0,0.0,24390.48805433042,4287.980993813682,38.0,1.6666666666666667,43247.333333333336
1114063500,서울특별시 중구 약수동,중구,10.9596,13.6921,4.82,높음,0.2097,0.5778,3.2,0.0,0.0,14294.875971815864,2997.088321552038,15.666666666666666,0.3333333333333333,60757.66666666666
1168059000,서울특별시 강남구 삼성2동,강남구,14.1137,13.6761,4.81,높음,0.0986,0.5206,4.83,0.0,0.0,40386.30151106259,3980.726807687409,57.0,4.0,294636.6666666667
1117057000,서울특별시 용산구 원효로2동,용산구,12.153,13.628,4.79,높음,0.1659,0.7379,2.75,0.0,0.0,15633.997158342432,2593.2277789210334,19.0,1.0,37169.333333333336
1129057500,서울특별시 성북구 동선동,성북구,15.8253,13.6189,4.78,높음,0.1186,0.6333,2.79,0.0,0.0,24854.67147229804,2946.759608533479,39.333333333333336,2.6666666666666665,80864.33333333333
1126057000,서울특별시 중랑구 면목7동,중랑구,13.999,13.6036,4.78,높음,0.2009,0.5997,3.26,0.0,0.0,18334.636637918484,3684.2315432405385,25.666666666666668,3.0,56575.66666666666
1153073000,서울특별시 구로구 고척2동,구로구,14.1378,13.5885,4.77,높음,0.1829,0.5993,3.43,0.0,0.0,16032.628506741266,2931.8390653748183,22.666666666666668,0.3333333333333333,45838.0
1126063000,서울특별시 중랑구 묵2동,중랑구,11.9495,13.5777,4.77,높음,0.1793,0.5997,3.26,0.0,0.0,18689.70919220342,3351.4275933133185,22.33333333333333,1.6666666666666667,44050.333333333336
1141062000,서울특별시 서대문구 홍제1동,서대문구,10.6982,13.5813,4.77,높음,0.2,0.6647,2.75,0.0,0.0,23991.49598943777,4798.782081814046,25.666666666666668,2.0,128233.0
1117069000,서울특별시 용산구 서빙고동,용산구,12.3648,13.5746,4.76,높음,0.154,0.7379,2.75,0.0,0.0,15366.17493221434,2365.702700309316,19.0,0.3333333333333333,28287.33333333333
1162074500,서울특별시 관악구 삼성동,관악구,12.3338,13.5682,4.76,높음,0.2226,0.5979,3.15,9.0,4.561829897863304,19728.925018040394,4392.057891339156,24.33333333333333,1.0,76019.0
1150064000,서울특별시 강서구 방화2동,강서구,15.7566,13.5687,4.76,높음,0.1737,0.4572,3.62,0.0,0.0,26655.536378811863,4629.3179735716885,42.0,1.3333333333333333,129220.0
1147063000,서울특별시 양천구 신정2동,양천구,10.4187,13.5449,4.75,높음,0.139,0.6145,3.1,0.0,0.0,13757.287120342067,1911.7282372452687,14.333333333333334,1.0,125952.66666666669
1156053500,서울특별시 영등포구 영등포동,영등포구,15.2551,13.5225,4.74,높음,0.1132,0.554,3.37,0.0,0.0,51348.78656822234,5810.593926610262,78.33333333333333,15.333333333333334,1166355.0
1138063200,서울특별시 은평구 신사2동,은평구,13.7117,13.5085,4.73,높음,0.1875,0.5835,3.41,0.0,0.0,13127.520922216156,2461.9691683315136,18.0,1.3333333333333333,31209.33333333333
1117059000,서울특별시 용산구 용문동,용산구,13.4164,13.5087,4.73,높음,0.1722,0.7379,2.75,0.0,0.0,8695.826796761281,1497.297835180131,11.666666666666666,0.3333333333333333,4573.0
1117062500,서울특별시 용산구 한강로동,용산구,10.4873,13.4892,4.72,높음,0.0974,0.7379,2.75,0.0,0.0,49583.57488022198,4829.694196761281,52.0,0.3333333333333333,60484.0
1156065000,서울특별시 영등포구 신길3동,영등포구,12.1615,13.4658,4.71,높음,0.1743,0.554,3.37,0.0,0.0,13156.240946870452,2292.544791011645,16.0,0.6666666666666666,35331.666666666664
1121573000,서울특별시 광진구 군자동,광진구,13.7596,13.4599,4.71,높음,0.1101,0.6359,3.27,0.0,0.0,21318.41127562773,2346.5815465429405,29.33333333333333,2.0,51928.0
1130563500,서울특별시 강북구 수유3동,강북구,12.368500000000001,13.4616,4.71,높음,0.16005,0.7607,2.91,0.0,0.0,21332.169676937774,3326.947067289848,51.0,2.6666666666666665,82044.33333333333
1156070000,서울특별시 영등포구 대림1동,영등포구,13.323,13.428,4.7,높음,0.1864,0.554,3.37,0.0,0.0,15762.187729839883,2937.4721191229983,21.0,1.3333333333333333,38791.333333333336
1132051500,서울특별시 도봉구 창5동,도봉구,13.8049,13.4388,4.7,높음,0.1888,0.65,4.79,0.0,0.0,19799.71595458515,3738.9988501546577,27.33333333333333,1.6666666666666667,35095.333333333336
1120072000,서울특별시 성동구 송정동,성동구,12.042,13.4157,4.69,높음,0.1338,0.75,3.32,0.0,0.0,9965.082251009826,1333.1168366448326,12.0,0.0,18395.33333333333
1159067000,서울특별시 동작구 신대방1동,동작구,15.1302,13.3922,4.68,높음,0.1564,0.5743,2.8,0.0,0.0,18946.606059406844,2962.591142157933,28.666666666666668,3.333333333333333,19229.33333333333
1132068000,서울특별시 도봉구 쌍문3동,도봉구,15.9476,13.3967,4.68,높음,0.1976,0.65,4.79,0.0,0.0,16303.375669022926,3221.971277037846,26.0,0.6666666666666666,14310.666666666666
1162072500,서울특별시 관악구 조원동,관악구,13.0369,13.4005,4.68,높음,0.1182,0.5979,3.15,0.0,0.0,27869.51732996725,3294.026232432678,36.333333333333336,2.6666666666666665,40460.333333333336
1156063000,서울특별시 영등포구 신길1동,영등포구,14.3258,13.3649,4.67,높음,0.1703,0.554,3.37,0.0,0.0,18149.07932561863,3091.6258873271468,26.0,0.6666666666666666,42981.0
1121584700,서울특별시 광진구 자양4동,광진구,15.4499,13.3583,4.66,높음,0.1416,0.6359,3.27,0.0,0.0,26321.649089628823,3726.828150263828,40.66666666666666,1.3333333333333333,138971.66666666666
1138052000,서울특별시 은평구 불광1동,은평구,13.4054,13.3467,4.66,높음,0.2164,0.5835,3.41,0.0,0.0,28346.81518919214,6135.4077555131,38.0,4.333333333333333,89794.33333333333
1156055000,서울특별시 영등포구 당산1동,영등포구,13.0578,13.3356,4.65,보통,0.1349,0.554,3.37,0.0,0.0,24251.10245242904,3271.46560272016,31.666666666666668,2.0,44995.0
1130566000,서울특별시 강북구 인수동,강북구,13.8244,13.3133,4.64,보통,0.2204,0.7607,2.91,0.0,0.0,27487.59176390102,6058.986049781659,38.0,1.6666666666666667,54094.333333333336
1162060500,서울특별시 관악구 은천동,관악구,12.9181,13.2993,4.64,보통,0.1656,0.5979,3.15,0.0,0.0,27867.89031624818,4614.3973875,36.0,2.0,47519.0
1159062000,서울특별시 동작구 사당1동,동작구,14.4639,13.2592,4.62,보통,0.149,0.5743,2.8,0.0,0.0,24198.17524979076,3605.154104239448,35.0,3.0,62346.333333333336
1126052000,서울특별시 중랑구 면목2동,중랑구,14.7461,13.2685,4.62,보통,0.1803,0.5997,3.26,0.0,0.0,20570.34478422489,3708.180873735444,30.33333333333333,0.6666666666666666,59492.0
1162073500,서울특별시 관악구 대학동,관악구,13.8793,13.2502,4.61,보통,0.0989,0.5979,3.15,0.0,0.0,33142.9762985262,3279.3544463791845,46.0,1.6666666666666667,97222.33333333331
1159052000,서울특별시 동작구 노량진2동,동작구,12.6327,13.1969,4.59,보통,0.1584,0.5743,2.8,0.0,0.0,17415.078061299126,2758.814510980713,22.0,1.6666666666666667,37073.333333333336
1132071000,서울특별시 도봉구 방학3동,도봉구,10.0814,13.2091,4.59,보통,0.2209,0.65,4.79,0.0,0.0,20830.431556268195,4601.81629441412,21.0,1.6666666666666667,152742.66666666666
1130564500,서울특별시 강북구 우이동,강북구,13.4419,13.1808,4.58,보통,0.2222,0.7607,2.91,0.0,0.0,18846.512726200875,4188.258317767467,25.33333333333333,2.333333333333333,26113.33333333333
1150055000,서울특별시 강서구 화곡2동,강서구,11.3806,13.1738,4.58,보통,0.1747,0.4572,3.62,0.0,0.0,12594.50873065866,2200.2186385280206,14.333333333333334,0.3333333333333333,42111.0
1159056000,서울특별시 동작구 상도4동,동작구,13.1925,13.1774,4.58,보통,0.1704,0.5743,2.8,0.0,0.0,21982.10437570961,3746.1581743722704,29.0,2.333333333333333,39092.0
1162077500,서울특별시 관악구 난곡동,관악구,12.8519,13.1643,4.57,보통,0.1861,0.5979,3.15,0.0,0.0,17118.1405580877,3185.801689537845,22.0,4.333333333333333,32956.0
1114052000,서울특별시 중구 소공동,중구,10.7873,13.1649,4.57,보통,0.0709,0.5778,3.2,0.0,0.0,28119.38214141193,1994.9233746997816,30.33333333333333,3.0,143166.33333333334
1138064000,서울특별시 은평구 증산동,은평구,13.7732,13.1647,4.57,보통,0.1801,0.5835,3.41,0.0,0.0,14520.903209097523,2614.544590347525,20.0,0.6666666666666666,47496.0
1129060000,서울특별시 성북구 안암동,성북구,11.5893,13.126,4.56,보통,0.1081,0.6333,2.79,0.0,0.0,25598.23884001092,2766.106627674673,29.666666666666668,2.333333333333333,98945.0
1130553400,서울특별시 강북구 삼양동,강북구,12.2964,13.1137,4.55,보통,0.2155,0.7607,2.91,0.0,0.0,22770.97963127729,4908.052179921761,28.0,1.6666666666666667,40125.333333333336
1111051500,서울특별시 종로구 청운효자동,종로구,12.0773,13.113,4.55,보통,0.1462,0.3906,2.58,0.0,0.0,17111.950668905847,2502.4397591295647,20.666666666666668,2.333333333333333,26207.33333333333
1129081000,서울특별시 성북구 석관동,성북구,13.7056,13.0723,4.53,보통,0.1972,0.6333,2.79,0.0,0.0,26996.27309366812,5322.886767621906,37.0,1.6666666666666667,61830.66666666666
1121574000,서울특별시 광진구 중곡1동,광진구,12.1654,13.0572,4.52,보통,0.1439,0.6359,3.27,0.0,0.0,15344.050650327512,2207.2949459970887,18.666666666666668,0.6666666666666666,158908.0
1150057000,서울특별시 강서구 화곡4동,강서구,13.6562,13.0105,4.5,보통,0.1837,0.4572,3.62,0.0,0.0,17574.439415120087,3227.551850700509,24.0,1.6666666666666667,18237.666666666668
1144069000,서울특별시 마포구 망원1동,마포구,13.6214,13.0036,4.5,보통,0.1427,0.6235,3.22,0.0,0.0,19577.071356268192,2794.563554212154,26.666666666666668,2.333333333333333,52711.66666666666
1165065200,서울특별시 서초구 양재2동,서초구,13.8781,12.9802,4.49,보통,0.1106,0.4541,5.94,0.0,0.0,37949.57669062045,4196.839685516739,52.66666666666666,2.6666666666666665,191995.0
1129065000,서울특별시 성북구 정릉4동,성북구,11.8692,12.9803,4.49,보통,0.2013,0.6333,2.79,0.0,0.0,18254.475577438137,3675.4528335061855,21.666666666666668,4.333333333333333,77071.33333333333
1126058000,서울특별시 중랑구 상봉1동,중랑구,12.1501,12.9945,4.49,보통,0.1644,0.5997,3.26,0.0,0.0,17558.17922378093,2886.527750554949,21.33333333333333,3.333333333333333,63302.333333333336
1138065000,서울특별시 은평구 수색동,은평구,13.82,12.9469,4.47,보통,0.1513,0.5835,3.41,0.0,0.0,12301.046922671034,1861.372930558588,17.0,0.0,15090.333333333334
1126062000,서울특별시 중랑구 묵1동,중랑구,11.8033,12.9434,4.47,보통,0.1835,0.5997,3.26,0.0,0.0,25699.05648022197,4716.780066921397,30.33333333333333,1.6666666666666667,62452.333333333336
1168073000,서울특별시 강남구 일원1동,강남구,13.3125,12.9193,4.46,보통,0.1938,0.5206,4.83,0.0,0.0,15524.29730672307,3009.168430594978,20.666666666666668,1.3333333333333333,65374.333333333336
1153072000,서울특별시 구로구 고척1동,구로구,13.4601,12.9133,4.46,보통,0.1594,0.5993,3.43,0.0,0.0,22783.32093191412,3632.6275245087336,30.666666666666668,1.3333333333333333,77384.0
1174062000,서울특별시 강동구 천호3동,강동구,14.1436,12.8957,4.45,보통,0.171,0.5642,4.1,0.0,0.0,27338.72691854076,4675.765876519286,38.66666666666666,3.6666666666666665,68117.0
1123053600,서울특별시 동대문구 용신동,동대문구,11.8697,12.9013,4.45,보통,0.1775,0.6955,3.25,0.0,0.0,41281.53746358261,7328.853993104075,49.0,2.6666666666666665,202766.3333333333
1138055200,서울특별시 은평구 갈현2동,은평구,13.9409,12.9031,4.45,보통,0.169,0.5835,3.41,0.0,0.0,22475.76742471797,3799.270070332969,31.33333333333333,0.6666666666666666,46699.66666666666
1144058500,서울특별시 마포구 도화동,마포구,12.5172,12.8475,4.43,보통,0.1525,0.6235,3.22,1.0,0.6056715077346027,16510.600007259825,2517.494481195415,20.666666666666668,1.0,49123.333333333336
1121582000,서울특별시 광진구 자양1동,광진구,12.3298,12.8513,4.43,보통,0.1336,0.6359,3.27,0.0,0.0,24601.61977249818,3286.877600964338,30.33333333333333,1.6666666666666667,57032.66666666666
1138063100,서울특별시 은평구 신사1동,은평구,13.5156,12.8647,4.43,보통,0.1757,0.5835,3.41,0.0,0.0,23429.80194829876,4117.409183296943,31.666666666666668,1.0,37621.0
1132051200,서울특별시 도봉구 창2동,도봉구,12.2756,12.8436,4.42,보통,0.187,0.65,4.79,0.0,0.0,28783.500465602257,5382.667810462154,35.333333333333336,1.6666666666666667,94929.66666666669
1174059000,서울특별시 강동구 암사3동,강동구,10.7656,12.8275,4.42,보통,0.1449,0.5642,4.1,0.0,0.0,14552.535687236172,2108.305629093886,15.666666666666666,3.6666666666666665,137085.33333333334
1120058000,서울특별시 성동구 응봉동,성동구,10.2912,12.8353,4.42,보통,0.1628,0.75,3.32,0.0,0.0,10688.700817367177,1739.7344921579331,11.0,1.0,29025.666666666668
1121576000,서울특별시 광진구 중곡3동,광진구,13.2207,12.8394,4.42,보통,0.1726,0.6359,3.27,0.0,0.0,15127.837971497453,2611.2048172034206,20.0,1.0,52264.66666666666
1120061500,서울특별시 성동구 금호2·3가동,성동구,12.0167,12.8116,4.41,보통,0.1726,0.75,3.32,0.0,0.0,20526.929472834792,3542.441222898472,24.666666666666668,1.3333333333333333,74870.66666666667
1121577000,서울특별시 광진구 중곡4동,광진구,11.8845,12.815,4.41,보통,0.186,0.6359,3.27,0.0,0.0,24682.064336359643,4591.249837255949,29.33333333333333,2.0,91216.0
1144074000,서울특별시 마포구 상암동,마포구,9.0281,12.8032,4.41,보통,0.0994,0.6235,3.22,6.0,1.240503064393181,48367.47423058588,4808.836682596434,43.66666666666666,2.333333333333333,475901.3333333333
1162063000,서울특별시 관악구 남현동,관악구,13.0485,12.8175,4.41,보통,0.1555,0.5979,3.15,0.0,0.0,23502.143721333698,3655.353671806769,30.666666666666668,1.3333333333333333,66117.33333333333
1114066500,서울특별시 중구 동화동,중구,12.5977,12.7756,4.39,보통,0.1819,0.5778,3.2,0.0,0.0,10319.342309061134,1876.7434221160845,13.0,0.6666666666666666,8191.333333333333
1120062000,서울특별시 성동구 금호4가동,성동구,12.6656,12.7768,4.39,보통,0.1733,0.75,3.32,0.0,0.0,12237.90771669396,2120.4637340520376,15.5,0.0,29883.5
1138060000,서울특별시 은평구 응암3동,은평구,14.4059,12.7582,4.38,보통,0.1933,0.5835,3.41,0.0,0.0,24526.93995143741,4740.4375045123725,35.333333333333336,0.3333333333333333,67494.33333333333
1156060500,서울특별시 영등포구 문래동,영등포구,12.1197,12.7457,4.38,보통,0.1339,0.554,3.37,0.0,0.0,39329.84525012736,5265.164814665211,47.66666666666666,2.0,491215.6666666667
1174064000,서울특별시 강동구 성내1동,강동구,11.7884,12.7591,4.38,보통,0.1657,0.5642,4.1,0.0,0.0,24035.003233942865,3983.451243349709,28.33333333333333,2.0,40949.333333333336
1150064100,서울특별시 강서구 방화3동,강서구,12.0506,12.6965,4.36,보통,0.2045,0.4572,3.62,0.0,0.0,16596.665958888283,3394.367075236536,20.0,2.6666666666666665,24538.666666666668
1123073000,서울특별시 동대문구 휘경2동,동대문구,11.4403,12.7063,4.36,보통,0.1524,0.6955,3.25,0.0,0.0,19813.019673253275,3020.31653742722,22.666666666666668,0.3333333333333333,91786.66666666669
1147065000,서울특별시 양천구 신정4동,양천구,13.9286,12.6785,4.35,보통,0.1602,0.6145,3.1,0.0,0.0,32786.199703447965,5251.68051922307,45.66666666666666,3.6666666666666665,73716.66666666667
1153054000,서울특별시 구로구 구로3동,구로구,13.5692,12.6814,4.35,보통,0.0895,0.5993,3.43,0.0,0.0,40532.88013390648,3626.2873328056767,55.0,2.333333333333333,126091.33333333331
1121575000,서울특별시 광진구 중곡2동,광진구,13.206,12.6849,4.35,보통,0.1491,0.6359,3.27,0.0,0.0,18425.96791088064,2747.8947237627367,24.33333333333333,0.6666666666666666,60654.66666666666
1130554500,서울특별시 강북구 송중동,강북구,12.3722,12.6805,4.35,보통,0.1954,0.7607,2.91,0.0,0.0,34755.38376391921,6790.237492840247,43.0,3.6666666666666665,84246.66666666667
1138053000,서울특별시 은평구 불광2동,은평구,11.3474,12.6705,4.34,보통,0.2025,0.5835,3.41,0.0,0.0,21150.16103408843,4282.772237763828,24.0,3.0,49870.66666666666
1135067000,서울특별시 노원구 상계5동,노원구,11.2105,12.6694,4.34,보통,0.2241,0.646,3.44,0.0,0.0,18435.056280312954,4131.477100618631,20.666666666666668,1.6666666666666667,41200.0
1168053100,서울특별시 강남구 논현2동,강남구,15.9754,12.6599,4.34,보통,0.095,0.5206,4.83,0.0,0.0,44651.9663463155,4241.784720023654,71.33333333333333,0.6666666666666666,190804.0
1168063000,서울특별시 강남구 대치4동,강남구,13.4649,12.6419,4.33,보통,0.0744,0.5206,4.83,0.0,0.0,39609.06265113719,2945.3882008278747,53.333333333333336,1.0,142497.66666666666
1174070000,서울특별시 강동구 둔촌2동,강동구,11.7868,12.6383,4.33,보통,0.1963,0.5642,4.1,0.0,0.0,27149.04412963064,5328.052656177219,32.0,4.333333333333333,83700.33333333333
1123066000,서울특별시 동대문구 장안2동,동대문구,12.2439,12.6324,4.33,보통,0.1525,0.6955,3.25,0.0,0.0,28041.11711257278,4275.656488227802,34.333333333333336,1.3333333333333333,249187.66666666663
1130561500,서울특별시 강북구 수유1동,강북구,12.368500000000001,12.6063,4.31,보통,0.16005,0.7607,2.91,0.0,0.0,21332.169676937774,3326.947067289848,27.0,0.6666666666666666,58906.0
1130560800,서울특별시 강북구 번3동,강북구,12.368500000000001,12.5689,4.3,보통,0.16005,0.7607,2.91,0.0,0.0,21332.169676937774,3326.947067289848,17.666666666666668,0.6666666666666666,92362.66666666669
1153077000,서울특별시 구로구 오류1동,구로구,14.5576,12.581,4.3,보통,0.1661,0.5993,3.43,0.0,0.0,16257.277668868268,2700.26644382278,23.666666666666668,0.0,80572.66666666667
1174057000,서울특별시 강동구 암사1동,강동구,15.9809,12.5549,4.29,보통,0.1758,0.5642,4.1,0.0,0.0,26698.52102357525,4692.694975739273,42.66666666666666,0.3333333333333333,37883.66666666666
1150053000,서울특별시 강서구 등촌2동,강서구,13.486,12.5496,4.29,보통,0.1616,0.4572,3.62,0.0,0.0,15571.739886726711,2517.0915914028383,21.0,0.6666666666666666,24865.0
1147062000,서울특별시 양천구 신정1동,양천구,12.2323,12.5246,4.28,보통,0.1369,0.6145,3.1,0.0,0.0,16895.198604539666,2313.6300114537844,20.666666666666668,0.6666666666666666,85316.33333333333
1165059000,서울특별시 서초구 방배본동,서초구,12.5624,12.5237,4.28,보통,0.1552,0.4541,5.94,0.0,0.0,18043.304618377,2800.9729806313685,22.666666666666668,3.6666666666666665,78288.0
1159051000,서울특별시 동작구 노량진1동,동작구,13.3823,12.5293,4.28,보통,0.1286,0.5743,2.8,0.0,0.0,35370.00496595706,4549.3291629912665,47.333333333333336,2.333333333333333,49279.66666666666
1126060000,서울특별시 중랑구 중화1동,중랑구,13.1469,12.5228,4.27,보통,0.187,0.5997,3.26,0.0,0.0,15212.69996374636,2844.6167333879184,20.0,1.0,33150.666666666664
1130559500,서울특별시 강북구 번1동,강북구,12.368500000000001,12.4173,4.23,보통,0.16005,0.7607,2.91,0.0,0.0,21332.169676937774,3326.947067289848,33.666666666666664,1.3333333333333333,78263.66666666667
1174052500,서울특별시 강동구 상일제1동,강동구,12.368500000000001,12.4019,4.22,보통,0.16005,0.5642,4.1,0.0,0.0,21332.169676937774,3326.947067289848,23.33333333333333,0.6666666666666666,64422.66666666666
1165061000,서울특별시 서초구 방배2동,서초구,12.6256,12.4115,4.22,보통,0.1635,0.4541,5.94,0.0,0.0,20857.15121563944,3409.4775113374944,26.33333333333333,2.0,49671.0
1135064000,서울특별시 노원구 상계2동,노원구,12.4193,12.3907,4.21,보통,0.1727,0.646,3.44,0.0,0.0,28718.76017918486,4958.605626118996,35.666666666666664,2.0,39600.66666666666
1171057000,서울특별시 송파구 오금동,송파구,12.4513,12.3259,4.18,보통,0.1648,0.4684,6.28,0.0,0.0,36943.8370367631,6088.1748097343525,46.0,3.333333333333333,122990.33333333331
1159063000,서울특별시 동작구 사당2동,동작구,12.4053,12.3086,4.17,보통,0.1802,0.5743,2.8,0.0,0.0,31975.63239058406,5763.3944871542935,39.66666666666666,2.0,64005.66666666666
1156066000,서울특별시 영등포구 신길4동,영등포구,12.4681,12.2962,4.17,보통,0.1876,0.554,3.37,0.0,0.0,7753.095597780204,1454.797708224163,9.666666666666666,1.0,8767.666666666666
1150054000,서울특별시 강서구 화곡1동,강서구,14.1581,12.287,4.16,보통,0.1678,0.4572,3.62,0.0,0.0,46851.944928038574,7859.593817003275,66.33333333333333,3.333333333333333,117823.0
1132051100,서울특별시 도봉구 창1동,도봉구,11.8354,12.2572,4.15,보통,0.1963,0.65,4.79,0.0,0.0,20841.47360988901,4091.150922780204,24.666666666666668,2.0,35639.333333333336
1129055500,서울특별시 성북구 삼선동,성북구,12.4015,12.2374,4.14,보통,0.1345,0.6333,2.79,0.0,0.0,25803.27245561317,3471.621916229986,32.0,2.0,33588.666666666664
1123071000,서울특별시 동대문구 회기동,동대문구,9.4691,12.2365,4.14,보통,0.123,0.6955,3.25,9.0,4.408038273907722,20417.245588073147,2511.337708251456,19.33333333333333,3.0,50566.66666666666
1121583000,서울특별시 광진구 자양2동,광진구,12.4222,12.2429,4.14,보통,0.156,0.6359,3.27,0.0,0.0,21198.555853002184,3306.403670533115,26.33333333333333,0.6666666666666666,53044.0
1171056600,서울특별시 송파구 오륜동,송파구,11.0398,12.2071,4.13,보통,0.1801,0.4684,6.28,0.0,0.0,19022.090966375545,3426.6442549399567,21.0,1.6666666666666667,89827.33333333333
1171053100,서울특별시 송파구 거여1동,송파구,12.3818,12.2007,4.12,보통,0.1776,0.4684,6.28,0.0,0.0,12114.592558988355,2151.7112989537845,15.0,0.6666666666666666,17414.666666666668
1165062000,서울특별시 서초구 방배3동,서초구,11.1077,12.1059,4.08,보통,0.1677,0.4541,5.94,0.0,0.0,18605.790418322416,3120.372244405022,20.666666666666668,2.6666666666666665,73720.0
1162071500,서울특별시 관악구 난향동,관악구,9.3992,12.0894,4.07,보통,0.1709,0.5979,3.15,0.0,0.0,10284.57194959971,1757.3841886553855,9.666666666666666,0.0,16114.0
1144070000,서울특별시 마포구 망원2동,마포구,14.4915,12.0875,4.07,보통,0.1535,0.6235,3.22,0.0,0.0,16561.48209690724,2541.7864374038822,24.0,0.3333333333333333,16718.666666666668
1123057000,서울특별시 동대문구 전농2동,동대문구,7.6539,12.0325,4.05,낮음,0.1684,0.6955,3.25,0.0,0.0,16113.840690629157,2714.244489620119,12.333333333333334,0.6666666666666666,214023.3333333333
1126065500,서울특별시 중랑구 망우본동,중랑구,12.8199,12.047,4.05,낮음,0.1763,0.5997,3.26,0.0,0.0,39001.98964354076,6874.533817239811,50.0,2.6666666666666665,69340.0
1144072000,서울특별시 마포구 성산1동,마포구,11.1548,12.0267,4.04,낮음,0.1285,0.6235,3.22,0.0,0.0,21216.484890529475,2726.112781113537,23.666666666666668,0.3333333333333333,50776.333333333336
1130562500,서울특별시 강북구 수유2동,강북구,12.368500000000001,11.9857,4.02,낮음,0.16005,0.7607,2.91,0.0,0.0,21332.169676937774,3326.947067289848,27.0,1.3333333333333333,31579.33333333333
1174061000,서울특별시 강동구 천호2동,강동구,14.0844,11.9797,4.02,낮음,0.1714,0.5642,4.1,0.0,0.0,44256.8557529476,7585.224603548035,62.333333333333336,5.0,105781.33333333331
1138058000,서울특별시 은평구 응암1동,은평구,9.5536,11.9599,4.01,낮음,0.1585,0.5835,3.41,0.0,0.0,23725.89768798217,3759.4730123453423,22.666666666666668,1.0,319044.6666666667
1135056000,서울특별시 노원구 월계1동,노원구,13.1224,11.9407,4.0,낮음,0.1714,0.646,3.44,0.0,0.0,22607.62126290939,3874.297239956332,29.666666666666668,0.6666666666666666,41914.333333333336
1150051000,서울특별시 강서구 염창동,강서구,11.7453,11.9052,3.99,낮음,0.1166,0.4572,3.62,1.0,0.3293077099174549,30366.73511988719,3540.2093332332606,35.666666666666664,1.0,127507.33333333331
1144073000,서울특별시 마포구 성산2동,마포구,11.2377,11.8805,3.98,낮음,0.1433,0.6235,3.22,0.0,0.0,35297.73804084789,5058.682283642649,39.66666666666666,2.333333333333333,62966.0
1144065500,서울특별시 마포구 서강동,마포구,13.6348,11.8863,3.98,낮음,0.111,0.6235,3.22,0.0,0.0,27136.42342051492,3010.834886790393,37.0,0.6666666666666666,45767.0
1171062000,서울특별시 송파구 가락본동,송파구,12.2125,11.8575,3.97,낮음,0.1336,0.4684,6.28,0.0,0.0,37120.45797489992,4958.93770062773,45.333333333333336,1.0,151037.66666666666
1174066000,서울특별시 강동구 성내3동,강동구,11.7679,11.8178,3.95,낮음,0.1648,0.5642,4.1,0.0,0.0,26909.40712116085,4434.6919130276565,31.666666666666668,1.0,40572.333333333336
1156068000,서울특별시 영등포구 신길6동,영등포구,9.1895,11.794,3.94,낮음,0.1444,0.554,3.37,0.0,0.0,20313.144230422124,2933.6535816957785,18.666666666666668,2.6666666666666665,48276.66666666666
1165060000,서울특별시 서초구 방배1동,서초구,12.2788,11.8052,3.94,낮음,0.1464,0.4541,5.94,0.0,0.0,20088.88629003821,2940.202514683406,24.666666666666668,1.0,26493.0
1162062500,서울특별시 관악구 인헌동,관악구,10.9448,11.7917,3.93,낮음,0.1395,0.5979,3.15,0.0,0.0,24060.166476746723,3356.890719687045,26.33333333333333,1.0,82364.33333333333
1123072000,서울특별시 동대문구 휘경1동,동대문구,11.8672,11.7649,3.92,낮음,0.1404,0.6955,3.25,0.0,0.0,16853.215535789666,2366.2993762463607,20.0,1.0,27735.0
1129063000,서울특별시 성북구 정릉2동,성북구,10.5762,11.7511,3.92,낮음,0.1818,0.6333,2.79,0.0,0.0,19540.72780680495,3552.8186724344982,20.666666666666668,0.6666666666666666,47627.333333333336
1123056000,서울특별시 동대문구 전농1동,동대문구,11.094,11.7413,3.91,낮음,0.1661,0.6955,3.25,0.0,0.0,31248.205501055312,5190.466498107715,34.666666666666664,3.333333333333333,68397.0
1168058000,서울특별시 강남구 삼성1동,강남구,11.4995,11.7482,3.91,낮음,0.0811,0.5206,4.83,0.0,0.0,39421.93147239811,3195.859209106623,45.333333333333336,4.666666666666667,164937.0
1121585000,서울특별시 광진구 구의1동,광진구,12.7231,11.7231,3.9,낮음,0.1254,0.6359,3.27,0.0,0.0,24103.10804341339,3023.186238127729,30.666666666666668,0.6666666666666666,69897.33333333333
1120056000,서울특별시 성동구 행당1동,성동구,11.384,11.6263,3.86,낮음,0.1234,0.75,3.32,0.0,0.0,21960.699960598617,2709.424596624818,25.0,0.3333333333333333,22892.33333333333
1126069000,서울특별시 중랑구 신내2동,중랑구,9.5138,11.6035,3.85,낮음,0.1994,0.5997,3.26,0.0,0.0,17518.435489283114,3492.7875381459244,16.666666666666668,0.6666666666666666,29512.0
1129076000,서울특별시 성북구 장위1동,성북구,10.4265,11.5522,3.82,낮음,0.1755,0.6333,2.79,0.0,0.0,21419.81247430859,3758.503963600801,22.33333333333333,1.3333333333333333,55747.66666666666
1174060000,서울특별시 강동구 천호1동,강동구,10.5909,11.5551,3.82,낮음,0.1826,0.5642,4.1,0.0,0.0,31473.582160362083,5748.372139992722,33.333333333333336,2.6666666666666665,58301.0
1138062500,서울특별시 은평구 역촌동,은평구,10.3979,11.5285,3.81,낮음,0.1731,0.5835,3.41,0.0,0.0,41354.6662992904,7157.541577510917,43.0,3.0,129725.33333333331
1144059000,서울특별시 마포구 용강동,마포구,9.3885,11.5307,3.81,낮음,0.1339,0.6235,3.22,0.0,0.0,26983.24340280204,3613.32638044032,25.33333333333333,1.3333333333333333,444929.0
1130560300,서울특별시 강북구 번2동,강북구,12.368500000000001,11.5341,3.81,낮음,0.16005,0.7607,2.91,0.0,0.0,21332.169676937774,3326.947067289848,21.33333333333333,0.3333333333333333,22765.33333333333
1147068000,서울특별시 양천구 신정7동,양천구,9.1927,11.5176,3.81,낮음,0.1803,0.6145,3.1,0.0,0.0,21393.75752741085,3858.195044359534,19.666666666666668,0.3333333333333333,43715.333333333336
1147053000,서울특별시 양천구 목3동,양천구,12.6455,11.4723,3.79,낮음,0.1615,0.6145,3.1,0.0,0.0,18188.28850635917,2937.7081833151383,23.0,0.0,22562.666666666668
1135061100,서울특별시 노원구 하계1동,노원구,9.8243,11.467,3.78,낮음,0.1767,0.646,3.44,0.0,0.0,25107.853067913027,4437.278403065866,24.666666666666668,2.6666666666666665,47269.66666666666
1159068000,서울특별시 동작구 신대방2동,동작구,9.4027,11.4578,3.78,낮음,0.1557,0.5743,2.8,0.0,0.0,24106.56096040757,3752.6463051310047,22.666666666666668,1.3333333333333333,51812.66666666666
1171063200,서울특별시 송파구 가락2동,송파구,11.648,11.4293,3.77,낮음,0.163,0.4684,6.28,0.0,0.0,26614.01008169578,4338.798345851528,31.0,0.6666666666666666,116230.66666666669
1162056500,서울특별시 관악구 성현동,관악구,9.9181,11.4085,3.76,낮음,0.1749,0.5979,3.15,0.0,0.0,22517.847515784208,3937.564237445415,22.33333333333333,0.6666666666666666,31426.0
1150060500,서울특별시 강서구 가양3동,강서구,10.7483,11.4012,3.75,낮음,0.1995,0.4572,3.62,0.0,0.0,11164.589147965717,2227.809496431397,12.0,1.3333333333333333,10577.666666666666
1153074000,서울특별시 구로구 개봉1동,구로구,9.5759,11.3965,3.75,낮음,0.1924,0.5993,3.43,0.0,0.0,30284.285036371908,5825.7158697234345,29.0,0.6666666666666666,147782.66666666666
1159060500,서울특별시 동작구 흑석동,동작구,10.2807,11.3647,3.74,낮음,0.1379,0.5743,2.8,0.0,0.0,33071.73378086791,4560.818757296215,34.0,3.0,56519.0
1121586000,서울특별시 광진구 구의2동,광진구,13.3356,11.3445,3.73,낮음,0.1589,0.6359,3.27,0.0,0.0,20746.47627582788,3296.830589073872,27.666666666666668,0.0,24198.33333333333
1159065100,서울특별시 동작구 사당5동,동작구,10.3372,11.3299,3.72,낮음,0.1642,0.5743,2.8,0.0,0.0,10963.656239501455,1799.9684904475982,11.333333333333334,0.3333333333333333,8341.333333333334
1129072500,서울특별시 성북구 월곡2동,성북구,10.0789,11.3407,3.72,낮음,0.1701,0.6333,2.79,0.0,0.0,22489.33422693777,3824.6147932769286,22.666666666666668,1.0,51754.0
1135063000,서울특별시 노원구 상계1동,노원구,10.9223,11.3168,3.71,낮음,0.214,0.646,3.44,0.0,0.0,36622.26370186499,7836.565772416303,40.0,1.0,88698.0
1135061900,서울특별시 노원구 중계본동,노원구,9.0354,11.2892,3.7,낮음,0.1065,0.646,3.44,0.0,0.0,20659.47681847668,2200.632945228546,18.666666666666668,2.0,78336.0
1174068500,서울특별시 강동구 길동,강동구,10.7037,11.2758,3.69,낮음,0.1892,0.5642,4.1,2.0,0.36079954765186123,55432.44200322052,10487.472963082242,59.333333333333336,3.0,69221.33333333333
1130557500,서울특별시 강북구 삼각산동,강북구,8.6066,11.2728,3.69,낮음,0.1612,0.7607,2.91,0.0,0.0,20914.261374545124,3370.574956340975,18.0,0.3333333333333333,85065.0
1126055000,서울특별시 중랑구 면목5동,중랑구,10.8859,11.2743,3.69,낮음,0.1735,0.5997,3.26,0.0,0.0,11329.59713820051,1965.6051496270013,12.333333333333334,0.3333333333333333,8014.333333333333
1153080000,서울특별시 구로구 항동,구로구,12.368500000000001,11.2364,3.68,낮음,0.16005,0.5993,3.43,0.0,0.0,21332.169676937774,3326.947067289848,6.666666666666667,0.3333333333333333,22766.666666666668
1150062000,서울특별시 강서구 공항동,강서구,10.7169,11.2551,3.68,낮음,0.1229,0.4572,3.62,1.0,0.2949612969630291,33902.75301526565,4165.384161954148,36.333333333333336,3.6666666666666665,82139.33333333333
1135059500,서울특별시 노원구 공릉1동,노원구,10.1865,11.1951,3.66,낮음,0.1728,0.646,3.44,0.0,0.0,42540.07912038756,7351.850752874819,43.333333333333336,1.6666666666666667,111847.33333333331
1165066000,서울특별시 서초구 내곡동,서초구,9.2224,11.1919,3.66,낮음,0.1435,0.4541,5.94,0.0,0.0,24939.321029758008,3579.338193249636,23.0,1.6666666666666667,130833.33333333331
1162054500,서울특별시 관악구 청림동,관악구,7.8961,11.2006,3.66,낮음,0.1761,0.5979,3.15,0.0,0.0,10975.948538891922,1932.366895205604,8.666666666666666,1.0,17221.666666666668
1150060300,서울특별시 강서구 가양1동,강서구,11.694,11.2107,3.66,낮음,0.0927,0.4572,3.62,0.0,0.0,48742.907279594256,4516.266270023653,57.0,5.333333333333333,138451.33333333334
1171064200,서울특별시 송파구 문정2동,송파구,10.6735,11.1263,3.63,낮음,0.102,0.4684,6.28,0.0,0.0,42160.59860149199,4299.129005203785,45.0,1.6666666666666667,99023.66666666669
1138051000,서울특별시 은평구 녹번동,은평구,10.0888,11.1242,3.62,낮음,0.1844,0.5835,3.41,0.0,0.0,33370.442422698325,6152.445218358806,33.666666666666664,1.6666666666666667,78661.0
1117063000,서울특별시 용산구 이촌1동,용산구,7.4996,11.1003,3.61,낮음,0.1716,0.7379,2.75,0.0,0.0,25334.571485352983,4346.969511381004,19.0,1.3333333333333333,62405.0
1144056500,서울특별시 마포구 공덕동,마포구,10.6089,11.054,3.59,낮음,0.1366,0.6235,3.22,0.0,0.0,38646.720583833696,5277.944233460698,41.0,5.333333333333333,100272.0
1153079000,서울특별시 구로구 수궁동,구로구,12.0776,11.0555,3.59,낮음,0.1663,0.5993,3.43,0.0,0.0,22631.43286820415,3763.184099317685,27.33333333333333,0.0,22397.666666666668
1121578000,서울특별시 광진구 능동,광진구,9.6608,11.0002,3.57,낮음,0.126,0.6359,3.27,0.0,0.0,15181.689166175402,1912.677391639374,14.666666666666666,1.6666666666666667,34064.0
1156056000,서울특별시 영등포구 당산2동,영등포구,9.1208,11.0143,3.57,낮음,0.1158,0.554,3.37,0.0,0.0,36911.76791366448,4274.1826815411205,33.666666666666664,3.0,127352.33333333331
1123061000,서울특별시 동대문구 답십리2동,동대문구,9.2812,10.9927,3.56,낮음,0.1873,0.6955,3.25,0.0,0.0,21908.082358333337,4102.735141020743,20.33333333333333,1.0,34928.666666666664
1165053100,서울특별시 서초구 서초4동,서초구,8.8849,10.964,3.55,낮음,0.1033,0.4541,5.94,0.0,0.0,41268.4055885917,4263.1593687318045,36.66666666666666,7.0,174028.0
1171058000,서울특별시 송파구 송파1동,송파구,12.6422,10.9518,3.54,낮음,0.1301,0.4684,6.28,0.0,0.0,29267.059570205605,3808.206876482896,37.0,1.3333333333333333,45240.333333333336
1147054000,서울특별시 양천구 목4동,양천구,11.9979,10.9427,3.54,낮음,0.1338,0.6145,3.1,0.0,0.0,17780.84169724345,2379.833521006186,21.33333333333333,0.0,31370.0
1121584000,서울특별시 광진구 자양3동,광진구,7.9442,10.9316,3.53,낮음,0.1418,0.6359,3.27,0.0,0.0,23916.718999445053,3390.9091812954875,19.0,0.3333333333333333,75271.33333333333
1138057000,서울특별시 은평구 대조동,은평구,8.3197,10.9269,3.53,낮음,0.1689,0.5835,3.41,0.0,0.0,45274.094156304585,7648.960024426856,37.66666666666666,2.6666666666666665,537032.3333333334
1165054000,서울특별시 서초구 잠원동,서초구,10.098,10.8972,3.52,낮음,0.1132,0.4541,5.94,0.0,0.0,32349.752668513465,3661.4454791211792,32.666666666666664,2.6666666666666665,94026.66666666669
1126054000,서울특별시 중랑구 면목4동,중랑구,12.2865,10.8735,3.51,낮음,0.1916,0.5997,3.26,0.0,0.0,16820.687932478166,3222.6878618176856,20.666666666666668,0.3333333333333333,5220.666666666667
1153052000,서울특별시 구로구 구로1동,구로구,10.4963,10.84,3.49,낮음,0.1352,0.5993,3.43,0.0,0.0,16513.782375900653,2232.255315711426,17.333333333333332,0.0,25633.666666666668
1159054000,서울특별시 동작구 상도2동,동작구,9.6078,10.8384,3.49,낮음,0.1576,0.5743,2.8,0.0,0.0,21163.37919292213,3336.151658733625,20.33333333333333,0.3333333333333333,27919.0
1144063000,서울특별시 마포구 신수동,마포구,9.6701,10.8446,3.49,낮음,0.1391,0.6235,3.22,0.0,0.0,17235.209232914847,2397.2997433860987,16.666666666666668,0.3333333333333333,23176.0
1150063000,서울특별시 강서구 방화1동,강서구,11.5313,10.7851,3.47,낮음,0.1523,0.4572,3.62,0.0,0.0,33242.86333125,5063.309422625546,38.333333333333336,1.0,47817.0
1132068100,서울특별시 도봉구 쌍문4동,도봉구,10.2425,10.7586,3.45,낮음,0.1896,0.65,4.79,0.0,0.0,13343.072403538938,2529.6847465793307,13.666666666666666,1.3333333333333333,12001.0
1159066000,서울특별시 동작구 대방동,동작구,9.0421,10.7549,3.45,낮음,0.1474,0.5743,2.8,0.0,0.0,40182.49084142104,5923.690210471252,36.333333333333336,3.333333333333333,95384.33333333331
1123074000,서울특별시 동대문구 이문1동,동대문구,9.9532,10.7342,3.44,낮음,0.1127,0.6955,3.25,0.0,0.0,24447.81622449054,2754.488285234716,24.33333333333333,0.3333333333333333,25159.0
1129061000,서울특별시 성북구 보문동,성북구,11.3691,10.7382,3.44,낮음,0.161,0.6333,2.79,0.0,0.0,15832.443631040756,2548.261281513828,18.0,1.0,16799.333333333332
1129068500,서울특별시 성북구 길음2동,성북구,9.0087,10.7074,3.43,낮음,0.1658,0.6333,2.79,0.0,0.0,18130.58290179221,3006.555851846798,16.333333333333332,0.6666666666666666,31953.33333333333
1168065000,서울특별시 강남구 역삼2동,강남구,8.975,10.6762,3.42,낮음,0.0856,0.5206,4.83,0.0,0.0,53853.47190156477,4608.123061490175,48.333333333333336,2.333333333333333,142449.0
1174053000,서울특별시 강동구 명일1동,강동구,9.411,10.6741,3.41,낮음,0.1842,0.5642,4.1,0.0,0.0,26564.59564433224,4893.907665247452,25.0,1.0,37455.66666666666
1138056000,서울특별시 은평구 구산동,은평구,9.3387,10.597,3.38,낮음,0.1876,0.5835,3.41,0.0,0.0,24985.566268759096,4686.49460117358,23.33333333333333,0.6666666666666666,33708.0
1159065000,서울특별시 동작구 사당4동,동작구,8.7255,10.5962,3.38,낮음,0.1752,0.5743,2.8,0.0,0.0,13370.790363700871,2343.225974244905,11.666666666666666,0.3333333333333333,26047.0
1162059500,서울특별시 관악구 청룡동,관악구,10.527,10.5776,3.37,낮음,0.127,0.5979,3.15,0.0,0.0,38630.95023064956,4904.462437445415,40.66666666666666,1.3333333333333333,69650.33333333333
1141071000,서울특별시 서대문구 북가좌1동,서대문구,9.4126,10.5675,3.37,낮음,0.1619,0.6647,2.75,0.0,0.0,14165.389575209245,2292.852569768923,13.333333333333334,1.0,8351.333333333334
1123060000,서울특별시 동대문구 답십리1동,동대문구,7.7252,10.53,3.35,낮음,0.153,0.6955,3.25,0.0,0.0,22437.41779495997,3432.457777347161,17.333333333333332,0.3333333333333333,60786.66666666666
1150061100,서울특별시 강서구 발산1동,강서구,10.0508,10.5137,3.34,낮음,0.1244,0.4572,3.62,0.0,0.0,34822.930178729985,4333.052801200874,35.0,0.6666666666666666,87827.0
1120052000,서울특별시 성동구 왕십리2동,성동구,9.8619,10.47,3.32,낮음,0.1515,0.75,3.32,0.0,0.0,14534.09111074418,2202.49883224163,14.333333333333334,0.0,35391.0
1156054000,서울특별시 영등포구 여의동,영등포구,6.8618,10.4762,3.32,낮음,0.0969,0.554,3.37,0.0,0.0,93270.06469324054,9036.388916512007,64.0,4.666666666666667,255026.3333333333
1168061000,서울특별시 강남구 대치2동,강남구,8.4784,10.4766,3.32,낮음,0.1053,0.5206,4.83,0.0,0.0,49537.61308098617,5214.054374808952,42.0,0.6666666666666666,203497.66666666663
1129052500,서울특별시 성북구 성북동,성북구,10.5188,10.4225,3.3,매우낮음,0.1685,0.6333,2.79,0.0,0.0,20914.934138191413,3525.054484861718,22.0,0.0,51910.333333333336
1171064100,서울특별시 송파구 문정1동,송파구,10.1751,10.432,3.3,매우낮음,0.1416,0.4684,6.28,0.0,0.0,20638.69756047125,2923.03367224345,21.0,1.3333333333333333,17938.333333333332
1154568000,서울특별시 금천구 시흥2동,금천구,7.7537,10.4124,3.29,매우낮음,0.1832,0.6476,3.1,0.0,0.0,15046.64887930313,2756.5012764465064,11.666666666666666,0.6666666666666666,24672.0
1129070500,서울특별시 성북구 종암동,성북구,9.6343,10.4009,3.29,매우낮음,0.1628,0.6333,2.79,0.0,0.0,38404.497028193226,6253.5697850072775,37.0,2.0,68866.66666666667
1165062100,서울특별시 서초구 방배4동,서초구,9.0453,10.3988,3.29,매우낮음,0.1515,0.4541,5.94,0.0,0.0,26533.261214374088,4018.5142460243815,24.0,1.0,103282.0
1168067500,서울특별시 강남구 개포3동,강남구,12.368500000000001,10.3846,3.28,매우낮음,0.16005,0.5206,4.83,0.0,0.0,21332.169676937774,3326.947067289848,9.333333333333334,0.6666666666666666,22769.33333333333
1129071500,서울특별시 성북구 월곡1동,성북구,7.7491,10.3874,3.28,매우낮음,0.1607,0.6333,2.79,0.0,0.0,24519.044510944324,3940.636862709243,19.0,1.0,71022.0
1150059300,서울특별시 강서구 화곡8동,강서구,10.0448,10.3864,3.28,매우낮음,0.1565,0.4572,3.62,0.0,0.0,30529.98873958333,4776.631026855896,30.666666666666668,0.6666666666666666,22495.666666666668
1174058000,서울특별시 강동구 암사2동,강동구,9.5559,10.3546,3.27,매우낮음,0.157,0.5642,4.1,0.0,0.0,14650.6028488901,2300.5798509825327,14.0,0.0,63263.0
1174052600,서울특별시 강동구 상일제2동,강동구,12.368500000000001,10.3619,3.27,매우낮음,0.16005,0.5642,4.1,0.0,0.0,21332.169676937774,3326.947067289848,10.0,0.0,31530.0
1153056000,서울특별시 구로구 구로5동,구로구,11.1217,10.3677,3.27,매우낮음,0.1389,0.5993,3.43,0.0,0.0,32968.492714101165,4577.988151200873,36.66666666666666,0.3333333333333333,27958.33333333333
1147052000,서울특별시 양천구 목2동,양천구,10.4473,10.3278,3.25,매우낮음,0.1514,0.6145,3.1,0.0,0.0,22972.4306863992,3477.3610748362444,24.0,0.0,14858.333333333334
1165056000,서울특별시 서초구 반포1동,서초구,10.6037,10.3144,3.25,매우낮음,0.1003,0.4541,5.94,0.0,0.0,32378.783705140104,3247.5183505276564,34.333333333333336,1.6666666666666667,48118.0
1171051000,서울특별시 송파구 풍납1동,송파구,8.6676,10.3217,3.25,매우낮음,0.1895,0.4684,6.28,0.0,0.0,14998.438631668483,2841.857576683042,13.0,0.6666666666666666,22118.666666666668
1165051000,서울특별시 서초구 서초1동,서초구,10.1011,10.3004,3.24,매우낮음,0.1327,0.4541,5.94,0.0,0.0,31679.67913289665,4202.66294922671,32.0,1.3333333333333333,89182.66666666667
1150056000,서울특별시 강서구 화곡3동,강서구,10.5348,10.28,3.23,매우낮음,0.1845,0.4572,3.62,0.0,0.0,18668.34516044396,3444.1522289756185,19.666666666666668,0.0,16911.666666666668
1171064600,서울특별시 송파구 장지동,송파구,8.8963,10.2587,3.22,매우낮음,0.1435,0.4684,6.28,0.0,0.0,32972.39020745997,4732.093190611354,29.33333333333333,1.6666666666666667,97895.0
1174054000,서울특별시 강동구 명일2동,강동구,8.641,10.2314,3.21,매우낮음,0.1647,0.5642,4.1,0.0,0.0,16201.897632741991,2668.825027847525,14.0,0.0,32839.666666666664
1165053000,서울특별시 서초구 서초3동,서초구,9.8023,10.2068,3.2,매우낮음,0.1124,0.4541,5.94,0.0,0.0,63930.75533474345,7184.4748995815135,62.66666666666666,1.6666666666666667,77788.0
1138059000,서울특별시 은평구 응암2동,은평구,9.9905,10.2205,3.2,매우낮음,0.1476,0.5835,3.41,0.0,0.0,16015.274069168488,2364.546108133188,16.0,0.0,14839.666666666666
1168070000,서울특별시 강남구 세곡동,강남구,7.8576,10.2021,3.2,매우낮음,0.1443,0.5206,4.83,0.0,0.0,45815.69502325328,6610.751747161572,36.0,2.333333333333333,254755.0
1153075000,서울특별시 구로구 개봉2동,구로구,7.3652,10.1696,3.18,매우낮음,0.1946,0.5993,3.43,0.0,0.0,23533.94490225619,4578.831354221252,17.333333333333332,0.0,38140.66666666666
1135057000,서울특별시 노원구 월계2동,노원구,8.1934,10.1407,3.17,매우낮음,0.2198,0.646,3.44,0.0,0.0,19527.938141557497,4292.933724681587,16.0,0.6666666666666666,24387.666666666668
1171056100,서울특별시 송파구 방이1동,송파구,9.8726,10.1304,3.16,매우낮음,0.1456,0.4684,6.28,0.0,0.0,17557.038882268924,2556.761485098253,17.333333333333332,0.6666666666666666,17401.0
1147064000,서울특별시 양천구 신정3동,양천구,8.686,10.0893,3.14,매우낮음,0.163,0.6145,3.1,0.0,0.0,41062.23792291667,6694.070152119723,35.666666666666664,1.6666666666666667,57294.0
1121581000,서울특별시 광진구 광장동,광진구,7.3107,10.0425,3.12,매우낮음,0.1177,0.6359,3.27,0.0,0.0,35564.514818276926,4186.841956532024,26.0,1.0,139318.0
1150053500,서울특별시 강서구 등촌3동,강서구,8.3356,10.0238,3.11,매우낮음,0.1814,0.4572,3.62,0.0,0.0,39189.47567228894,7109.976235498544,32.666666666666664,1.0,55529.66666666666
1144061000,서울특별시 마포구 염리동,마포구,7.3733,10.0005,3.1,매우낮음,0.117,0.6235,3.22,1.0,0.6319986175530687,15822.81942121543,1851.501106795852,11.666666666666666,1.3333333333333333,29906.0
1132051400,서울특별시 도봉구 창4동,도봉구,6.8948,9.9521,3.08,매우낮음,0.1875,0.65,4.79,0.0,0.0,28040.58989808952,5256.330353429767,19.33333333333333,0.3333333333333333,48673.66666666666
1159053000,서울특별시 동작구 상도1동,동작구,9.2794,9.9347,3.07,매우낮음,0.1528,0.5743,2.8,1.0,0.2263278618065178,44183.68962699236,6750.38880021834,41.0,1.0,37275.333333333336
1153051000,서울특별시 구로구 신도림동,구로구,10.2243,9.7896,3.0,매우낮음,0.1261,0.5993,3.43,0.0,0.0,33254.114388591704,4192.71071444687,34.0,0.0,101057.66666666669
1174055000,서울특별시 강동구 고덕1동,강동구,7.3803,9.7601,2.99,매우낮음,0.1241,0.5642,4.1,0.0,0.0,24840.775157851163,3083.377391375546,18.33333333333333,0.6666666666666666,53342.66666666666
1121587000,서울특별시 광진구 구의3동,광진구,8.4837,9.7516,2.99,매우낮음,0.1322,0.6359,3.27,0.0,0.0,30647.01734836245,4051.9684738992,26.0,0.3333333333333333,33515.666666666664
1165065100,서울특별시 서초구 양재1동,서초구,8.4145,9.731,2.98,매우낮음,0.1297,0.4541,5.94,0.0,0.0,53479.37225641375,6937.866401328239,45.0,2.6666666666666665,70319.66666666667
1126068000,서울특별시 중랑구 신내1동,중랑구,8.7931,9.7326,2.98,매우낮음,0.1671,0.5997,3.26,0.0,0.0,34117.48501199054,5702.457419768923,30.0,1.3333333333333333,18718.33333333333
1168075000,서울특별시 강남구 수서동,강남구,6.4806,9.6989,2.96,매우낮음,0.2133,0.5206,4.83,0.0,0.0,23146.060091621177,4938.008321988718,15.0,1.0,29533.33333333333
1123075000,서울특별시 동대문구 이문2동,동대문구,8.1106,9.7055,2.96,매우낮음,0.1938,0.6955,3.25,0.0,0.0,14384.538511280933,2787.8994825964337,11.666666666666666,1.3333333333333333,17867.0
1129066000,서울특별시 성북구 길음1동,성북구,4.6027,9.6872,2.96,매우낮음,0.1346,0.6333,2.79,0.0,0.0,35486.48089476892,4777.761677210699,16.333333333333332,11.666666666666666,70040.0
1129059000,서울특별시 성북구 돈암2동,성북구,6.3574,9.6999,2.96,매우낮음,0.1602,0.6333,2.79,0.0,0.0,14156.80817250728,2267.768046797671,9.0,0.0,26001.0
1147067000,서울특별시 양천구 신정6동,양천구,4.7058,9.6906,2.96,매우낮음,0.1373,0.6145,3.1,0.0,0.0,19833.740795151018,2722.198239838064,9.333333333333334,0.0,46740.66666666666
1135070000,서울특별시 노원구 상계8동,노원구,7.2553,9.65,2.94,매우낮음,0.1518,0.646,3.44,0.0,0.0,17917.84658955604,2719.818231723072,13.0,0.3333333333333333,24220.666666666668
1141055500,서울특별시 서대문구 북아현동,서대문구,4.934,9.6255,2.93,매우낮음,0.1063,0.6647,2.75,0.0,0.0,39859.254532405386,4238.639587181587,19.666666666666668,1.6666666666666667,33147.666666666664
1165052000,서울특별시 서초구 서초2동,서초구,7.4943,9.5823,2.91,매우낮음,0.0968,0.4541,5.94,0.0,0.0,45367.83642166121,4393.038067585517,34.0,1.6666666666666667,118263.66666666669
1144055500,서울특별시 마포구 아현동,마포구,5.2644,9.5583,2.9,매우낮음,0.1205,0.6235,3.22,0.0,0.0,26593.72401048035,3204.483966084425,14.0,1.0,86910.66666666667
1174069000,서울특별시 강동구 둔촌1동,강동구,7.0324,9.5456,2.89,매우낮음,0.1718,0.5642,4.1,0.0,0.0,4976.974860635008,854.8863443777293,3.5,0.0,869.0
1135062500,서울특별시 노원구 중계2·3동,노원구,7.5883,9.551,2.89,매우낮음,0.1899,0.646,3.44,0.0,0.0,32067.042414546944,6089.555850891557,24.33333333333333,1.3333333333333333,62788.66666666666
1156069000,서울특별시 영등포구 신길7동,영등포구,6.9384,9.511,2.87,매우낮음,0.139,0.554,3.37,0.0,0.0,16334.187482305311,2270.2097667849343,11.333333333333334,0.3333333333333333,13409.0
1174056000,서울특별시 강동구 고덕2동,강동구,7.1708,9.4872,2.86,매우낮음,0.1586,0.5642,4.1,0.0,0.0,20918.10757072179,3317.387952729257,15.0,0.0,73225.66666666667
1129062000,서울특별시 성북구 정릉1동,성북구,7.3466,9.4365,2.84,매우낮음,0.167,0.6333,2.79,0.0,0.0,14065.53738746361,2349.3496001728527,10.333333333333334,0.6666666666666666,26653.666666666668
1135060000,서울특별시 노원구 공릉2동,노원구,8.5574,9.3532,2.8,매우낮음,0.1311,0.646,3.44,0.0,0.0,44405.83573444324,5821.984570178311,38.0,1.3333333333333333,75912.0
1135061200,서울특별시 노원구 하계2동,노원구,7.6503,9.3093,2.78,매우낮음,0.1686,0.646,3.44,0.0,0.0,16557.09030708697,2791.5819270924308,12.666666666666666,0.6666666666666666,20016.0
1153078000,서울특별시 구로구 오류2동,구로구,6.3019,9.319,2.78,매우낮음,0.1547,0.5993,3.43,0.0,0.0,50778.61916205422,7854.807056177219,32.0,1.0,237706.66666666663
1120053500,서울특별시 성동구 왕십리도선동,성동구,9.1673,9.2619,2.76,매우낮음,0.1328,0.75,3.32,0.0,0.0,29088.81168804585,3863.696117749272,26.666666666666668,0.0,37419.0
1171053200,서울특별시 송파구 거여2동,송파구,10.4594,9.2281,2.74,매우낮음,0.1862,0.4684,6.28,0.0,0.0,17209.451604321326,3204.635264101164,18.0,0.0,22142.666666666668
1150061500,서울특별시 강서구 우장산동,강서구,7.9011,9.2015,2.73,매우낮음,0.1434,0.4572,3.62,0.0,0.0,33328.73688546215,4779.283317503639,26.33333333333333,1.0,19687.0
1135072000,서울특별시 노원구 상계10동,노원구,7.0556,9.1382,2.7,매우낮음,0.1628,0.646,3.44,0.0,0.0,13228.348074435951,2153.464312154294,9.333333333333334,0.3333333333333333,8487.333333333334
1129058000,서울특별시 성북구 돈암1동,성북구,5.6975,9.0992,2.68,매우낮음,0.2066,0.6333,2.79,0.0,0.0,12871.115863400655,2659.684565675036,7.333333333333333,0.3333333333333333,6705.666666666667
1147051000,서울특별시 양천구 목1동,양천구,6.2204,8.9842,2.63,매우낮음,0.1089,0.6145,3.1,0.0,0.0,42870.00673852803,4667.830233133188,26.666666666666668,2.0,48198.0
1159064000,서울특별시 동작구 사당3동,동작구,6.58,8.9797,2.63,매우낮음,0.1889,0.5743,2.8,0.0,0.0,19250.11283347889,3636.1954359352258,12.666666666666666,0.0,9945.333333333334
1120064500,서울특별시 성동구 옥수동,성동구,7.1792,8.8574,2.57,매우낮음,0.1651,0.75,3.32,0.0,0.0,27393.87469389556,4521.972262054222,19.666666666666668,0.0,31406.33333333333
1138069000,서울특별시 은평구 진관동,은평구,5.7291,8.8484,2.57,매우낮음,0.1536,0.5835,3.41,1.0,0.1685020356661979,59346.46403803676,9114.819660325693,34.0,0.3333333333333333,72743.33333333333
1171059000,서울특별시 송파구 송파2동,송파구,8.5387,8.8371,2.56,매우낮음,0.1526,0.4684,6.28,0.0,0.0,17957.4426165393,2740.1686041848616,15.333333333333334,0.3333333333333333,10155.333333333334
1171072000,서울특별시 송파구 잠실7동,송파구,4.3421,8.8417,2.56,매우낮음,0.2087,0.4684,6.28,0.0,0.0,9979.880373471617,2082.644250627729,4.333333333333333,0.3333333333333333,3900.6666666666665
1135069500,서울특별시 노원구 상계6·7동,노원구,7.3003,8.7449,2.52,매우낮음,0.1669,0.646,3.44,0.0,0.0,46573.7072772107,7774.239046934133,34.0,1.0,37836.0
1171052000,서울특별시 송파구 풍납2동,송파구,6.8646,8.5995,2.45,매우낮음,0.1624,0.4684,6.28,0.0,0.0,35933.32599102984,5835.024000836973,24.666666666666668,1.3333333333333333,37517.333333333336
1135062100,서울특별시 노원구 중계1동,노원구,6.586,8.5817,2.44,매우낮음,0.1162,0.646,3.44,0.0,0.0,25306.155190793303,2940.028188073144,16.666666666666668,0.6666666666666666,35549.0
1120057000,서울특별시 성동구 행당2동,성동구,4.9333,8.5792,2.44,매우낮음,0.1664,0.75,3.32,0.0,0.0,18918.9002334607,3148.2671186681223,9.333333333333334,0.6666666666666666,16695.0
1165057000,서울특별시 서초구 반포2동,서초구,4.9169,8.5676,2.43,매우낮음,0.1216,0.4541,5.94,0.0,0.0,17626.17588595342,2143.113136062591,8.666666666666666,0.6666666666666666,36211.0
1168060000,서울특별시 강남구 대치1동,강남구,5.9778,8.5185,2.41,매우낮음,0.097,0.5206,4.83,0.0,0.0,28996.301204175765,2811.886928129549,17.333333333333332,0.6666666666666666,40768.333333333336
1171067000,서울특별시 송파구 잠실2동,송파구,5.3088,8.4756,2.39,매우낮음,0.1132,0.4684,6.28,0.0,0.0,31394.14752054221,3552.259849918122,16.666666666666668,1.6666666666666667,48758.0
1168065500,서울특별시 강남구 도곡1동,강남구,5.3845,8.2902,2.31,매우낮음,0.1395,0.5206,4.83,0.0,0.0,35286.71084738901,4922.0320650564045,19.0,0.6666666666666666,57268.0
1171063100,서울특별시 송파구 가락1동,송파구,7.7509,8.2583,2.29,매우낮음,0.1527,0.4684,6.28,0.0,0.0,29674.105563800946,4531.973043950145,23.0,0.3333333333333333,25887.666666666668
1174051500,서울특별시 강동구 강일동,강동구,4.784,8.2662,2.29,매우낮음,0.1546,0.5642,4.1,0.0,0.0,50166.89970117359,7754.642119022926,24.0,2.0,169184.33333333334
1147055000,서울특별시 양천구 목5동,양천구,4.9925,8.1938,2.26,매우낮음,0.1232,0.6145,3.1,0.0,0.0,38057.33165444869,4688.344440602256,19.0,0.6666666666666666,47546.333333333336
1168072000,서울특별시 강남구 일원본동,강남구,4.9895,8.1714,2.25,매우낮음,0.1774,0.5206,4.83,0.0,0.0,24718.475383660847,4385.009926992359,12.333333333333334,0.3333333333333333,27319.0
1168065600,서울특별시 강남구 도곡2동,강남구,6.7259,7.9585,2.15,매우낮음,0.1348,0.5206,4.83,0.0,0.0,29735.736960098253,4007.652062963974,20.0,0.0,115573.33333333331
1135058000,서울특별시 노원구 월계3동,노원구,5.1962,7.865,2.11,매우낮음,0.1996,0.646,3.44,0.0,0.0,24376.8894316139,4866.467614819869,12.666666666666666,0.6666666666666666,13988.0
1165058100,서울특별시 서초구 반포4동,서초구,6.865,7.8207,2.09,매우낮음,0.1356,0.4541,5.94,0.0,0.0,43214.64422140648,5860.455373671761,29.666666666666668,1.0,34255.333333333336
1120059000,서울특별시 성동구 금호1가동,성동구,4.7151,7.6594,2.01,매우낮음,0.1637,0.75,3.32,0.0,0.0,14845.85357933952,2431.008034252184,7.0,0.0,5769.666666666667
1135071000,서울특별시 노원구 상계9동,노원구,5.7087,7.4722,1.93,매우낮음,0.1804,0.646,3.44,0.0,0.0,17517.009994832606,3160.862609725255,10.0,0.0,4975.666666666667
1165058000,서울특별시 서초구 반포3동,서초구,7.4447,7.2164,1.81,매우낮음,0.1393,0.4541,5.94,0.0,0.0,24626.15734282205,3431.203368868268,18.33333333333333,0.0,27858.0
1168067000,서울특별시 강남구 개포2동,강남구,5.5197,7.0811,1.74,매우낮음,0.1607,0.5206,4.83,0.0,0.0,28987.261837991267,4659.319259843523,16.0,0.0,39786.0
1171069000,서울특별시 송파구 잠실4동,송파구,2.973,6.6939,1.56,매우낮음,0.1391,0.4684,6.28,0.0,0.0,20181.715677256187,2806.9397476528384,6.0,0.0,15076.666666666666
1171064700,서울특별시 송파구 위례동,송파구,3.8008,5.906,1.2,매우낮음,0.0902,0.4684,6.28,0.0,0.0,42972.95809767104,3875.5431315047294,16.333333333333332,0.0,46095.0
1171071000,서울특별시 송파구 잠실6동,송파구,4.584,5.5329,1.02,매우낮음,0.1191,0.4684,6.28,0.0,0.0,40721.40901150837,4849.648031149927,18.666666666666668,0.0,41707.333333333336
1171068000,서울특별시 송파구 잠실3동,송파구,3.9627,5.4825,1.0,매우낮음,0.1325,0.4684,6.28,0.0,0.0,45423.212906231805,6017.779650554949,18.0,0.0,25354.666666666668
